# Blender 4.2.3 LTS
# www.blender.org
mtllib bookshielf.mtl
o Cube
v 0.746840 -4.829504 0.531690
v 0.746840 -3.706865 0.531690
v 4.227422 -4.829504 0.531690
v 4.227422 -3.706865 0.531690
v 2.487131 -4.829504 0.531690
v 2.487131 -3.255972 0.531690
v 0.619841 -3.687828 0.531690
v 0.619841 -4.869695 0.531690
v 2.487131 -4.869695 0.531690
v 2.487131 -3.204030 0.531690
v 2.487131 -3.255972 0.531690
v 2.487131 -4.829504 0.531690
v 0.746840 -3.706865 0.531690
v 0.746840 -4.829504 0.531690
v 4.227422 -3.706865 0.531690
v 4.227422 -4.829504 0.531690
v -0.746840 -4.829504 0.531690
v -0.746840 -3.706865 0.531690
v -4.227422 -4.829504 0.531690
v -4.227422 -3.706865 0.531690
v -2.487131 -4.829504 0.531690
v -2.487131 -3.255972 0.531690
v -0.619841 -3.687828 0.531690
v -0.619841 -4.869695 0.531690
v -2.487131 -4.869695 0.531690
v -2.487131 -3.204030 0.531690
v -2.487131 -3.255972 0.531690
v -2.487131 -4.829504 0.531690
v -0.746840 -3.706865 0.531690
v -0.746840 -4.829504 0.531690
v -4.227422 -3.706865 0.531690
v -4.227422 -4.829504 0.531690
v 0.404424 -5.071094 0.512277
v 0.404424 -3.081819 0.512277
v 4.476040 -5.071094 0.512277
v 4.476040 -3.081819 0.512277
v 0.527720 -5.010855 0.512277
v 0.527720 -3.142058 0.512277
v 4.352743 -3.142058 0.512277
v 4.352743 -5.010855 0.512277
v -0.404424 -5.071094 0.512277
v -0.404424 -3.081819 0.512277
v -4.476040 -5.071094 0.512277
v -4.476040 -3.081819 0.512277
v -0.527720 -5.010855 0.512277
v -0.527720 -3.142058 0.512277
v -4.352743 -3.142058 0.512277
v -4.352743 -5.010855 0.512277
v 5.008690 5.582849 -0.723178
v 5.008690 -5.582849 -0.723178
v 5.008690 5.582849 0.723178
v 5.008690 -5.582849 0.723178
v -5.008690 5.582849 -0.723178
v -5.008690 -5.582849 -0.723178
v -5.008690 5.582849 0.723178
v -5.008690 -5.582849 0.723178
v 0.000000 -5.582849 -0.723178
v 0.000000 5.582849 0.723178
v 0.000000 -5.582849 0.723178
v 0.000000 5.582849 -0.723178
v 5.008690 -3.127019 -0.723178
v -5.008690 -3.127019 0.723178
v 5.008690 -3.127019 0.723178
v -5.008690 -3.127019 -0.723178
v 0.000000 -3.127019 -0.723178
v 0.000000 -3.127019 0.723178
v -0.227372 -2.873583 0.723178
v -0.227372 5.329413 0.723178
v -4.781318 5.329413 0.723178
v -4.781318 -2.873583 0.723178
v 4.781318 -2.873583 0.723178
v 4.781318 5.329413 0.723178
v 0.227372 5.329413 0.723178
v 0.227372 -2.873583 0.723178
v -0.227372 5.329413 -0.682025
v -0.227372 -2.873583 -0.682025
v -4.781318 -2.873583 -0.682025
v -4.781318 5.329413 -0.682025
v 4.781318 5.329413 -0.682025
v 4.781318 -2.873583 -0.682025
v 0.227372 -2.873583 -0.682025
v 0.227372 5.329413 -0.682025
v 4.476040 -5.071094 0.723178
v 4.476040 -3.081819 0.723178
v 0.404424 -3.081819 0.723178
v 0.404424 -5.071094 0.723178
v 4.476040 -3.127019 0.723178
v 0.527720 -5.010855 0.723178
v 4.352743 -3.142058 0.723178
v 0.527720 -3.142058 0.723178
v 4.352743 -5.010855 0.723178
v 0.404423 -3.127019 0.723178
v -4.476040 -3.081819 0.723178
v -0.404424 -3.127019 0.723178
v -0.404424 -3.081819 0.723178
v -0.404424 -3.325314 0.723178
v -0.404424 -5.071094 0.723178
v -4.476040 -5.071094 0.723178
v -0.527720 -3.142058 0.723178
v -0.527720 -5.010855 0.723178
v -4.352743 -5.010855 0.723178
v -0.527720 -3.385767 0.723178
v -4.352743 -3.142058 0.723178
v -4.476040 -3.127019 0.723178
v 4.352743 -3.688079 0.531690
v 4.352743 -4.869695 0.531690
v 2.487131 -4.869695 0.723178
v 4.352743 -4.869164 0.531690
v 4.352743 -4.869695 0.723178
v 2.487131 -3.204030 0.723178
v 4.352743 -3.687393 0.723178
v 4.352743 -3.687393 0.531690
v 4.227422 -4.829505 0.723178
v 4.227422 -3.706865 0.723178
v 2.487131 -4.829505 0.723178
v 2.487131 -3.255972 0.723178
v 0.746840 -4.829505 0.723178
v 0.746840 -3.706865 0.723178
v 0.619841 -3.687828 0.723178
v 0.619841 -4.869695 0.723178
v -0.619841 -4.869695 0.723178
v -0.619841 -3.687828 0.723178
v -2.487131 -3.204030 0.723178
v -2.487131 -4.869695 0.723178
v -0.746840 -3.706865 0.723178
v -2.487131 -3.255972 0.723178
v -2.487131 -4.829505 0.723178
v -0.746840 -4.829505 0.723178
v -4.352743 -4.869695 0.531690
v -4.352743 -4.869164 0.531690
v -4.352743 -3.688079 0.531690
v -4.352743 -3.687393 0.531690
v -4.227422 -3.706865 0.723178
v -4.227422 -4.829505 0.723178
v -4.352743 -3.687393 0.723178
v -4.352743 -4.869695 0.723178
v 0.213732 -1.376653 0.679265
v 0.213732 -1.145691 0.679265
v 0.213732 -1.376653 -0.679265
v 0.213732 -1.145691 -0.679265
v 4.793761 -1.376653 0.679265
v 4.793761 -1.145691 0.679265
v 4.793761 -1.376653 -0.679265
v 4.793761 -1.145691 -0.679265
v 0.213732 0.240083 0.679265
v 0.213732 0.471045 0.679265
v 0.213732 0.240083 -0.679265
v 0.213732 0.471045 -0.679265
v 4.793761 0.240083 0.679265
v 4.793761 0.471045 0.679265
v 4.793761 0.240083 -0.679265
v 4.793761 0.471045 -0.679265
v 0.213732 1.856819 0.679265
v 0.213732 2.087781 0.679265
v 0.213732 1.856819 -0.679265
v 0.213732 2.087781 -0.679265
v 4.793761 1.856819 0.679265
v 4.793761 2.087781 0.679265
v 4.793761 1.856819 -0.679265
v 4.793761 2.087781 -0.679265
v 0.213732 3.473555 0.679265
v 0.213732 3.704517 0.679265
v 0.213732 3.473555 -0.679265
v 0.213732 3.704517 -0.679265
v 4.793761 3.473555 0.679265
v 4.793761 3.704517 0.679265
v 4.793761 3.473555 -0.679265
v 4.793761 3.704517 -0.679265
v -0.213732 -1.376653 0.679265
v -0.213732 -1.145691 0.679265
v -0.213732 -1.376653 -0.679265
v -0.213732 -1.145691 -0.679265
v -4.793761 -1.376653 0.679265
v -4.793761 -1.145691 0.679265
v -4.793761 -1.376653 -0.679265
v -4.793761 -1.145691 -0.679265
v -0.213732 0.240083 0.679265
v -0.213732 0.471045 0.679265
v -0.213732 0.240083 -0.679265
v -0.213732 0.471045 -0.679265
v -4.793761 0.240083 0.679265
v -4.793761 0.471045 0.679265
v -4.793761 0.240083 -0.679265
v -4.793761 0.471045 -0.679265
v -0.213732 1.856819 0.679265
v -0.213732 2.087781 0.679265
v -0.213732 1.856819 -0.679265
v -0.213732 2.087781 -0.679265
v -4.793761 1.856819 0.679265
v -4.793761 2.087781 0.679265
v -4.793761 1.856819 -0.679265
v -4.793761 2.087781 -0.679265
v -0.213732 3.473555 0.679265
v -0.213732 3.704517 0.679265
v -0.213732 3.473555 -0.679265
v -0.213732 3.704517 -0.679265
v -4.793761 3.473555 0.679265
v -4.793761 3.704517 0.679265
v -4.793761 3.473555 -0.679265
v -4.793761 3.704517 -0.679265
v -4.988225 4.520324 0.785880
v -4.988225 5.313130 0.785880
v -4.988225 4.519012 0.463294
v -4.988225 5.311889 0.463294
v 4.988225 4.520324 0.785880
v 4.988225 5.313130 0.785880
v 4.988225 4.519012 0.463294
v 4.988225 5.311889 0.463294
v 4.156854 4.619334 0.463294
v 3.325483 4.733089 0.463294
v 2.494112 4.839653 0.463294
v 1.662741 4.918407 0.463294
v 0.831370 4.948889 0.463294
v -0.000000 4.948889 0.463294
v -0.831371 4.948889 0.463294
v -1.662742 4.918407 0.463294
v -2.494112 4.839653 0.463294
v -3.325483 4.733089 0.463294
v -4.156854 4.619333 0.463294
v -4.156854 5.407522 0.463294
v -3.325483 5.516593 0.463294
v -2.494112 5.618547 0.463294
v -1.662741 5.693034 0.463294
v -0.831370 5.721083 0.463294
v 0.000000 5.721083 0.463294
v 0.831371 5.721083 0.463294
v 1.662742 5.693034 0.463294
v 2.494112 5.618547 0.463294
v 3.325483 5.516593 0.463294
v 4.156854 5.407522 0.463294
v -4.156854 4.621420 0.785880
v -3.325483 4.735950 0.785880
v -2.494112 4.843284 0.785880
v -1.662741 4.922801 0.785880
v -0.831370 4.953886 0.785880
v 0.000000 4.953886 0.785880
v 0.831371 4.953886 0.785880
v 1.662742 4.922801 0.785880
v 2.494112 4.843284 0.785880
v 3.325483 4.735950 0.785880
v 4.156854 4.621420 0.785880
v 4.156854 5.409520 0.785880
v 3.325483 5.519336 0.785880
v 2.494112 5.622007 0.785880
v 1.662741 5.697130 0.785880
v 0.831370 5.725499 0.785880
v -0.000000 5.725499 0.785880
v -0.831371 5.725499 0.785880
v -1.662742 5.697130 0.785880
v -2.494112 5.622007 0.785880
v -3.325483 5.519336 0.785880
v -4.156854 5.409520 0.785880
v -5.227094 5.320437 0.914113
v -5.227094 5.819529 0.914113
v -5.227094 5.320437 -0.914113
v -5.227094 5.819529 -0.914113
v 5.227094 5.320437 0.914113
v 5.227094 5.819529 0.914113
v 5.227094 5.320437 -0.914113
v 5.227094 5.819529 -0.914113
v -4.655941 -2.928176 0.782331
v -4.655941 -2.807871 0.782331
v -4.655941 -2.928176 -0.732269
v -4.655941 -2.807871 -0.732269
v 4.655941 -2.928176 0.782331
v 4.655941 -2.807871 0.782331
v 4.655941 -2.928176 -0.732269
v 4.655941 -2.807871 -0.732269
v 4.595037 -5.724088 0.901776
v 4.595037 -5.156253 0.901776
v 4.595037 -5.724088 0.333942
v 4.595037 -5.156253 0.333942
v 5.162872 -5.724088 0.901776
v 5.162872 -5.156253 0.901776
v 5.162872 -5.724088 0.333942
v 5.162872 -5.156253 0.333942
v -4.595038 -5.724088 0.901776
v -4.595038 -5.156254 0.901776
v -4.595038 -5.724088 0.333942
v -4.595038 -5.156254 0.333942
v -5.162873 -5.724088 0.901776
v -5.162873 -5.156254 0.901776
v -5.162873 -5.724088 0.333942
v -5.162873 -5.156254 0.333942
v 4.595037 -5.724088 -0.901776
v 4.595037 -5.156254 -0.901776
v 4.595037 -5.724088 -0.333942
v 4.595037 -5.156254 -0.333942
v 5.162871 -5.724088 -0.901776
v 5.162871 -5.156254 -0.901776
v 5.162871 -5.724088 -0.333942
v 5.162871 -5.156254 -0.333942
v -4.595038 -5.724088 -0.901776
v -4.595038 -5.156254 -0.901776
v -4.595038 -5.724088 -0.333942
v -4.595038 -5.156254 -0.333942
v -5.162873 -5.724088 -0.901776
v -5.162873 -5.156254 -0.901776
v -5.162873 -5.724088 -0.333942
v -5.162873 -5.156254 -0.333942
v -0.282559 -5.724635 0.901776
v -0.282559 -5.156800 0.901776
v -0.282559 -5.724635 0.333942
v -0.282559 -5.156800 0.333942
v 0.285275 -5.724635 0.901776
v 0.285275 -5.156800 0.901776
v 0.285275 -5.724635 0.333942
v 0.285275 -5.156800 0.333942
v 5.090821 -5.156253 0.405993
v 4.667089 -5.156253 0.405993
v 4.667089 -5.156253 0.829725
v 5.090821 -5.156253 0.829725
v -5.090821 -5.156254 0.405993
v -5.090821 -5.156254 0.829725
v -4.667090 -5.156254 0.829725
v -4.667090 -5.156254 0.405993
v 5.090820 -5.156254 -0.405993
v 5.090820 -5.156254 -0.829725
v 4.667088 -5.156254 -0.829725
v 4.667088 -5.156254 -0.405993
v -5.090821 -5.156254 -0.405993
v -4.667090 -5.156254 -0.405993
v -4.667090 -5.156254 -0.829725
v -5.090821 -5.156254 -0.829725
v 0.230237 -5.156800 0.388980
v -0.227521 -5.156800 0.388980
v -0.227521 -5.156800 0.846738
v 0.230237 -5.156800 0.846738
v 4.667089 -5.156253 0.405993
v 5.090821 -5.156253 0.405993
v 5.090821 -5.156253 0.829725
v 4.667089 -5.156253 0.829725
v -5.090821 -5.156254 0.405993
v -5.090821 -5.156254 0.829725
v -4.667090 -5.156254 0.405993
v -4.667090 -5.156254 0.829725
v 5.090820 -5.156254 -0.405993
v 5.090820 -5.156254 -0.829725
v 4.667088 -5.156254 -0.405993
v 4.667088 -5.156254 -0.829725
v -4.667090 -5.156254 -0.405993
v -5.090821 -5.156254 -0.405993
v -5.090821 -5.156254 -0.829725
v -4.667090 -5.156254 -0.829725
v 4.667089 -5.156253 0.405993
v 5.090821 -5.156253 0.405993
v 5.090821 -5.156253 0.829725
v 4.667089 -5.156253 0.829725
v -5.090821 -5.156254 0.405993
v -5.090821 -5.156254 0.829725
v -4.667090 -5.156254 0.405993
v -4.667090 -5.156254 0.829725
v 5.090820 -5.156254 -0.405993
v 5.090820 -5.156254 -0.829725
v 4.667088 -5.156254 -0.405993
v 4.667088 -5.156254 -0.829725
v -4.667090 -5.156254 -0.405993
v -5.090821 -5.156254 -0.405993
v -5.090821 -5.156254 -0.829725
v -4.667090 -5.156254 -0.829725
v 4.667089 5.584985 0.405993
v 5.090821 5.584985 0.405993
v 5.090821 5.584985 0.829725
v 4.667089 5.584985 0.829725
v -5.090821 5.584985 0.405993
v -5.090821 5.584985 0.829725
v -4.667090 5.584985 0.405993
v -4.667090 5.584985 0.829725
v 5.090820 5.584985 -0.405993
v 5.090820 5.584985 -0.829725
v 4.667088 5.584985 -0.405993
v 4.667088 5.584985 -0.829725
v -4.667090 5.584985 -0.405993
v -5.090821 5.584985 -0.405993
v -5.090821 5.584985 -0.829725
v -4.667090 5.584985 -0.829725
v -0.227521 5.592931 0.388980
v 0.230237 5.592931 0.388980
v 0.230237 5.592931 0.846738
v -0.227521 5.592931 0.846738
v 4.595037 -5.724088 0.901776
v 4.595037 -5.156253 0.901776
v 4.595037 -5.724088 0.333942
v 4.595037 -5.156253 0.333942
v 5.162872 -5.724088 0.901776
v 5.162872 -5.156253 0.901776
v 5.162872 -5.724088 0.333942
v 5.162872 -5.156253 0.333942
v -4.595038 -5.724088 0.901776
v -4.595038 -5.156254 0.901776
v -4.595038 -5.724088 0.333942
v -4.595038 -5.156254 0.333942
v -5.162873 -5.724088 0.901776
v -5.162873 -5.156254 0.901776
v -5.162873 -5.724088 0.333942
v -5.162873 -5.156254 0.333942
v 4.595037 -5.724088 -0.901776
v 4.595037 -5.156254 -0.901776
v 4.595037 -5.724088 -0.333942
v 4.595037 -5.156254 -0.333942
v 5.162871 -5.724088 -0.901776
v 5.162871 -5.156254 -0.901776
v 5.162871 -5.724088 -0.333942
v 5.162871 -5.156254 -0.333942
v -4.595038 -5.724088 -0.901776
v -4.595038 -5.156254 -0.901776
v -4.595038 -5.724088 -0.333942
v -4.595038 -5.156254 -0.333942
v -5.162873 -5.724088 -0.901776
v -5.162873 -5.156254 -0.901776
v -5.162873 -5.724088 -0.333942
v -5.162873 -5.156254 -0.333942
v -5.039973 -5.718196 0.800193
v -5.039973 -5.236970 0.800193
v -5.039973 -5.718196 -0.800193
v -5.039973 -5.236970 -0.800193
v 5.039973 -5.718196 0.800193
v 5.039973 -5.236970 0.800193
v 5.039973 -5.718196 -0.800193
v 5.039973 -5.236970 -0.800193
vn -0.0000 1.0000 -0.0000
vn 0.2508 -0.9680 -0.0000
vn -0.0000 -0.0000 1.0000
vn 0.2508 0.9680 -0.0000
vn -0.0000 -1.0000 -0.0000
vn -1.0000 -0.0000 -0.0000
vn -0.2508 0.9680 -0.0000
vn 1.0000 -0.0000 -0.0000
vn -0.2508 -0.9680 -0.0000
vn -0.0000 -0.0000 -1.0000
vn -0.1203 -0.9927 0.0052
vn -0.1147 0.9934 -0.0050
vn 0.1147 0.9934 -0.0050
vn 0.1305 0.9914 -0.0073
vn 0.1221 0.9925 -0.0095
vn 0.0896 0.9959 -0.0117
vn 0.0339 0.9993 -0.0132
vn -0.0000 0.9999 -0.0137
vn -0.0339 0.9993 -0.0132
vn -0.0896 0.9959 -0.0117
vn -0.1221 0.9925 -0.0095
vn -0.1305 0.9914 -0.0073
vn 0.1203 -0.9927 0.0052
vn 0.1360 -0.9907 0.0076
vn 0.1276 -0.9918 0.0100
vn 0.0948 -0.9954 0.0124
vn 0.0370 -0.9992 0.0145
vn -0.0000 -0.9999 0.0155
vn -0.0370 -0.9992 0.0145
vn -0.0948 -0.9954 0.0124
vn -0.1276 -0.9918 0.0100
vn -0.1360 -0.9907 0.0076
vt 0.284738 0.349071
vt 0.568925 0.862936
vt 0.562939 0.862936
vt 0.562939 0.804612
vt 0.568925 0.804612
vt 0.550966 0.862936
vt 0.556952 0.862936
vt 0.556911 0.921313
vt 0.550925 0.921313
vt 0.568925 0.921313
vt 0.562939 0.921313
vt 0.247346 0.752675
vt 0.246751 0.748705
vt 0.283700 0.748705
vt 0.282443 0.752675
vt 0.283700 0.807081
vt 0.282443 0.807081
vt 0.247346 0.861488
vt 0.246759 0.865406
vt 0.246738 0.865406
vt 0.231626 0.807081
vt 0.233250 0.807081
vt 0.282443 0.861488
vt 0.283683 0.865406
vt 0.283700 0.865406
vt 0.580923 0.859018
vt 0.574937 0.859018
vt 0.574962 0.804612
vt 0.580948 0.804612
vt 0.586935 0.913425
vt 0.580948 0.913425
vt 0.580948 0.859018
vt 0.586935 0.859018
vt 0.528482 0.879429
vt 0.522495 0.879429
vt 0.522495 0.844332
vt 0.528482 0.844332
vt 0.580948 0.913425
vt 0.574962 0.913425
vt 0.391251 0.861555
vt 0.397237 0.861555
vt 0.397237 0.896651
vt 0.391251 0.896651
vt 0.580948 0.804612
vt 0.586935 0.804612
vt 0.562939 0.862989
vt 0.556952 0.921313
vt 0.556952 0.862989
vt 0.681566 0.840880
vt 0.681608 0.899257
vt 0.675621 0.899257
vt 0.675580 0.840880
vt 0.562939 0.804612
vt 0.556952 0.804612
vt 0.779444 0.861435
vt 0.814541 0.861435
vt 0.815797 0.865405
vt 0.778849 0.865405
vt 0.814541 0.807029
vt 0.815797 0.807029
vt 0.779444 0.752622
vt 0.765347 0.807029
vt 0.763724 0.807029
vt 0.778835 0.748704
vt 0.778856 0.748704
vt 0.814541 0.752622
vt 0.815780 0.748704
vt 0.815797 0.748704
vt 0.574912 0.859018
vt 0.574937 0.913425
vt 0.568950 0.913425
vt 0.568925 0.859018
vt 0.592921 0.804612
vt 0.592921 0.859018
vt 0.586935 0.859018
vt 0.586935 0.804612
vt 0.628425 0.876657
vt 0.628425 0.841560
vt 0.634412 0.841560
vt 0.634412 0.876657
vt 0.574937 0.804612
vt 0.568950 0.804612
vt 0.247698 0.865406
vt 0.247698 0.900502
vt 0.241711 0.900502
vt 0.241711 0.865406
vt 0.592921 0.913425
vt 0.586935 0.913425
vt 0.804502 0.256449
vt 0.811095 0.256449
vt 0.811095 0.273497
vt 0.805109 0.273497
vt 0.805109 0.273519
vt 0.805109 0.310443
vt 0.805109 0.310460
vt 0.811095 0.310460
vt 0.811095 0.314873
vt 0.804502 0.314873
vt 0.778129 0.318639
vt 0.771535 0.318639
vt 0.771535 0.257862
vt 0.771535 0.256449
vt 0.778129 0.256449
vt 0.856719 0.476361
vt 0.850126 0.476361
vt 0.850126 0.349071
vt 0.856719 0.349071
vt 0.662393 0.909846
vt 0.655800 0.909846
vt 0.655800 0.782556
vt 0.662393 0.782556
vt 0.124381 0.605520
vt 0.122497 0.609375
vt 0.064074 0.609375
vt 0.062190 0.605520
vt 0.064074 0.728956
vt 0.062190 0.732810
vt 0.122497 0.728956
vt 0.124381 0.732810
vt 0.715203 0.923729
vt 0.708610 0.923729
vt 0.708610 0.804148
vt 0.715203 0.804148
vt 0.863503 0.742017
vt 0.856909 0.742017
vt 0.856909 0.622436
vt 0.863503 0.622436
vt 0.817689 0.314873
vt 0.811095 0.314873
vt 0.811095 0.256449
vt 0.817689 0.256449
vt 0.824282 0.256449
vt 0.824282 0.314873
vt 0.817689 0.310460
vt 0.823675 0.310460
vt 0.823675 0.310443
vt 0.823675 0.273519
vt 0.823675 0.273497
vt 0.817689 0.273497
vt 0.784722 0.256449
vt 0.784722 0.257862
vt 0.784722 0.318639
vt 0.655800 0.782556
vt 0.649206 0.909846
vt 0.649206 0.782556
vt 0.668986 0.782556
vt 0.668986 0.909846
vt 0.662393 0.909846
vt 0.662393 0.782556
vt 0.062190 0.732810
vt -0.000000 0.732810
vt 0.001883 0.728956
vt 0.060307 0.728956
vt 0.000000 0.605520
vt 0.001883 0.609375
vt 0.062190 0.605520
vt 0.060307 0.609375
vt 0.550925 0.804612
vt 0.550925 0.924193
vt 0.544331 0.924193
vt 0.544331 0.804612
vt 0.675580 0.782556
vt 0.675580 0.902137
vt 0.668986 0.902137
vt 0.668986 0.782556
vt 0.797909 0.314873
vt 0.797909 0.256449
vt 0.804502 0.264068
vt 0.589548 0.505657
vt 0.589548 0.662243
vt 0.544331 0.662243
vt 0.544331 0.505657
vt 0.763724 0.349071
vt 0.763724 0.605520
vt 0.719793 0.605520
vt 0.719793 0.349071
vt 0.626343 0.272295
vt 0.626343 0.000000
vt 0.671560 0.000000
vt 0.671560 0.272295
vt 0.634765 0.505657
vt 0.634765 0.662243
vt 0.589548 0.662243
vt 0.589548 0.505657
vt 0.399049 0.621366
vt 0.399049 0.349071
vt 0.444266 0.349071
vt 0.444266 0.621366
vt 0.469757 0.272295
vt 0.469757 0.000000
vt 0.626343 0.000000
vt 0.626343 0.272295
vt 0.313172 0.272295
vt 0.313172 0.000000
vt 0.634765 0.349071
vt 0.589548 0.349071
vt 0.719793 0.747889
vt 0.719793 0.605520
vt 0.763724 0.605520
vt 0.763724 0.747889
vt 0.589548 0.349071
vt 0.544331 0.349071
vt 0.000000 0.349071
vt 0.000000 0.272295
vt 0.016652 0.272295
vt 0.016652 0.333072
vt 0.143942 0.333072
vt 0.143942 0.272295
vt 0.156586 0.272295
vt 0.156586 0.349071
vt 0.313172 0.349071
vt 0.469757 0.349071
vt 0.626343 0.349071
vt 0.399049 0.698142
vt 0.444266 0.698142
vt 0.626343 0.349071
vt 0.671560 0.349071
vt 0.169229 0.272295
vt 0.169229 0.278494
vt 0.169229 0.333072
vt 0.296519 0.333072
vt 0.296519 0.272295
vt 0.313172 0.272295
vt 0.313172 0.349071
vt 0.156586 0.000000
vt 0.163694 0.007923
vt 0.163694 0.264372
vt 0.313172 0.000000
vt 0.306063 0.007923
vt 0.306063 0.264372
vt 0.296519 0.270882
vt 0.169229 0.270882
vt 0.000000 0.000000
vt 0.007108 0.007923
vt 0.007108 0.264372
vt 0.149477 0.007923
vt 0.149477 0.264372
vt 0.143942 0.270882
vt 0.016652 0.270882
vt -0.000000 0.605520
vt -0.000000 0.349071
vt 0.142369 0.349071
vt 0.142369 0.605520
vt 0.284738 0.349071
vt 0.284738 0.605520
vt 0.634765 0.782556
vt 0.634765 0.640187
vt 0.678696 0.640187
vt 0.678696 0.782556
vt 0.544331 0.804612
vt 0.544331 0.662243
vt 0.588262 0.662243
vt 0.588262 0.804612
vt 0.756491 0.256449
vt 0.756491 0.000000
vt 0.800421 0.000000
vt 0.800421 0.256449
vt 0.632192 0.662243
vt 0.632192 0.804612
vt 0.807654 0.349071
vt 0.807654 0.605520
vt 0.844352 0.000000
vt 0.844352 0.256449
vt 0.791315 0.256449
vt 0.791315 0.318639
vt 0.784722 0.264061
vt 0.182805 0.725101
vt 0.182805 0.605520
vt 0.241228 0.605520
vt 0.241228 0.725101
vt 0.236815 0.725101
vt 0.236815 0.666777
vt 0.236815 0.608400
vt 0.199867 0.608400
vt 0.184742 0.666777
vt 0.199853 0.725101
vt 0.132000 0.725101
vt 0.124381 0.725101
vt 0.124381 0.605520
vt 0.141429 0.605520
vt 0.126318 0.663844
vt 0.141443 0.722221
vt 0.178391 0.722221
vt 0.178391 0.663844
vt 0.178391 0.605520
vt 0.182805 0.605520
vt 0.797909 0.318639
vt 0.791315 0.318639
vt 0.791315 0.256449
vt 0.797909 0.256449
vt 0.797909 0.257862
vt 0.681608 0.782556
vt 0.675621 0.782556
vt 0.550925 0.804612
vt 0.556911 0.804612
vt 0.628425 0.804612
vt 0.634412 0.804612
vt 0.634412 0.841560
vt 0.628425 0.841560
vt 0.522495 0.807383
vt 0.528482 0.807383
vt 0.807654 0.601069
vt 0.807654 0.546662
vt 0.807654 0.492256
vt 0.842751 0.492256
vt 0.856847 0.546662
vt 0.842751 0.601069
vt 0.850894 0.748704
vt 0.864990 0.803111
vt 0.850894 0.857517
vt 0.815797 0.857517
vt 0.815797 0.803111
vt 0.815797 0.748704
vt 0.441774 0.883798
vt 0.434553 0.883798
vt 0.434553 0.841327
vt 0.441774 0.841327
vt 0.855887 0.748704
vt 0.848666 0.748704
vt 0.848666 0.605520
vt 0.855887 0.605520
vt 0.522495 0.892326
vt 0.515275 0.892326
vt 0.515275 0.849855
vt 0.522495 0.849855
vt 0.092163 0.875995
vt 0.084943 0.875995
vt 0.084943 0.732810
vt 0.092163 0.732810
vt 0.850126 0.349071
vt 0.850126 0.492256
vt 0.807654 0.492256
vt 0.807654 0.349071
vt 0.283700 0.605520
vt 0.283700 0.748704
vt 0.241228 0.748704
vt 0.241228 0.605520
vt 0.849296 0.341148
vt 0.842075 0.341148
vt 0.842075 0.298677
vt 0.849296 0.298677
vt 0.641986 0.925741
vt 0.634765 0.925741
vt 0.634765 0.782556
vt 0.641986 0.782556
vt 0.522495 0.849855
vt 0.515275 0.849855
vt 0.515275 0.807383
vt 0.522495 0.807383
vt 0.216544 0.868286
vt 0.209323 0.868286
vt 0.209323 0.725101
vt 0.216544 0.725101
vt 0.166852 0.725101
vt 0.166852 0.868286
vt 0.124381 0.868286
vt 0.124381 0.725101
vt 0.806195 0.605520
vt 0.806195 0.748704
vt 0.763724 0.748704
vt 0.763724 0.605520
vt 0.858522 0.899989
vt 0.851301 0.899989
vt 0.851301 0.857517
vt 0.858522 0.857517
vt 0.649206 0.925741
vt 0.641986 0.925741
vt 0.649206 0.782556
vt 0.865742 0.899989
vt 0.858522 0.899989
vt 0.858522 0.857517
vt 0.865742 0.857517
vt 0.715831 0.804148
vt 0.708610 0.804148
vt 0.708610 0.660963
vt 0.715831 0.660963
vt 0.209323 0.725101
vt 0.166852 0.868285
vt 0.166852 0.725101
vt 0.486738 0.664199
vt 0.486738 0.807383
vt 0.444266 0.807383
vt 0.444266 0.664199
vt 0.451487 0.903111
vt 0.444266 0.903111
vt 0.444266 0.860640
vt 0.451487 0.860640
vt 0.376902 0.819083
vt 0.369681 0.819083
vt 0.369681 0.675898
vt 0.376902 0.675898
vt 0.458707 0.903111
vt 0.458707 0.860640
vt 0.391343 0.819083
vt 0.384122 0.819083
vt 0.384122 0.675898
vt 0.391343 0.675898
vt 0.042471 0.732810
vt 0.042471 0.875995
vt 0.000000 0.875995
vt 0.000000 0.732810
vt 0.529209 0.664199
vt 0.529209 0.807383
vt 0.486738 0.807383
vt 0.486738 0.664199
vt 0.465928 0.860640
vt 0.465928 0.903111
vt 0.099384 0.732810
vt 0.099384 0.875995
vt 0.092163 0.875995
vt 0.092163 0.732810
vt 0.473148 0.860640
vt 0.473148 0.903111
vt 0.223764 0.725101
vt 0.223764 0.868286
vt 0.216544 0.725101
vt 0.084943 0.875995
vt 0.042471 0.875995
vt 0.042471 0.732810
vt 0.084943 0.732810
vt 0.327210 0.819083
vt 0.284738 0.819083
vt 0.284738 0.675898
vt 0.327210 0.675898
vt 0.856517 0.298677
vt 0.856516 0.341148
vt 0.106604 0.732810
vt 0.106604 0.875995
vt 0.099384 0.875995
vt 0.099384 0.732810
vt 0.398471 0.819083
vt 0.398471 0.861555
vt 0.391251 0.819083
vt 0.113825 0.732810
vt 0.113825 0.875995
vt 0.106604 0.875995
vt 0.106604 0.732810
vt 0.886823 0.143185
vt 0.844352 0.143185
vt 0.844352 0.000000
vt 0.886823 0.000000
vt 0.369681 0.819083
vt 0.327210 0.819083
vt 0.327210 0.675899
vt 0.369681 0.675899
vt 0.480369 0.860640
vt 0.480369 0.903111
vt 0.473148 0.903111
vt 0.473148 0.860640
vt 0.230985 0.725101
vt 0.230985 0.868286
vt 0.223764 0.868286
vt 0.223764 0.725101
vt 0.487590 0.860640
vt 0.487590 0.903111
vt 0.480369 0.903111
vt 0.480369 0.860640
vt 0.121045 0.732810
vt 0.121045 0.875995
vt 0.113825 0.875995
vt 0.886823 0.286369
vt 0.844352 0.286369
vt 0.844352 0.143185
vt 0.886823 0.143185
vt 0.441520 0.841327
vt 0.399049 0.841327
vt 0.399049 0.698142
vt 0.441520 0.698142
vt 0.494810 0.860640
vt 0.494810 0.903111
vt 0.398563 0.675898
vt 0.398563 0.819083
vt 0.391343 0.819083
vt 0.502031 0.860640
vt 0.502031 0.903111
vt 0.384122 0.675898
vt 0.384122 0.819083
vt 0.762264 0.891074
vt 0.719793 0.891074
vt 0.719793 0.747889
vt 0.762264 0.747889
vt 0.848666 0.748704
vt 0.806195 0.748704
vt 0.806195 0.605520
vt 0.848666 0.605520
vt 0.502031 0.885425
vt 0.502031 0.860640
vt 0.512116 0.860678
vt 0.512116 0.885466
vt 0.753354 0.025991
vt 0.728714 0.025991
vt 0.731703 -0.000000
vt 0.756491 -0.000000
vt 0.231626 0.890232
vt 0.231626 0.865444
vt 0.241711 0.865405
vt 0.241711 0.890191
vt 0.716633 0.375062
vt 0.691994 0.375062
vt 0.695008 0.349071
vt 0.927584 0.285901
vt 0.927593 0.311892
vt 0.917508 0.311892
vt 0.917499 0.285901
vt 0.937696 0.285901
vt 0.937701 0.311892
vt 0.927616 0.311892
vt 0.927610 0.285901
vt 0.937701 0.000000
vt 0.937696 0.025991
vt 0.927610 0.025991
vt 0.927616 0.000000
vt 0.937689 0.051982
vt 0.927604 0.051982
vt 0.937684 0.077973
vt 0.927599 0.077973
vt 0.937680 0.103964
vt 0.927594 0.103964
vt 0.937678 0.129955
vt 0.927593 0.129955
vt 0.937678 0.155946
vt 0.927593 0.155946
vt 0.937678 0.181937
vt 0.927593 0.181937
vt 0.937680 0.207928
vt 0.927594 0.207928
vt 0.937684 0.233919
vt 0.927599 0.233919
vt 0.937689 0.259910
vt 0.927604 0.259910
vt 0.927593 0.000000
vt 0.927584 0.025991
vt 0.917499 0.025991
vt 0.917508 -0.000000
vt 0.927575 0.051982
vt 0.917490 0.051982
vt 0.927566 0.077973
vt 0.917480 0.077973
vt 0.927559 0.103964
vt 0.917474 0.103964
vt 0.927556 0.129955
vt 0.917471 0.129955
vt 0.927556 0.155946
vt 0.917471 0.155946
vt 0.927556 0.181937
vt 0.917471 0.181937
vt 0.927559 0.207928
vt 0.917474 0.207928
vt 0.927566 0.233919
vt 0.917480 0.233919
vt 0.927575 0.259910
vt 0.917490 0.259910
vt 0.719793 0.660963
vt 0.695008 0.660963
vt 0.691994 0.634972
vt 0.716633 0.634972
vt 0.688561 0.608981
vt 0.713052 0.608981
vt 0.685351 0.582990
vt 0.709696 0.582990
vt 0.683003 0.556999
vt 0.707211 0.556999
vt 0.682116 0.531008
vt 0.706239 0.531008
vt 0.682116 0.505017
vt 0.706239 0.505017
vt 0.682116 0.479026
vt 0.706239 0.479026
vt 0.683003 0.453035
vt 0.707211 0.453035
vt 0.685351 0.427044
vt 0.709696 0.427044
vt 0.688561 0.401053
vt 0.713052 0.401053
vt 0.756491 0.311892
vt 0.731703 0.311892
vt 0.728713 0.285901
vt 0.753354 0.285901
vt 0.725304 0.259910
vt 0.749798 0.259910
vt 0.722116 0.233919
vt 0.746467 0.233919
vt 0.719788 0.207928
vt 0.744005 0.207928
vt 0.718911 0.181937
vt 0.743052 0.181937
vt 0.718911 0.155946
vt 0.743052 0.155946
vt 0.718911 0.129955
vt 0.743052 0.129955
vt 0.719788 0.103964
vt 0.744005 0.103964
vt 0.722116 0.077973
vt 0.746467 0.077973
vt 0.725304 0.051982
vt 0.749798 0.051982
vt 0.687163 0.348271
vt 0.671560 0.348271
vt 0.671560 0.291116
vt 0.687163 0.291116
vt 0.902426 0.326827
vt 0.886823 0.326827
vt 0.886823 0.000000
vt 0.902426 0.000000
vt 0.702766 0.348271
vt 0.687163 0.348271
vt 0.702766 0.291116
vt 0.886823 0.613197
vt 0.871220 0.613197
vt 0.871220 0.286369
vt 0.886823 0.286369
vt 0.399049 0.675898
vt 0.341894 0.675898
vt 0.341894 0.349071
vt 0.341894 0.349071
vt 0.284738 0.675898
vt 0.719592 0.708314
vt 0.715831 0.708314
vt 0.715831 0.660963
vt 0.719592 0.660963
vt 0.871220 0.913552
vt 0.867459 0.913552
vt 0.867459 0.622436
vt 0.871220 0.622436
vt 0.719592 0.755664
vt 0.715831 0.755664
vt 0.715831 0.708314
vt 0.719592 0.708314
vt 0.941462 0.291116
vt 0.937701 0.291116
vt 0.937701 0.000000
vt 0.941462 0.000000
vt 0.718911 0.000000
vt 0.718911 0.291116
vt 0.671560 -0.000000
vt 0.682116 0.349071
vt 0.682116 0.640187
vt 0.788819 0.341148
vt 0.788819 0.323396
vt 0.806571 0.323396
vt 0.806571 0.341148
vt 0.735563 0.341148
vt 0.717811 0.341148
vt 0.717811 0.323396
vt 0.735563 0.323396
vt 0.592921 0.822364
vt 0.610673 0.804612
vt 0.610673 0.822364
vt 0.753315 0.341148
vt 0.735563 0.341148
vt 0.735563 0.323396
vt 0.753315 0.323396
vt 0.391251 0.854587
vt 0.391251 0.872340
vt 0.373499 0.872340
vt 0.373499 0.854587
vt 0.462018 0.825135
vt 0.462018 0.842887
vt 0.444266 0.842887
vt 0.444266 0.825135
vt 0.337995 0.819083
vt 0.337995 0.836835
vt 0.320243 0.836835
vt 0.320243 0.819083
vt 0.479770 0.825135
vt 0.479770 0.842887
vt 0.462018 0.842887
vt 0.462018 0.825135
vt 0.355747 0.819083
vt 0.355747 0.836835
vt 0.337995 0.836835
vt 0.337995 0.819083
vt 0.355747 0.872339
vt 0.337995 0.872339
vt 0.337995 0.854587
vt 0.355747 0.854587
vt 0.337995 0.854587
vt 0.320243 0.854587
vt 0.355747 0.836835
vt 0.355747 0.854587
vt 0.373499 0.836835
vt 0.373499 0.854587
vt 0.355747 0.854587
vt 0.391251 0.836835
vt 0.391251 0.854587
vt 0.373499 0.854587
vt 0.373499 0.836835
vt 0.610673 0.857868
vt 0.628425 0.857868
vt 0.628425 0.875620
vt 0.610673 0.875620
vt 0.592921 0.857868
vt 0.592921 0.840116
vt 0.610673 0.840116
vt 0.355747 0.819083
vt 0.373499 0.819083
vt 0.628425 0.857868
vt 0.628425 0.840116
vt 0.391251 0.836835
vt 0.373499 0.836835
vt 0.373499 0.819083
vt 0.391251 0.819083
vt 0.833549 0.875269
vt 0.833549 0.857517
vt 0.851301 0.857517
vt 0.851301 0.875269
vt 0.515275 0.825135
vt 0.497522 0.825135
vt 0.497522 0.807383
vt 0.515275 0.807383
vt 0.302490 0.836835
vt 0.284738 0.836835
vt 0.284738 0.819083
vt 0.302490 0.819083
vt 0.497523 0.825135
vt 0.479770 0.825135
vt 0.479770 0.807383
vt 0.497523 0.807383
vt 0.302490 0.836835
vt 0.302490 0.819083
vt 0.416801 0.859079
vt 0.416801 0.876831
vt 0.399049 0.876831
vt 0.399049 0.859079
vt 0.915445 0.662894
vt 0.901134 0.662894
vt 0.901134 0.326827
vt 0.915445 0.326827
vt 0.462018 0.807383
vt 0.462018 0.825135
vt 0.459766 0.822883
vt 0.459766 0.809636
vt 0.444266 0.825135
vt 0.446519 0.822883
vt 0.444266 0.807383
vt 0.446519 0.809636
vt 0.842034 0.309705
vt 0.824282 0.309705
vt 0.826535 0.307453
vt 0.839782 0.307453
vt 0.824282 0.291953
vt 0.826535 0.294206
vt 0.842034 0.291953
vt 0.839782 0.294206
vt 0.284738 0.854587
vt 0.302490 0.854587
vt 0.300238 0.856840
vt 0.286991 0.856840
vt 0.302490 0.872340
vt 0.300238 0.870087
vt 0.284738 0.872340
vt 0.286991 0.870087
vt 0.284738 0.854587
vt 0.286991 0.839088
vt 0.286991 0.852335
vt 0.302490 0.836835
vt 0.300238 0.839088
vt 0.302490 0.854587
vt 0.300238 0.852335
vt 0.320242 0.854587
vt 0.320242 0.872339
vt 0.318522 0.870619
vt 0.318522 0.856308
vt 0.302490 0.872339
vt 0.304211 0.870619
vt 0.302490 0.854587
vt 0.304211 0.856308
vt 0.956250 0.662629
vt 0.943003 0.662629
vt 0.943003 0.326827
vt 0.956250 0.326827
vt 0.943003 0.998430
vt 0.929756 0.998430
vt 0.929756 0.662629
vt 0.943003 0.662629
vt 0.956250 0.998430
vt 0.956250 0.662629
vt 0.900070 0.998696
vt 0.886823 0.998696
vt 0.886823 0.662894
vt 0.900070 0.662894
vt 0.260945 0.865406
vt 0.260945 0.878653
vt 0.247698 0.878653
vt 0.247698 0.865406
vt 0.260945 0.878653
vt 0.260945 0.865405
vt 0.274192 0.865405
vt 0.274192 0.878653
vt 0.824282 0.309705
vt 0.837529 0.309705
vt 0.837529 0.322952
vt 0.824282 0.322952
vt 0.763724 0.865406
vt 0.776971 0.865406
vt 0.776971 0.878653
vt 0.763724 0.878653
vt 0.927628 0.998695
vt 0.914381 0.998695
vt 0.914381 0.662894
vt 0.927628 0.662894
vt 0.969497 0.662629
vt 0.956250 0.326827
vt 0.969497 0.326827
vt 0.695363 0.996764
vt 0.682116 0.996764
vt 0.682116 0.660963
vt 0.695363 0.660963
vt 0.982744 0.998430
vt 0.969497 0.998430
vt 0.982744 0.662629
vt 0.982744 0.326827
vt 0.995991 0.998430
vt 0.982744 0.998430
vt 0.982744 0.662629
vt 0.995991 0.662629
vt 0.929756 0.662629
vt 0.929756 0.326827
vt 0.943003 0.326827
vt 0.982744 0.326827
vt 0.995991 0.326827
vt 0.914381 0.998696
vt 0.901134 0.998696
vt 0.901134 0.662894
vt 0.914381 0.662894
vt 0.542456 1.000000
vt 0.529209 1.000000
vt 0.529209 0.664199
vt 0.542456 0.664199
vt 0.708610 0.996764
vt 0.695363 0.996764
vt 0.695363 0.660963
vt 0.770802 0.306481
vt 0.770802 0.320792
vt 0.756491 0.320792
vt 0.756491 0.306481
vt 0.871220 0.622436
vt 0.856909 0.286369
vt 0.871220 0.286369
vt 0.886823 0.326827
vt 0.929756 0.662894
vt 0.929756 0.326827
vt 0.628425 0.804612
vt 0.628425 0.822364
vt 0.771067 0.341148
vt 0.753315 0.341148
vt 0.753315 0.323396
vt 0.771067 0.323396
vt 0.824323 0.323396
vt 0.824323 0.341148
vt 0.771067 0.341148
vt 0.771067 0.323396
vt 0.833549 0.857517
vt 0.833549 0.875269
vt 0.815797 0.875269
vt 0.479770 0.807383
vt 0.479770 0.825135
vt 0.462018 0.825135
vt 0.462018 0.807383
vt 0.497523 0.825135
vt 0.497523 0.842887
vt 0.479770 0.842887
vt 0.479770 0.825135
vt 0.610673 0.822364
vt 0.592921 0.840116
vt 0.592921 0.822364
vt 0.515275 0.842887
vt 0.497523 0.842887
vt 0.497523 0.825135
vt 0.628425 0.822364
vt 0.628425 0.840116
vt 0.373499 0.872339
vt 0.355747 0.872339
vt 0.355747 0.854587
vt 0.373499 0.854587
vt 0.842076 0.341148
vt 0.824323 0.341148
vt 0.824323 0.323396
vt 0.842076 0.323396
vt 0.416801 0.841327
vt 0.416801 0.859079
vt 0.434553 0.859079
vt 0.416801 0.859079
vt 0.416801 0.841327
vt 0.462018 0.860640
vt 0.444266 0.860640
vt 0.479770 0.842888
vt 0.479770 0.860640
vt 0.462018 0.860640
vt 0.462018 0.842888
vt 0.416801 0.859079
vt 0.434553 0.859079
vt 0.434553 0.876831
vt 0.416801 0.876831
vt 0.337995 0.854587
vt 0.337995 0.872339
vt 0.320243 0.872339
vt 0.497523 0.860640
vt 0.479770 0.860640
vt 0.479770 0.842887
vt 0.497523 0.842887
vt 0.842034 0.274201
vt 0.824282 0.274201
vt 0.824282 0.256449
vt 0.842034 0.256449
vt 0.515275 0.860640
vt 0.497523 0.860640
vt 0.842034 0.291953
vt 0.824282 0.274201
vt 0.842034 0.274201
vt 0.592921 0.875620
vt 0.592921 0.857868
vt 0.610673 0.857868
vt 0.610673 0.875620
vt 0.320243 0.836835
vt 0.320243 0.854587
vt 0.717811 0.341148
vt 0.702766 0.341148
vt 0.717811 0.291116
vt 0.917471 0.315127
vt 0.902426 0.315127
vt 0.902426 -0.000000
vt 0.917471 -0.000000
vt 0.771535 0.306481
vt 0.756491 0.306481
vt 0.756491 0.256449
vt 0.886265 0.928324
vt 0.871220 0.928324
vt 0.886265 0.613197
vt 0.544331 0.664199
vt 0.494299 0.664199
vt 0.494299 0.349071
vt 0.494299 0.349071
vt 0.444266 0.664199
vt 0.444266 0.349071
s 0
usemtl bois_de_base
f 6/1/1 11/1/1 15/1/1 4/1/1
f 9/2/1 107/3/1 109/4/1 106/5/1
f 10/6/2 110/7/2 119/8/2 7/9/2
f 8/10/1 120/11/1 107/3/1 9/2/1
f 3/1/1 16/1/1 12/1/1 5/1/1
f 2/12/3 7/13/3 8/14/3 1/15/3
f 1/15/3 8/14/3 9/16/3 5/17/3
f 4/18/3 105/19/3 112/20/3 10/21/3 6/22/3
f 3/23/3 108/24/3 105/19/3 4/18/3
f 5/17/3 9/16/3 106/25/3 108/24/3 3/23/3
f 6/22/3 10/21/3 7/13/3 2/12/3
f 11/26/4 116/27/4 114/28/4 15/29/4
f 16/30/5 113/31/5 115/32/5 12/33/5
f 1/1/1 14/1/1 13/1/1 2/1/1
f 2/1/1 13/1/1 11/1/1 6/1/1
f 4/1/1 15/1/1 16/1/1 3/1/1
f 5/1/1 12/1/1 14/1/1 1/1/1
f 14/34/6 117/35/6 118/36/6 13/37/6
f 13/38/7 118/39/7 116/27/7 11/26/7
f 15/40/8 114/41/8 113/42/8 16/43/8
f 12/33/5 115/32/5 117/44/5 14/45/5
f 22/1/1 20/1/1 31/1/1 27/1/1
f 25/46/1 129/11/1 136/47/1 124/48/1
f 26/49/9 23/50/9 122/51/9 123/52/9
f 24/53/1 25/46/1 124/48/1 121/54/1
f 19/1/1 21/1/1 28/1/1 32/1/1
f 18/55/3 17/56/3 24/57/3 23/58/3
f 17/56/3 21/59/3 25/60/3 24/57/3
f 20/61/3 22/62/3 26/63/3 132/64/3 131/65/3
f 19/66/3 20/61/3 131/65/3 130/67/3
f 21/59/3 19/66/3 130/67/3 129/68/3 25/60/3
f 22/62/3 18/55/3 23/58/3 26/63/3
f 27/69/7 31/70/7 133/71/7 126/72/7
f 32/73/5 28/74/5 127/75/5 134/76/5
f 17/1/1 18/1/1 29/1/1 30/1/1
f 18/1/1 22/1/1 27/1/1 29/1/1
f 20/1/1 19/1/1 32/1/1 31/1/1
f 21/1/1 17/1/1 30/1/1 28/1/1
f 30/77/8 29/78/8 125/79/8 128/80/8
f 29/81/4 27/69/4 126/72/4 125/82/4
f 31/83/6 32/84/6 134/85/6 133/86/6
f 28/74/5 30/87/5 128/88/5 127/75/5
f 39/89/8 89/90/8 111/91/8 112/92/8 105/93/8 108/94/8 106/95/8 109/96/8 91/97/8 40/98/8
f 35/99/6 83/100/6 87/101/6 84/102/6 36/103/6
f 33/104/1 86/105/1 83/106/1 35/107/1
f 36/108/5 84/109/5 85/110/5 34/111/5
f 33/112/3 37/113/3 38/114/3 34/115/3
f 34/115/3 38/114/3 39/116/3 36/117/3
f 36/117/3 39/116/3 40/118/3 35/119/3
f 35/119/3 40/118/3 37/113/3 33/112/3
f 40/120/5 91/121/5 88/122/5 37/123/5
f 38/124/1 90/125/1 89/126/1 39/127/1
f 37/128/6 88/129/6 90/130/6 38/131/6
f 47/132/6 48/133/6 101/128/6 136/134/6 129/135/6 130/136/6 131/137/6 132/138/6 135/139/6 103/131/6
f 43/99/8 44/103/8 93/140/8 104/141/8 98/142/8
f 41/143/1 43/109/1 98/144/1 97/145/1
f 44/146/5 42/147/5 95/148/5 93/149/5
f 41/150/3 42/151/3 46/152/3 45/153/3
f 42/151/3 44/154/3 47/155/3 46/152/3
f 44/154/3 43/156/3 48/157/3 47/155/3
f 43/156/3 41/150/3 45/153/3 48/157/3
f 48/158/5 45/159/5 100/160/5 101/161/5
f 46/162/1 47/163/1 103/164/1 99/165/1
f 45/166/8 46/167/8 99/89/8 102/168/8 100/98/8
f 60/169/1 53/170/1 55/171/1 58/172/1
f 69/173/8 70/174/8 77/175/8 78/176/8
f 62/177/6 55/178/6 53/179/6 64/180/6
f 57/181/5 50/182/5 52/183/5 59/184/5
f 61/185/8 49/186/8 51/187/8 63/188/8
f 65/189/10 60/190/10 49/191/10 61/192/10
f 64/193/10 53/194/10 60/190/10 65/189/10
f 54/195/5 57/181/5 59/184/5 56/196/5
f 74/197/1 71/198/1 80/199/1 81/200/1
f 49/201/1 60/169/1 58/172/1 51/202/1
f 52/203/3 63/204/3 87/205/3 83/206/3 86/207/3 92/208/3 66/209/3 59/210/3
f 54/211/10 64/193/10 65/189/10 57/212/10
f 57/212/10 65/189/10 61/192/10 50/213/10
f 50/214/8 61/185/8 63/188/8 52/215/8
f 56/216/6 62/177/6 64/180/6 54/217/6
f 59/210/3 66/209/3 94/218/3 96/219/3 97/220/3 98/221/3 104/222/3 62/223/3 56/224/3
f 66/209/3 58/225/3 68/226/3 67/227/3
f 58/225/3 55/228/3 69/229/3 68/226/3
f 55/228/3 62/223/3 70/230/3 69/229/3
f 62/223/3 104/222/3 93/231/3 95/232/3 94/218/3 66/209/3 67/227/3 70/230/3
f 63/204/3 51/233/3 72/234/3 71/235/3
f 51/233/3 58/225/3 73/236/3 72/234/3
f 58/225/3 66/209/3 74/237/3 73/236/3
f 66/209/3 92/208/3 85/238/3 84/239/3 87/205/3 63/204/3 71/235/3 74/237/3
f 76/240/3 75/241/3 78/242/3 77/243/3
f 80/243/3 79/242/3 82/244/3 81/245/3
f 70/246/1 67/247/1 76/248/1 77/249/1
f 72/250/5 73/251/5 82/252/5 79/253/5
f 71/254/6 72/255/6 79/256/6 80/257/6
f 68/253/5 69/252/5 78/258/5 75/259/5
f 73/260/8 74/261/8 81/174/8 82/173/8
f 67/257/6 68/256/6 75/262/6 76/263/6
f 95/140/6 42/264/6 41/265/6 97/142/6 96/266/6 94/141/6
f 89/267/3 90/268/3 88/269/3 91/270/3 109/271/3 107/272/3 120/273/3 119/274/3 110/275/3 111/276/3
f 102/277/3 99/278/3 103/279/3 135/280/3 123/281/3 122/282/3 121/283/3 124/284/3 136/285/3 101/286/3 100/267/3
f 86/287/8 33/288/8 34/289/8 85/290/8 92/291/8
f 132/292/2 26/49/2 123/52/2 135/293/2
f 110/7/9 10/6/9 112/294/9 111/295/9
f 122/296/6 23/297/6 24/298/6 121/299/6
f 120/37/8 8/36/8 7/300/8 119/301/8
f 134/302/3 127/303/3 128/304/3 125/305/3 126/306/3 133/307/3
f 114/308/3 116/309/3 118/310/3 117/311/3 115/312/3 113/313/3
f 137/314/6 138/315/6 140/316/6 139/317/6
f 139/318/10 140/319/10 144/320/10 143/321/10
f 143/322/8 144/323/8 142/324/8 141/325/8
f 141/326/3 142/327/3 138/328/3 137/329/3
f 139/330/5 143/331/5 141/332/5 137/333/5
f 144/334/1 140/335/1 138/336/1 142/337/1
f 145/338/6 146/339/6 148/340/6 147/341/6
f 147/342/10 148/343/10 152/344/10 151/345/10
f 151/346/8 152/347/8 150/348/8 149/349/8
f 149/350/3 150/351/3 146/352/3 145/353/3
f 147/354/5 151/355/5 149/356/5 145/357/5
f 152/358/1 148/359/1 146/360/1 150/361/1
f 153/362/6 154/363/6 156/364/6 155/365/6
f 155/366/10 156/367/10 160/345/10 159/368/10
f 159/369/8 160/370/8 158/371/8 157/372/8
f 157/373/3 158/374/3 154/375/3 153/376/3
f 155/377/5 159/351/5 157/378/5 153/379/5
f 160/380/1 156/381/1 154/382/1 158/383/1
f 161/384/6 162/385/6 164/386/6 163/387/6
f 163/388/10 164/389/10 168/390/10 167/391/10
f 167/392/8 168/384/8 166/387/8 165/393/8
f 165/394/3 166/395/3 162/396/3 161/397/3
f 163/398/5 167/399/5 165/400/5 161/401/5
f 168/402/1 164/403/1 162/404/1 166/405/1
f 169/406/8 171/407/8 172/392/8 170/393/8
f 171/408/10 175/409/10 176/410/10 172/411/10
f 175/412/6 173/413/6 174/407/6 176/406/6
f 173/414/3 169/415/3 170/350/3 174/416/3
f 171/417/5 169/418/5 173/419/5 175/420/5
f 176/421/1 174/422/1 170/423/1 172/424/1
f 177/425/8 179/426/8 180/338/8 178/341/8
f 179/427/10 183/428/10 184/429/10 180/430/10
f 183/431/6 181/432/6 182/40/6 184/433/6
f 181/434/3 177/435/3 178/436/3 182/437/3
f 179/438/5 177/439/5 181/440/5 183/441/5
f 184/442/1 182/443/1 178/444/1 180/445/1
f 185/446/8 187/447/8 188/448/8 186/449/8
f 187/450/10 191/451/10 192/452/10 188/453/10
f 191/454/6 189/455/6 190/456/6 192/457/6
f 189/458/3 185/459/3 186/460/3 190/434/3
f 187/461/5 185/462/5 189/463/5 191/464/5
f 192/465/1 190/466/1 186/467/1 188/468/1
f 193/469/8 195/470/8 196/455/8 194/454/8
f 195/471/10 199/472/10 200/473/10 196/397/10
f 199/474/6 197/475/6 198/470/6 200/469/6
f 197/476/3 193/477/3 194/388/3 198/391/3
f 195/478/5 193/479/5 197/480/5 199/481/5
f 200/482/1 198/483/1 194/484/1 196/485/1
f 201/486/6 202/487/6 204/488/6 203/489/6
f 209/490/10 230/491/10 208/492/10 207/493/10
f 207/494/8 208/495/8 206/496/8 205/497/8
f 231/498/3 252/499/3 202/500/3 201/176/3
f 209/501/11 207/502/11 205/503/11 241/504/11
f 220/505/12 204/506/12 202/507/12 252/508/12
f 208/509/13 230/510/13 242/511/13 206/512/13
f 230/510/14 229/513/14 243/514/14 242/511/14
f 229/513/15 228/515/15 244/516/15 243/514/15
f 228/515/16 227/517/16 245/518/16 244/516/16
f 227/517/17 226/519/17 246/520/17 245/518/17
f 226/519/18 225/521/18 247/522/18 246/520/18
f 225/521/18 224/523/18 248/524/18 247/522/18
f 224/523/19 223/525/19 249/526/19 248/524/19
f 223/525/20 222/527/20 250/528/20 249/526/20
f 222/527/21 221/529/21 251/530/21 250/528/21
f 221/529/22 220/505/22 252/508/22 251/530/22
f 203/531/23 219/532/23 231/533/23 201/534/23
f 219/532/24 218/535/24 232/536/24 231/533/24
f 218/535/25 217/537/25 233/538/25 232/536/25
f 217/537/26 216/539/26 234/540/26 233/538/26
f 216/539/27 215/541/27 235/542/27 234/540/27
f 215/541/28 214/543/28 236/544/28 235/542/28
f 214/543/28 213/545/28 237/546/28 236/544/28
f 213/545/29 212/547/29 238/548/29 237/546/29
f 212/547/30 211/549/30 239/550/30 238/548/30
f 211/549/31 210/551/31 240/552/31 239/550/31
f 210/551/32 209/501/32 241/504/32 240/552/32
f 205/553/3 206/554/3 242/555/3 241/556/3
f 241/556/3 242/555/3 243/557/3 240/558/3
f 240/558/3 243/557/3 244/559/3 239/560/3
f 239/560/3 244/559/3 245/561/3 238/562/3
f 238/562/3 245/561/3 246/563/3 237/564/3
f 237/564/3 246/563/3 247/565/3 236/566/3
f 236/566/3 247/565/3 248/567/3 235/568/3
f 235/568/3 248/567/3 249/569/3 234/570/3
f 234/570/3 249/569/3 250/571/3 233/572/3
f 233/572/3 250/571/3 251/573/3 232/574/3
f 232/574/3 251/573/3 252/499/3 231/498/3
f 203/575/10 204/576/10 220/577/10 219/578/10
f 219/578/10 220/577/10 221/579/10 218/580/10
f 218/580/10 221/579/10 222/581/10 217/582/10
f 217/582/10 222/581/10 223/583/10 216/584/10
f 216/584/10 223/583/10 224/585/10 215/586/10
f 215/586/10 224/585/10 225/587/10 214/588/10
f 214/588/10 225/587/10 226/589/10 213/590/10
f 213/590/10 226/589/10 227/591/10 212/592/10
f 212/592/10 227/591/10 228/593/10 211/594/10
f 211/594/10 228/593/10 229/595/10 210/596/10
f 210/596/10 229/595/10 230/491/10 209/490/10
f 253/597/6 254/598/6 256/599/6 255/600/6
f 255/601/10 256/602/10 260/603/10 259/604/10
f 259/605/8 260/606/8 258/600/8 257/607/8
f 257/608/3 258/609/3 254/610/3 253/611/3
f 255/186/5 259/612/5 257/613/5 253/614/5
f 260/615/1 256/613/1 254/616/1 258/1/1
f 261/617/6 262/618/6 264/619/6 263/620/6
f 263/621/10 264/622/10 268/623/10 267/624/10
f 267/625/8 268/626/8 266/627/8 265/628/8
f 265/629/3 266/630/3 262/631/3 261/632/3
f 263/633/5 267/634/5 265/599/5 261/635/5
f 268/636/1 264/637/1 262/247/1 266/195/1
f 269/638/6 270/639/6 272/640/6 271/641/6
f 271/642/10 272/643/10 276/644/10 275/645/10
f 275/646/8 276/73/8 274/647/8 273/648/8
f 273/649/3 274/650/3 270/651/3 269/652/3
f 271/653/5 275/654/5 273/655/5 269/656/5
f 313/1/1 314/1/1 334/1/1 333/1/1
f 277/657/8 279/658/8 280/659/8 278/660/8
f 279/661/10 283/662/10 284/663/10 280/664/10
f 283/665/6 281/666/6 282/667/6 284/668/6
f 281/669/3 277/670/3 278/671/3 282/672/3
f 279/673/5 277/674/5 281/675/5 283/676/5
f 309/1/1 310/1/1 329/1/1 330/1/1
f 285/662/6 287/677/6 288/678/6 286/663/6
f 287/679/3 291/680/3 292/677/3 288/662/3
f 291/681/8 289/682/8 290/683/8 292/679/8
f 289/684/10 285/685/10 286/686/10 290/687/10
f 287/688/5 285/689/5 289/690/5 291/691/5
f 323/1/1 324/1/1 343/1/1 344/1/1
f 293/688/8 294/692/8 296/693/8 295/694/8
f 295/681/3 296/679/3 300/695/3 299/696/3
f 299/697/6 300/688/6 298/694/6 297/698/6
f 297/699/10 298/700/10 294/701/10 293/702/10
f 295/703/5 299/704/5 297/705/5 293/706/5
f 319/1/1 320/1/1 339/1/1 340/1/1
f 301/707/6 302/708/6 304/709/6 303/710/6
f 303/711/10 304/712/10 308/713/10 307/714/10
f 307/715/8 308/716/8 306/717/8 305/718/8
f 305/663/3 306/719/3 302/720/3 301/664/3
f 303/721/5 307/722/5 305/723/5 301/724/5
f 276/729/1 272/730/1 310/731/1 309/732/1
f 272/730/1 270/733/1 311/734/1 310/731/1
f 270/733/1 274/735/1 312/736/1 311/734/1
f 274/735/1 276/729/1 309/732/1 312/736/1
f 284/737/1 282/738/1 314/739/1 313/740/1
f 282/738/1 278/741/1 315/742/1 314/739/1
f 278/741/1 280/743/1 316/744/1 315/742/1
f 280/743/1 284/737/1 313/740/1 316/744/1
f 292/745/1 290/746/1 318/747/1 317/748/1
f 290/746/1 286/749/1 319/750/1 318/747/1
f 286/749/1 288/751/1 320/752/1 319/750/1
f 288/751/1 292/745/1 317/748/1 320/752/1
f 300/753/1 296/712/1 322/754/1 321/755/1
f 296/712/1 294/756/1 323/757/1 322/754/1
f 294/756/1 298/758/1 324/759/1 323/757/1
f 298/758/1 300/753/1 321/755/1 324/759/1
f 308/760/1 304/761/1 326/762/1 325/763/1
f 304/761/1 302/764/1 327/765/1 326/762/1
f 302/764/1 306/766/1 328/767/1 327/765/1
f 306/766/1 308/760/1 325/763/1 328/767/1
f 338/1/1 340/1/1 356/1/1 354/1/1
f 329/1/1 332/1/1 348/1/1 345/1/1
f 339/1/1 337/1/1 353/1/1 355/1/1
f 331/1/1 330/1/1 346/1/1 347/1/1
f 312/1/1 309/1/1 330/1/1 331/1/1
f 317/1/1 318/1/1 338/1/1 337/1/1
f 316/1/1 313/1/1 333/1/1 335/1/1
f 321/1/1 322/1/1 341/1/1 342/1/1
f 310/1/1 311/1/1 332/1/1 329/1/1
f 320/1/1 317/1/1 337/1/1 339/1/1
f 314/1/1 315/1/1 336/1/1 334/1/1
f 324/1/1 321/1/1 342/1/1 343/1/1
f 311/1/1 312/1/1 331/1/1 332/1/1
f 318/1/1 319/1/1 340/1/1 338/1/1
f 315/1/1 316/1/1 335/1/1 336/1/1
f 322/1/1 323/1/1 344/1/1 341/1/1
f 346/768/10 345/769/10 361/770/10 362/771/10
f 352/772/8 351/773/8 367/774/8 368/775/8
f 357/776/8 360/772/8 376/775/8 373/777/8
f 332/1/1 331/1/1 347/1/1 348/1/1
f 340/1/1 339/1/1 355/1/1 356/1/1
f 333/1/1 334/1/1 350/1/1 349/1/1
f 342/1/1 341/1/1 357/1/1 358/1/1
f 335/1/1 333/1/1 349/1/1 351/1/1
f 343/1/1 342/1/1 358/1/1 359/1/1
f 334/1/1 336/1/1 352/1/1 350/1/1
f 341/1/1 344/1/1 360/1/1 357/1/1
f 336/1/1 335/1/1 351/1/1 352/1/1
f 330/1/1 329/1/1 345/1/1 346/1/1
f 344/1/1 343/1/1 359/1/1 360/1/1
f 337/1/1 338/1/1 354/1/1 353/1/1
f 362/782/1 361/783/1 364/784/1 363/785/1
f 365/786/1 366/787/1 368/788/1 367/789/1
f 369/790/1 370/791/1 372/792/1 371/793/1
f 374/794/1 373/795/1 376/796/1 375/797/1
f 355/809/3 353/810/3 369/802/3 371/811/3
f 345/811/6 348/802/6 364/804/6 361/812/6
f 356/816/6 355/815/6 371/820/6 372/821/6
f 358/822/3 357/823/3 373/824/3 374/825/3
f 351/826/10 349/827/10 365/828/10 367/829/10
f 378/833/1 377/834/1 380/835/1 379/836/1
f 325/837/10 326/126/10 377/838/10 378/839/10
f 381/648/6 382/647/6 384/843/6 383/844/6
f 383/845/10 384/846/10 388/847/10 387/848/10
f 387/641/8 388/640/8 386/849/8 385/850/8
f 385/638/3 386/851/3 382/852/3 381/639/3
f 383/853/5 387/854/5 385/855/5 381/311/5
f 388/856/1 384/857/1 382/858/1 386/859/1
f 389/860/8 391/861/8 392/862/8 390/863/8
f 391/864/10 395/694/10 396/865/10 392/866/10
f 395/707/6 393/867/6 394/868/6 396/869/6
f 393/870/3 389/871/3 390/694/3 394/864/3
f 391/872/5 389/873/5 393/874/5 395/875/5
f 396/876/1 394/877/1 390/878/1 392/879/1
f 397/880/6 399/881/6 400/724/6 398/466/6
f 399/316/3 403/882/3 404/883/3 400/884/3
f 403/658/8 401/885/8 402/886/8 404/659/8
f 401/887/10 397/888/10 398/889/10 402/890/10
f 399/891/5 397/892/5 401/893/5 403/894/5
f 404/678/1 402/895/1 398/896/1 400/897/1
f 405/898/8 406/899/8 408/900/8 407/901/8
f 407/902/3 408/903/3 412/904/3 411/905/3
f 411/906/6 412/907/6 410/868/6 409/867/6
f 409/908/10 410/741/10 406/909/10 405/910/10
f 407/911/5 411/912/5 409/913/5 405/914/5
f 412/758/1 408/756/1 406/915/1 410/916/1
f 413/917/6 414/918/6 416/607/6 415/919/6
f 415/920/10 416/921/10 420/922/10 419/923/10
f 419/924/8 420/925/8 418/926/8 417/102/8
f 417/927/3 418/928/3 414/609/3 413/929/3
f 415/202/5 419/930/5 417/931/5 413/932/5
f 420/933/1 416/931/1 414/934/1 418/935/1
usemtl cover
f 326/725/6 327/726/6 380/727/6 377/728/6
f 350/778/3 352/779/3 368/780/3 366/781/3
f 360/798/10 359/799/10 375/800/10 376/801/10
f 353/802/8 354/777/8 370/803/8 369/804/8
f 347/805/8 346/806/8 362/807/8 363/808/8
f 354/813/10 356/814/10 372/815/10 370/816/10
f 348/775/3 347/817/3 363/818/3 364/819/3
f 349/810/6 350/776/6 366/777/6 365/802/6
f 359/830/6 358/831/6 374/832/6 375/375/6
f 327/726/3 328/780/3 379/840/3 380/727/3
f 328/841/8 325/725/8 378/728/8 379/842/8
o Cylindre.003
v -3.344065 -3.920683 0.695937
v -3.344065 -3.961597 0.791208
v -3.279751 -3.934354 0.695937
v -3.296392 -3.971731 0.791208
v -3.226557 -3.973001 0.695937
v -3.256962 -4.000378 0.791208
v -3.193681 -4.029943 0.695937
v -3.232593 -4.042587 0.791208
v -3.186809 -4.095335 0.695937
v -3.227499 -4.091058 0.791208
v -3.207127 -4.157868 0.695937
v -3.242559 -4.137411 0.791208
v -3.251123 -4.206731 0.695937
v -3.275172 -4.173630 0.791208
v -3.311190 -4.233474 0.695937
v -3.319696 -4.193454 0.791208
v -3.376941 -4.233474 0.695937
v -3.368434 -4.193454 0.791208
v -3.437008 -4.206731 0.695937
v -3.412959 -4.173630 0.791208
v -3.481004 -4.157868 0.695937
v -3.445571 -4.137411 0.791208
v -3.501322 -4.095335 0.695937
v -3.460632 -4.091058 0.791208
v -3.494449 -4.029943 0.695937
v -3.455538 -4.042587 0.791208
v -3.461574 -3.973001 0.695937
v -3.431169 -4.000378 0.791208
v -3.408380 -3.934354 0.695937
v -3.391739 -3.971731 0.791208
v -3.344065 -3.920683 0.695937
v -3.344065 -3.961597 0.791208
v -3.279751 -3.934354 0.695937
v -3.296392 -3.971731 0.791208
v -3.226557 -3.973001 0.695937
v -3.256962 -4.000378 0.791208
v -3.193681 -4.029943 0.695937
v -3.232593 -4.042587 0.791208
v -3.186809 -4.095335 0.695937
v -3.227499 -4.091058 0.791208
v -3.207127 -4.157868 0.695937
v -3.242559 -4.137411 0.791208
v -3.251123 -4.206731 0.695937
v -3.275172 -4.173630 0.791208
v -3.311190 -4.233474 0.695937
v -3.319696 -4.193454 0.791208
v -3.376941 -4.233474 0.695937
v -3.368434 -4.193454 0.791208
v -3.437008 -4.206731 0.695937
v -3.412959 -4.173630 0.791208
v -3.481004 -4.157868 0.695937
v -3.445571 -4.137411 0.791208
v -3.501322 -4.095335 0.695937
v -3.460632 -4.091058 0.791208
v -3.494449 -4.029943 0.695937
v -3.455538 -4.042587 0.791208
v -3.461574 -3.973001 0.695937
v -3.431169 -4.000378 0.791208
v -3.408380 -3.934354 0.695937
v -3.391739 -3.971731 0.791208
v 3.350029 -3.920683 0.695937
v 3.350029 -3.961597 0.791208
v 3.414343 -3.934354 0.695937
v 3.397702 -3.971731 0.791208
v 3.467537 -3.973001 0.695937
v 3.437131 -4.000378 0.791208
v 3.500412 -4.029943 0.695937
v 3.461502 -4.042587 0.791208
v 3.507286 -4.095335 0.695937
v 3.466596 -4.091058 0.791208
v 3.486968 -4.157868 0.695937
v 3.451535 -4.137411 0.791208
v 3.442972 -4.206731 0.695937
v 3.418922 -4.173630 0.791208
v 3.382905 -4.233474 0.695937
v 3.374398 -4.193454 0.791208
v 3.317153 -4.233474 0.695937
v 3.325660 -4.193454 0.791208
v 3.257086 -4.206731 0.695937
v 3.281135 -4.173630 0.791208
v 3.213090 -4.157868 0.695937
v 3.248523 -4.137411 0.791208
v 3.192771 -4.095335 0.695937
v 3.233462 -4.091058 0.791208
v 3.199645 -4.029943 0.695937
v 3.238556 -4.042587 0.791208
v 3.232521 -3.973001 0.695937
v 3.262926 -4.000378 0.791208
v 3.285715 -3.934354 0.695937
v 3.302355 -3.971731 0.791208
v 3.350029 -3.920683 0.695937
v 3.350029 -3.961597 0.791208
v 3.414343 -3.934354 0.695937
v 3.397702 -3.971731 0.791208
v 3.467537 -3.973001 0.695937
v 3.437131 -4.000378 0.791208
v 3.500412 -4.029943 0.695937
v 3.461502 -4.042587 0.791208
v 3.507286 -4.095335 0.695937
v 3.466596 -4.091058 0.791208
v 3.486968 -4.157868 0.695937
v 3.451535 -4.137411 0.791208
v 3.442972 -4.206731 0.695937
v 3.418922 -4.173630 0.791208
v 3.382905 -4.233474 0.695937
v 3.374398 -4.193454 0.791208
v 3.317153 -4.233474 0.695937
v 3.325660 -4.193454 0.791208
v 3.257086 -4.206731 0.695937
v 3.281135 -4.173630 0.791208
v 3.213090 -4.157868 0.695937
v 3.248523 -4.137411 0.791208
v 3.192771 -4.095335 0.695937
v 3.233462 -4.091058 0.791208
v 3.199645 -4.029943 0.695937
v 3.238556 -4.042587 0.791208
v 3.232521 -3.973001 0.695937
v 3.262926 -4.000378 0.791208
v 3.285715 -3.934354 0.695937
v 3.302355 -3.971731 0.791208
v 1.479946 -3.920683 0.695937
v 1.479946 -3.961597 0.791208
v 1.544260 -3.934354 0.695937
v 1.527619 -3.971731 0.791208
v 1.597454 -3.973001 0.695937
v 1.567049 -4.000378 0.791208
v 1.630330 -4.029943 0.695937
v 1.591418 -4.042587 0.791208
v 1.637203 -4.095335 0.695937
v 1.596512 -4.091058 0.791208
v 1.616884 -4.157868 0.695937
v 1.581451 -4.137411 0.791208
v 1.572888 -4.206731 0.695937
v 1.548839 -4.173630 0.791208
v 1.512821 -4.233474 0.695937
v 1.504314 -4.193454 0.791208
v 1.447070 -4.233474 0.695937
v 1.455576 -4.193454 0.791208
v 1.387002 -4.206731 0.695937
v 1.411052 -4.173630 0.791208
v 1.343007 -4.157868 0.695937
v 1.378439 -4.137411 0.791208
v 1.322689 -4.095335 0.695937
v 1.363378 -4.091058 0.791208
v 1.329562 -4.029943 0.695937
v 1.368473 -4.042587 0.791208
v 1.362437 -3.973001 0.695937
v 1.392843 -4.000378 0.791208
v 1.415631 -3.934354 0.695937
v 1.432272 -3.971731 0.791208
v 1.479946 -3.920683 0.695937
v 1.479946 -3.961597 0.791208
v 1.544260 -3.934354 0.695937
v 1.527619 -3.971731 0.791208
v 1.597454 -3.973001 0.695937
v 1.567049 -4.000378 0.791208
v 1.630330 -4.029943 0.695937
v 1.591418 -4.042587 0.791208
v 1.637203 -4.095335 0.695937
v 1.596512 -4.091058 0.791208
v 1.616884 -4.157868 0.695937
v 1.581451 -4.137411 0.791208
v 1.572888 -4.206731 0.695937
v 1.548839 -4.173630 0.791208
v 1.512821 -4.233474 0.695937
v 1.504314 -4.193454 0.791208
v 1.447070 -4.233474 0.695937
v 1.455576 -4.193454 0.791208
v 1.387002 -4.206731 0.695937
v 1.411052 -4.173630 0.791208
v 1.343007 -4.157868 0.695937
v 1.378439 -4.137411 0.791208
v 1.322689 -4.095335 0.695937
v 1.363378 -4.091058 0.791208
v 1.329562 -4.029943 0.695937
v 1.368473 -4.042587 0.791208
v 1.362437 -3.973001 0.695937
v 1.392843 -4.000378 0.791208
v 1.415631 -3.934354 0.695937
v 1.432272 -3.971731 0.791208
v -1.479084 -3.920683 0.695937
v -1.479084 -3.961597 0.791208
v -1.414770 -3.934354 0.695937
v -1.431410 -3.971731 0.791208
v -1.361576 -3.973001 0.695937
v -1.391981 -4.000378 0.791208
v -1.328700 -4.029943 0.695937
v -1.367611 -4.042587 0.791208
v -1.321827 -4.095335 0.695937
v -1.362517 -4.091058 0.791208
v -1.342145 -4.157868 0.695937
v -1.377578 -4.137411 0.791208
v -1.386141 -4.206731 0.695937
v -1.410190 -4.173630 0.791208
v -1.446208 -4.233474 0.695937
v -1.454715 -4.193454 0.791208
v -1.511960 -4.233474 0.695937
v -1.503453 -4.193454 0.791208
v -1.572026 -4.206731 0.695937
v -1.547977 -4.173630 0.791208
v -1.616023 -4.157868 0.695937
v -1.580590 -4.137411 0.791208
v -1.636341 -4.095335 0.695937
v -1.595651 -4.091058 0.791208
v -1.629467 -4.029943 0.695937
v -1.590556 -4.042587 0.791208
v -1.596592 -3.973001 0.695937
v -1.566187 -4.000378 0.791208
v -1.543398 -3.934354 0.695937
v -1.526757 -3.971731 0.791208
v -1.479084 -3.920683 0.695937
v -1.479084 -3.961597 0.791208
v -1.414770 -3.934354 0.695937
v -1.431410 -3.971731 0.791208
v -1.361576 -3.973001 0.695937
v -1.391981 -4.000378 0.791208
v -1.328700 -4.029943 0.695937
v -1.367611 -4.042587 0.791208
v -1.321827 -4.095335 0.695937
v -1.362517 -4.091058 0.791208
v -1.342145 -4.157868 0.695937
v -1.377578 -4.137411 0.791208
v -1.386141 -4.206731 0.695937
v -1.410190 -4.173630 0.791208
v -1.446208 -4.233474 0.695937
v -1.454715 -4.193454 0.791208
v -1.511960 -4.233474 0.695937
v -1.503453 -4.193454 0.791208
v -1.572026 -4.206731 0.695937
v -1.547977 -4.173630 0.791208
v -1.616023 -4.157868 0.695937
v -1.580590 -4.137411 0.791208
v -1.636341 -4.095335 0.695937
v -1.595651 -4.091058 0.791208
v -1.629467 -4.029943 0.695937
v -1.590556 -4.042587 0.791208
v -1.596592 -3.973001 0.695937
v -1.566187 -4.000378 0.791208
v -1.543398 -3.934354 0.695937
v -1.526757 -3.971731 0.791208
v 1.564198 -4.044010 0.700604
v 1.530124 -4.009936 0.700604
v 1.483578 -3.997464 0.700604
v 1.437032 -4.009936 0.700604
v 1.402957 -4.044010 0.700604
v 1.390486 -4.090556 0.700604
v 1.402957 -4.137102 0.700604
v 1.437032 -4.171176 0.700604
v 1.483578 -4.183648 0.700604
v 1.530124 -4.171176 0.700604
v 1.564198 -4.137102 0.700604
v 1.576670 -4.090556 0.700604
v 1.566429 -4.044011 0.771851
v 1.532431 -4.009937 0.774135
v 1.485990 -3.997465 0.777254
v 1.439549 -4.009937 0.780374
v 1.405551 -4.044011 0.782657
v 1.393107 -4.090557 0.783493
v 1.405551 -4.137103 0.782657
v 1.439549 -4.171177 0.780374
v 1.485990 -4.183649 0.777254
v 1.532431 -4.171177 0.774135
v 1.566429 -4.137103 0.771851
v 1.578873 -4.090557 0.771015
v 1.572694 -4.044010 0.832829
v 1.538973 -4.009936 0.837721
v 1.492910 -3.997464 0.844403
v 1.446846 -4.009936 0.851086
v 1.413125 -4.044010 0.855978
v 1.400782 -4.090556 0.857769
v 1.413125 -4.137102 0.855978
v 1.446846 -4.171176 0.851087
v 1.492910 -4.183648 0.844404
v 1.538973 -4.171176 0.837722
v 1.572694 -4.137102 0.832830
v 1.585037 -4.090556 0.831039
v 1.582318 -4.044010 0.884250
v 1.549165 -4.009936 0.892120
v 1.503878 -3.997464 0.902872
v 1.458591 -4.009936 0.913623
v 1.425438 -4.044010 0.921494
v 1.413304 -4.090556 0.924375
v 1.425438 -4.137102 0.921495
v 1.458591 -4.171176 0.913624
v 1.503878 -4.183648 0.902873
v 1.549165 -4.171176 0.892121
v 1.582318 -4.137102 0.884250
v 1.594452 -4.090556 0.881369
v 1.594606 -4.044010 0.926957
v 1.562423 -4.009936 0.938151
v 1.518461 -3.997464 0.953442
v 1.474498 -4.009935 0.968733
v 1.442315 -4.044010 0.979927
v 1.430535 -4.090556 0.984024
v 1.442315 -4.137102 0.979927
v 1.474497 -4.171175 0.968733
v 1.518461 -4.183648 0.953442
v 1.562423 -4.171176 0.938151
v 1.594606 -4.137102 0.926957
v 1.606386 -4.090556 0.922860
v 1.608892 -4.044010 0.961907
v 1.578187 -4.009936 0.976680
v 1.536243 -3.997464 0.996859
v 1.494298 -4.009935 1.017039
v 1.463593 -4.044010 1.031812
v 1.452354 -4.090556 1.037218
v 1.463592 -4.137102 1.031811
v 1.494298 -4.171175 1.017038
v 1.536241 -4.183648 0.996858
v 1.578186 -4.171176 0.976678
v 1.608891 -4.137102 0.961906
v 1.620130 -4.090556 0.956499
v 1.624620 -4.044011 0.990191
v 1.595970 -4.009936 1.008636
v 1.556833 -3.997465 1.033831
v 1.517696 -4.009936 1.059027
v 1.489046 -4.044011 1.077471
v 1.478558 -4.090557 1.084223
v 1.489045 -4.137103 1.077471
v 1.517695 -4.171176 1.059026
v 1.556832 -4.183649 1.033831
v 1.595969 -4.171177 1.008635
v 1.624620 -4.137103 0.990191
v 1.635107 -4.090557 0.983440
v 1.641448 -4.044010 1.013004
v 1.615417 -4.009936 1.034992
v 1.579860 -3.997464 1.065029
v 1.544303 -4.009936 1.095066
v 1.518274 -4.044010 1.117055
v 1.508747 -4.090556 1.125104
v 1.518275 -4.137102 1.117057
v 1.544304 -4.171176 1.095069
v 1.579862 -4.183648 1.065032
v 1.615419 -4.171176 1.034995
v 1.641448 -4.137102 1.013006
v 1.650976 -4.090556 1.004956
v 1.659306 -4.044009 1.031522
v 1.636346 -4.009935 1.056699
v 1.604982 -3.997463 1.091092
v 1.573618 -4.009935 1.125484
v 1.550658 -4.044009 1.150661
v 1.542254 -4.090555 1.159877
v 1.550658 -4.137101 1.150661
v 1.573617 -4.171175 1.125484
v 1.604982 -4.183647 1.091092
v 1.636345 -4.171175 1.056700
v 1.659305 -4.137102 1.031523
v 1.667710 -4.090556 1.022307
v 1.678354 -4.044010 1.046742
v 1.658708 -4.009936 1.074583
v 1.631873 -3.997464 1.112614
v 1.605035 -4.009936 1.150645
v 1.585390 -4.044010 1.178485
v 1.578198 -4.090556 1.188675
v 1.585388 -4.137102 1.178484
v 1.605032 -4.171176 1.150643
v 1.631869 -4.183648 1.112612
v 1.658705 -4.171176 1.074581
v 1.678352 -4.137102 1.046741
v 1.685544 -4.090556 1.036551
v 1.698840 -4.044011 1.059384
v 1.682519 -4.009936 1.089295
v 1.660224 -3.997465 1.130155
v 1.637929 -4.009936 1.171014
v 1.621608 -4.044011 1.200925
v 1.615634 -4.090557 1.211873
v 1.621608 -4.137103 1.200925
v 1.637929 -4.171176 1.171014
v 1.660224 -4.183649 1.130155
v 1.682519 -4.171177 1.089296
v 1.698840 -4.137103 1.059384
v 1.704813 -4.090557 1.048436
v 1.720966 -4.044010 1.069903
v 1.707778 -4.009936 1.101321
v 1.689762 -3.997464 1.144240
v 1.671747 -4.009936 1.187158
v 1.658558 -4.044010 1.218577
v 1.653732 -4.090556 1.230077
v 1.658559 -4.137102 1.218577
v 1.671748 -4.171176 1.187159
v 1.689763 -4.183648 1.144240
v 1.707778 -4.171176 1.101322
v 1.720966 -4.137102 1.069903
v 1.725793 -4.090556 1.058403
v 1.744789 -4.044010 1.078569
v 1.734408 -4.009936 1.111023
v 1.720229 -3.997464 1.155357
v 1.706048 -4.009936 1.199690
v 1.695668 -4.044010 1.232145
v 1.691867 -4.090556 1.244024
v 1.695667 -4.137102 1.232145
v 1.706048 -4.171176 1.199690
v 1.720227 -4.183648 1.155357
v 1.734407 -4.171176 1.111023
v 1.744788 -4.137102 1.078569
v 1.748587 -4.090556 1.066689
v 1.770219 -4.044011 1.085565
v 1.762258 -4.009937 1.118696
v 1.751384 -3.997465 1.163954
v 1.740510 -4.009936 1.209212
v 1.732549 -4.044011 1.242343
v 1.729635 -4.090557 1.254470
v 1.732549 -4.137103 1.242343
v 1.740510 -4.171176 1.209212
v 1.751384 -4.183649 1.163954
v 1.762258 -4.171177 1.118696
v 1.770219 -4.137103 1.085565
v 1.773133 -4.090557 1.073438
v 1.797071 -4.044010 1.091059
v 1.791131 -4.009936 1.124611
v 1.783019 -3.997464 1.170445
v 1.774905 -4.009936 1.216278
v 1.768965 -4.044010 1.249831
v 1.766791 -4.090556 1.262112
v 1.768965 -4.137102 1.249831
v 1.774905 -4.171176 1.216278
v 1.783019 -4.183648 1.170445
v 1.791131 -4.171176 1.124611
v 1.797071 -4.137102 1.091059
v 1.799245 -4.090556 1.078778
v 1.825103 -4.044011 1.095228
v 1.820807 -4.009936 1.129031
v 1.814939 -3.997465 1.175205
v 1.809072 -4.009936 1.221380
v 1.804776 -4.044011 1.255182
v 1.803204 -4.090557 1.267555
v 1.804776 -4.137103 1.255182
v 1.809072 -4.171176 1.221380
v 1.814939 -4.183649 1.175205
v 1.820807 -4.171177 1.129031
v 1.825103 -4.137103 1.095229
v 1.826675 -4.090557 1.082856
v 1.854057 -4.044010 1.098265
v 1.851064 -4.009936 1.132208
v 1.846977 -3.997464 1.178574
v 1.842890 -4.009936 1.224940
v 1.839899 -4.044010 1.258883
v 1.838804 -4.090556 1.271307
v 1.839899 -4.137102 1.258883
v 1.842891 -4.171176 1.224940
v 1.846979 -4.183648 1.178574
v 1.851066 -4.171176 1.132208
v 1.854058 -4.137102 1.098266
v 1.855153 -4.090556 1.085842
v 1.883690 -4.044010 1.100371
v 1.881704 -4.009936 1.134387
v 1.878989 -3.997464 1.180853
v 1.876274 -4.009936 1.227320
v 1.874286 -4.044010 1.261336
v 1.873559 -4.090556 1.273787
v 1.874286 -4.137102 1.261336
v 1.876273 -4.171176 1.227320
v 1.878988 -4.183648 1.180853
v 1.881702 -4.171176 1.134387
v 1.883689 -4.137102 1.100371
v 1.884418 -4.090556 1.087920
v 1.913778 -4.044011 1.101741
v 1.912539 -4.009936 1.135793
v 1.910846 -3.997465 1.182308
v 1.909153 -4.009936 1.228823
v 1.907913 -4.044011 1.262875
v 1.907459 -4.090557 1.275338
v 1.907912 -4.137103 1.262875
v 1.909152 -4.171176 1.228823
v 1.910844 -4.183649 1.182308
v 1.912538 -4.171177 1.135793
v 1.913778 -4.137103 1.101741
v 1.914232 -4.090557 1.089278
v 1.944124 -4.044011 1.102563
v 1.943414 -4.009936 1.136630
v 1.942446 -3.997465 1.183166
v 1.941478 -4.009936 1.229702
v 1.940770 -4.044011 1.263768
v 1.940510 -4.090557 1.276238
v 1.940770 -4.137103 1.263768
v 1.941478 -4.171176 1.229702
v 1.942446 -4.183649 1.183166
v 1.943414 -4.171177 1.136630
v 1.944124 -4.137103 1.102563
v 1.944383 -4.090557 1.090094
v 1.974557 -4.044011 1.103002
v 1.974201 -4.009936 1.137074
v 1.973712 -3.997465 1.183618
v 1.973225 -4.009936 1.230161
v 1.972868 -4.044011 1.264234
v 1.972738 -4.090557 1.276705
v 1.972868 -4.137103 1.264234
v 1.973225 -4.171176 1.230161
v 1.973712 -4.183649 1.183618
v 1.974201 -4.171177 1.137075
v 1.974557 -4.137103 1.103002
v 1.974688 -4.090557 1.090531
v 2.004936 -4.044011 1.103199
v 2.004787 -4.009936 1.137273
v 2.004586 -3.997465 1.183818
v 2.004385 -4.009936 1.230364
v 2.004237 -4.044011 1.264438
v 2.004183 -4.090557 1.276910
v 2.004238 -4.137103 1.264438
v 2.004385 -4.171176 1.230364
v 2.004587 -4.183649 1.183819
v 2.004789 -4.171177 1.137273
v 2.004936 -4.137103 1.103199
v 2.004989 -4.090557 1.090727
v 2.035135 -4.044010 1.103264
v 2.035091 -4.009936 1.137338
v 2.035032 -3.997464 1.183884
v 2.034973 -4.009936 1.230430
v 2.034929 -4.044010 1.264504
v 2.034913 -4.090556 1.276976
v 2.034929 -4.137102 1.264504
v 2.034973 -4.171176 1.230430
v 2.035032 -4.183648 1.183885
v 2.035091 -4.171176 1.137339
v 2.035135 -4.137102 1.103264
v 2.035151 -4.090556 1.090792
v 2.065052 -4.044011 1.103276
v 2.065044 -4.009936 1.137350
v 2.065035 -3.997465 1.183896
v 2.065026 -4.009936 1.230442
v 2.065019 -4.044011 1.264516
v 2.065017 -4.090557 1.276988
v 2.065020 -4.137103 1.264516
v 2.065027 -4.171176 1.230442
v 2.065036 -4.183649 1.183896
v 2.065046 -4.171177 1.137350
v 2.065053 -4.137103 1.103276
v 2.065054 -4.090557 1.090804
v 2.094608 -4.044010 1.103276
v 2.094607 -4.009936 1.137350
v 2.094607 -3.997464 1.183896
v 2.094607 -4.009935 1.230442
v 2.094607 -4.044010 1.264516
v 2.094608 -4.090556 1.276988
v 2.094608 -4.137102 1.264516
v 2.094608 -4.171175 1.230442
v 2.094608 -4.183648 1.183896
v 2.094608 -4.171176 1.137350
v 2.094608 -4.137102 1.103276
v 2.094608 -4.090556 1.090804
v 2.123777 -4.044010 1.103276
v 2.123778 -4.009936 1.137350
v 2.123778 -3.997464 1.183896
v 2.123777 -4.009936 1.230442
v 2.123777 -4.044010 1.264516
v 2.123776 -4.090556 1.276988
v 2.123775 -4.137102 1.264516
v 2.123775 -4.171176 1.230442
v 2.123775 -4.183648 1.183896
v 2.123775 -4.171176 1.137350
v 2.123776 -4.137102 1.103276
v 2.123777 -4.090556 1.090804
v 2.152576 -4.044011 1.103276
v 2.152576 -4.009937 1.137350
v 2.152576 -3.997465 1.183896
v 2.152576 -4.009936 1.230442
v 2.152576 -4.044011 1.264516
v 2.152576 -4.090557 1.276988
v 2.152576 -4.137103 1.264516
v 2.152576 -4.171176 1.230443
v 2.152576 -4.183649 1.183897
v 2.152576 -4.171177 1.137350
v 2.152576 -4.137103 1.103276
v 2.152576 -4.090557 1.090804
v 2.181041 -4.044010 1.103276
v 2.181041 -4.009936 1.137350
v 2.181041 -3.997464 1.183896
v 2.181041 -4.009936 1.230442
v 2.181041 -4.044010 1.264516
v 2.181042 -4.090556 1.276989
v 2.181042 -4.137102 1.264516
v 2.181043 -4.171176 1.230443
v 2.181043 -4.183648 1.183897
v 2.181043 -4.171176 1.137350
v 2.181042 -4.137102 1.103276
v 2.181041 -4.090556 1.090804
v 2.209209 -4.044010 1.103276
v 2.209209 -4.009936 1.137350
v 2.209209 -3.997464 1.183896
v 2.209209 -4.009936 1.230442
v 2.209210 -4.044010 1.264516
v 2.209210 -4.090556 1.276988
v 2.209211 -4.137102 1.264516
v 2.209211 -4.171176 1.230442
v 2.209211 -4.183648 1.183896
v 2.209210 -4.171176 1.137350
v 2.209210 -4.137102 1.103276
v 2.209209 -4.090556 1.090804
v 2.237113 -4.044010 1.103276
v 2.237113 -4.009936 1.137350
v 2.237113 -3.997464 1.183896
v 2.237113 -4.009935 1.230442
v 2.237113 -4.044010 1.264516
v 2.237113 -4.090556 1.276988
v 2.237114 -4.137102 1.264516
v 2.237114 -4.171175 1.230442
v 2.237114 -4.183648 1.183896
v 2.237114 -4.171176 1.137350
v 2.237113 -4.137102 1.103276
v 2.237113 -4.090556 1.090804
v 2.264791 -4.044010 1.103276
v 2.264791 -4.009936 1.137350
v 2.264791 -3.997464 1.183896
v 2.264791 -4.009936 1.230442
v 2.264790 -4.044010 1.264516
v 2.264790 -4.090556 1.276988
v 2.264789 -4.137102 1.264516
v 2.264789 -4.171175 1.230442
v 2.264789 -4.183648 1.183896
v 2.264789 -4.171176 1.137350
v 2.264790 -4.137102 1.103276
v 2.264790 -4.090556 1.090804
v 2.292274 -4.044010 1.103276
v 2.292274 -4.009936 1.137350
v 2.292274 -3.997464 1.183896
v 2.292274 -4.009936 1.230442
v 2.292273 -4.044010 1.264516
v 2.292272 -4.090556 1.276988
v 2.292272 -4.137102 1.264516
v 2.292272 -4.171176 1.230442
v 2.292272 -4.183648 1.183896
v 2.292272 -4.171176 1.137350
v 2.292273 -4.137102 1.103276
v 2.292274 -4.090556 1.090804
v 2.319599 -4.044010 1.103276
v 2.319599 -4.009936 1.137350
v 2.319599 -3.997464 1.183896
v 2.319599 -4.009936 1.230442
v 2.319599 -4.044010 1.264516
v 2.319599 -4.090556 1.276988
v 2.319599 -4.137102 1.264516
v 2.319599 -4.171176 1.230443
v 2.319599 -4.183648 1.183896
v 2.319599 -4.171176 1.137350
v 2.319599 -4.137102 1.103276
v 2.319599 -4.090556 1.090804
v 2.346799 -4.044010 1.103276
v 2.346799 -4.009936 1.137350
v 2.346799 -3.997464 1.183896
v 2.346799 -4.009936 1.230442
v 2.346800 -4.044010 1.264516
v 2.346800 -4.090556 1.276988
v 2.346800 -4.137102 1.264516
v 2.346799 -4.171176 1.230442
v 2.346799 -4.183648 1.183896
v 2.346799 -4.171176 1.137350
v 2.346799 -4.137102 1.103276
v 2.346799 -4.090556 1.090804
v 2.373914 -4.044010 1.103276
v 2.373914 -4.009936 1.137350
v 2.373914 -3.997464 1.183896
v 2.373914 -4.009936 1.230442
v 2.373914 -4.044010 1.264516
v 2.373914 -4.090556 1.276988
v 2.373914 -4.137102 1.264516
v 2.373914 -4.171176 1.230442
v 2.373914 -4.183648 1.183896
v 2.373914 -4.171176 1.137350
v 2.373914 -4.137102 1.103276
v 2.373914 -4.090556 1.090804
v 2.400976 -4.044010 1.103276
v 2.400976 -4.009936 1.137350
v 2.400976 -3.997464 1.183896
v 2.400976 -4.009936 1.230442
v 2.400976 -4.044010 1.264516
v 2.400976 -4.090556 1.276988
v 2.400976 -4.137102 1.264516
v 2.400976 -4.171176 1.230442
v 2.400976 -4.183648 1.183896
v 2.400976 -4.171176 1.137350
v 2.400976 -4.137102 1.103276
v 2.400976 -4.090556 1.090804
v 2.428020 -4.044010 1.103276
v 2.428020 -4.009936 1.137350
v 2.428020 -3.997464 1.183896
v 2.428020 -4.009936 1.230442
v 2.428020 -4.044010 1.264516
v 2.428020 -4.090556 1.276988
v 2.428020 -4.137102 1.264516
v 2.428020 -4.171176 1.230442
v 2.428020 -4.183648 1.183896
v 2.428020 -4.171176 1.137350
v 2.428020 -4.137102 1.103276
v 2.428020 -4.090556 1.090804
v 2.455081 -4.044010 1.103276
v 2.455081 -4.009936 1.137350
v 2.455081 -3.997464 1.183896
v 2.455081 -4.009936 1.230442
v 2.455081 -4.044010 1.264516
v 2.455081 -4.090556 1.276988
v 2.455081 -4.137102 1.264516
v 2.455081 -4.171176 1.230442
v 2.455082 -4.183648 1.183896
v 2.455081 -4.171176 1.137350
v 2.455081 -4.137102 1.103276
v 2.455081 -4.090556 1.090804
v 2.482195 -4.044010 1.103276
v 2.482195 -4.009936 1.137350
v 2.482195 -3.997464 1.183896
v 2.482195 -4.009935 1.230442
v 2.482195 -4.044010 1.264516
v 2.482195 -4.090556 1.276988
v 2.482195 -4.137102 1.264516
v 2.482195 -4.171175 1.230442
v 2.482195 -4.183648 1.183896
v 2.482195 -4.171176 1.137350
v 2.482195 -4.137102 1.103276
v 2.482195 -4.090556 1.090804
v 2.509398 -4.044010 1.103276
v 2.509398 -4.009936 1.137350
v 2.509398 -3.997464 1.183896
v 2.509398 -4.009936 1.230442
v 2.509398 -4.044010 1.264516
v 2.509397 -4.090556 1.276988
v 2.509397 -4.137102 1.264516
v 2.509397 -4.171176 1.230442
v 2.509397 -4.183648 1.183896
v 2.509397 -4.171176 1.137350
v 2.509397 -4.137102 1.103276
v 2.509397 -4.090556 1.090804
v 2.536723 -4.044010 1.103276
v 2.536723 -4.009936 1.137350
v 2.536723 -3.997464 1.183896
v 2.536723 -4.009936 1.230442
v 2.536723 -4.044010 1.264516
v 2.536723 -4.090556 1.276988
v 2.536723 -4.137102 1.264516
v 2.536723 -4.171176 1.230442
v 2.536723 -4.183648 1.183896
v 2.536723 -4.171176 1.137350
v 2.536723 -4.137102 1.103276
v 2.536723 -4.090556 1.090804
v 2.564206 -4.044010 1.103276
v 2.564206 -4.009936 1.137350
v 2.564206 -3.997464 1.183896
v 2.564206 -4.009936 1.230442
v 2.564206 -4.044010 1.264516
v 2.564206 -4.090556 1.276988
v 2.564206 -4.137102 1.264516
v 2.564206 -4.171176 1.230442
v 2.564206 -4.183648 1.183896
v 2.564206 -4.171176 1.137350
v 2.564206 -4.137102 1.103276
v 2.564206 -4.090556 1.090804
v 2.591881 -4.044010 1.103276
v 2.591880 -4.009936 1.137350
v 2.591880 -3.997464 1.183896
v 2.591880 -4.009936 1.230442
v 2.591881 -4.044010 1.264516
v 2.591881 -4.090556 1.276988
v 2.591882 -4.137102 1.264516
v 2.591882 -4.171176 1.230442
v 2.591882 -4.183648 1.183896
v 2.591882 -4.171176 1.137350
v 2.591882 -4.137102 1.103276
v 2.591882 -4.090556 1.090804
v 2.619786 -4.044010 1.103276
v 2.619786 -4.009936 1.137350
v 2.619786 -3.997464 1.183896
v 2.619786 -4.009935 1.230442
v 2.619786 -4.044010 1.264516
v 2.619786 -4.090556 1.276988
v 2.619786 -4.137102 1.264516
v 2.619786 -4.171175 1.230442
v 2.619786 -4.183648 1.183896
v 2.619786 -4.171176 1.137350
v 2.619786 -4.137102 1.103276
v 2.619786 -4.090556 1.090804
v 2.647954 -4.044010 1.103276
v 2.647954 -4.009936 1.137350
v 2.647954 -3.997464 1.183896
v 2.647954 -4.009936 1.230442
v 2.647954 -4.044010 1.264516
v 2.647954 -4.090556 1.276988
v 2.647953 -4.137102 1.264516
v 2.647953 -4.171176 1.230442
v 2.647953 -4.183648 1.183896
v 2.647953 -4.171176 1.137350
v 2.647953 -4.137102 1.103276
v 2.647954 -4.090556 1.090804
v 2.676420 -4.044010 1.103276
v 2.676420 -4.009936 1.137350
v 2.676420 -3.997464 1.183896
v 2.676420 -4.009936 1.230442
v 2.676420 -4.044010 1.264516
v 2.676420 -4.090556 1.276988
v 2.676420 -4.137102 1.264516
v 2.676420 -4.171176 1.230442
v 2.676420 -4.183648 1.183896
v 2.676420 -4.171176 1.137350
v 2.676420 -4.137102 1.103276
v 2.676420 -4.090556 1.090804
v 2.705220 -4.044010 1.103276
v 2.705219 -4.009936 1.137350
v 2.705219 -3.997464 1.183896
v 2.705219 -4.009936 1.230442
v 2.705219 -4.044010 1.264516
v 2.705219 -4.090556 1.276988
v 2.705219 -4.137102 1.264516
v 2.705219 -4.171176 1.230442
v 2.705219 -4.183648 1.183896
v 2.705220 -4.171176 1.137350
v 2.705220 -4.137102 1.103276
v 2.705220 -4.090556 1.090804
v 2.734388 -4.044010 1.103276
v 2.734388 -4.009936 1.137350
v 2.734388 -3.997464 1.183896
v 2.734388 -4.009936 1.230442
v 2.734388 -4.044010 1.264516
v 2.734388 -4.090556 1.276988
v 2.734388 -4.137102 1.264516
v 2.734388 -4.171176 1.230443
v 2.734388 -4.183648 1.183896
v 2.734388 -4.171176 1.137350
v 2.734388 -4.137102 1.103276
v 2.734388 -4.090556 1.090804
v 2.763944 -4.044010 1.103276
v 2.763951 -4.009936 1.137350
v 2.763959 -3.997464 1.183896
v 2.763969 -4.009936 1.230442
v 2.763976 -4.044010 1.264516
v 2.763978 -4.090556 1.276988
v 2.763976 -4.137102 1.264516
v 2.763969 -4.171176 1.230442
v 2.763959 -4.183648 1.183896
v 2.763951 -4.171176 1.137350
v 2.763944 -4.137102 1.103276
v 2.763941 -4.090556 1.090804
v 2.793861 -4.044010 1.103265
v 2.793904 -4.009936 1.137339
v 2.793964 -3.997464 1.183885
v 2.794023 -4.009936 1.230430
v 2.794067 -4.044010 1.264504
v 2.794082 -4.090556 1.276976
v 2.794067 -4.137102 1.264505
v 2.794023 -4.171176 1.230430
v 2.793964 -4.183648 1.183885
v 2.793904 -4.171176 1.137339
v 2.793861 -4.137102 1.103265
v 2.793845 -4.090556 1.090793
v 2.824059 -4.044010 1.103199
v 2.824206 -4.009936 1.137273
v 2.824407 -3.997464 1.183818
v 2.824609 -4.009936 1.230364
v 2.824757 -4.044010 1.264438
v 2.824812 -4.090556 1.276909
v 2.824759 -4.137102 1.264438
v 2.824611 -4.171176 1.230364
v 2.824410 -4.183648 1.183818
v 2.824209 -4.171176 1.137273
v 2.824060 -4.137102 1.103199
v 2.824006 -4.090556 1.090727
v 2.854437 -4.044009 1.103002
v 2.854794 -4.009935 1.137074
v 2.855281 -3.997463 1.183618
v 2.855770 -4.009935 1.230161
v 2.856126 -4.044009 1.264233
v 2.856258 -4.090555 1.276705
v 2.856127 -4.137101 1.264233
v 2.855771 -4.171175 1.230161
v 2.855283 -4.183647 1.183618
v 2.854795 -4.171175 1.137074
v 2.854438 -4.137101 1.103002
v 2.854307 -4.090555 1.090531
v 2.884873 -4.044010 1.102563
v 2.885581 -4.009936 1.136630
v 2.886550 -3.997464 1.183166
v 2.887517 -4.009935 1.229702
v 2.888226 -4.044010 1.263768
v 2.888484 -4.090556 1.276238
v 2.888225 -4.137102 1.263768
v 2.887516 -4.171175 1.229702
v 2.886548 -4.183648 1.183166
v 2.885580 -4.171176 1.136630
v 2.884872 -4.137102 1.102563
v 2.884613 -4.090556 1.090094
v 2.915218 -4.044010 1.101741
v 2.916458 -4.009936 1.135793
v 2.918151 -3.997464 1.182308
v 2.919844 -4.009936 1.228823
v 2.921083 -4.044010 1.262875
v 2.921537 -4.090556 1.275338
v 2.921083 -4.137102 1.262875
v 2.919844 -4.171176 1.228823
v 2.918151 -4.183648 1.182308
v 2.916458 -4.171176 1.135793
v 2.915218 -4.137102 1.101741
v 2.914765 -4.090556 1.089278
v 2.945305 -4.044010 1.100371
v 2.947292 -4.009935 1.134387
v 2.950007 -3.997464 1.180853
v 2.952722 -4.009935 1.227320
v 2.954710 -4.044010 1.261336
v 2.955436 -4.090556 1.273787
v 2.954710 -4.137102 1.261336
v 2.952722 -4.171175 1.227320
v 2.950007 -4.183648 1.180853
v 2.947293 -4.171176 1.134387
v 2.945305 -4.137102 1.100371
v 2.944578 -4.090556 1.087920
v 2.974938 -4.044010 1.098265
v 2.977931 -4.009936 1.132208
v 2.982017 -3.997464 1.178574
v 2.986104 -4.009936 1.224940
v 2.989096 -4.044010 1.258883
v 2.990191 -4.090556 1.271307
v 2.989095 -4.137102 1.258883
v 2.986104 -4.171176 1.224940
v 2.982016 -4.183648 1.178574
v 2.977930 -4.171176 1.132208
v 2.974937 -4.137102 1.098266
v 2.973842 -4.090556 1.085842
v 3.003893 -4.044010 1.095229
v 3.008189 -4.009936 1.129031
v 3.014057 -3.997464 1.175205
v 3.019924 -4.009936 1.221380
v 3.024219 -4.044010 1.255182
v 3.025792 -4.090556 1.267555
v 3.024219 -4.137102 1.255182
v 3.019924 -4.171176 1.221380
v 3.014057 -4.183648 1.175205
v 3.008189 -4.171176 1.129031
v 3.003893 -4.137102 1.095229
v 3.002321 -4.090556 1.082856
v 3.031924 -4.044010 1.091059
v 3.037863 -4.009936 1.124612
v 3.045977 -3.997464 1.170445
v 3.054090 -4.009936 1.216278
v 3.060030 -4.044010 1.249831
v 3.062204 -4.090556 1.262112
v 3.060030 -4.137102 1.249831
v 3.054090 -4.171176 1.216279
v 3.045977 -4.183648 1.170445
v 3.037863 -4.171176 1.124612
v 3.031924 -4.137102 1.091059
v 3.029749 -4.090556 1.078778
v 3.058776 -4.044010 1.085565
v 3.066738 -4.009936 1.118696
v 3.077612 -3.997464 1.163954
v 3.088486 -4.009936 1.209212
v 3.096447 -4.044010 1.242343
v 3.099360 -4.090556 1.254470
v 3.096447 -4.137102 1.242343
v 3.088485 -4.171176 1.209212
v 3.077610 -4.183648 1.163954
v 3.066737 -4.171176 1.118696
v 3.058776 -4.137102 1.085565
v 3.055863 -4.090556 1.073438
v 3.084208 -4.044011 1.078569
v 3.094589 -4.009936 1.111024
v 3.108768 -3.997465 1.155357
v 3.122948 -4.009937 1.199691
v 3.133329 -4.044011 1.232145
v 3.137128 -4.090557 1.244024
v 3.133329 -4.137103 1.232145
v 3.122948 -4.171177 1.199691
v 3.108768 -4.183649 1.155357
v 3.094589 -4.171176 1.111023
v 3.084208 -4.137103 1.078569
v 3.080409 -4.090557 1.066690
v 3.108029 -4.044010 1.069904
v 3.121216 -4.009936 1.101322
v 3.139232 -3.997464 1.144241
v 3.157247 -4.009936 1.187159
v 3.170435 -4.044010 1.218577
v 3.175264 -4.090556 1.230077
v 3.170437 -4.137102 1.218577
v 3.157249 -4.171176 1.187158
v 3.139234 -4.183648 1.144240
v 3.121219 -4.171176 1.101322
v 3.108030 -4.137102 1.069903
v 3.103202 -4.090556 1.058404
v 3.130157 -4.044010 1.059384
v 3.146477 -4.009936 1.089295
v 3.168772 -3.997464 1.130154
v 3.191066 -4.009935 1.171014
v 3.207387 -4.044010 1.200925
v 3.213360 -4.090556 1.211874
v 3.207386 -4.137102 1.200925
v 3.191065 -4.171175 1.171015
v 3.168771 -4.183648 1.130155
v 3.146476 -4.171176 1.089296
v 3.130156 -4.137102 1.059385
v 3.124182 -4.090556 1.048436
v 3.150644 -4.044011 1.046742
v 3.170290 -4.009936 1.074582
v 3.197126 -3.997465 1.112613
v 3.223961 -4.009937 1.150644
v 3.243607 -4.044011 1.178485
v 3.250797 -4.090557 1.188676
v 3.243606 -4.137103 1.178485
v 3.223960 -4.171177 1.150645
v 3.197124 -4.183649 1.112614
v 3.170289 -4.171177 1.074583
v 3.150643 -4.137103 1.046742
v 3.143453 -4.090557 1.036552
v 3.169690 -4.044010 1.031523
v 3.192649 -4.009936 1.056701
v 3.224013 -3.997464 1.091093
v 3.255376 -4.009936 1.125486
v 3.278337 -4.044010 1.150662
v 3.286741 -4.090556 1.159878
v 3.278337 -4.137102 1.150662
v 3.255377 -4.171176 1.125485
v 3.224014 -4.183648 1.091092
v 3.192649 -4.171176 1.056700
v 3.169690 -4.137102 1.031523
v 3.161286 -4.090556 1.022308
v 3.187547 -4.044010 1.013005
v 3.213577 -4.009936 1.034994
v 3.249135 -3.997464 1.065031
v 3.284691 -4.009936 1.095068
v 3.310721 -4.044010 1.117057
v 3.320248 -4.090556 1.125106
v 3.310721 -4.137102 1.117057
v 3.284691 -4.171176 1.095068
v 3.249135 -4.183648 1.065031
v 3.213577 -4.171176 1.034994
v 3.187547 -4.137102 1.013005
v 3.178020 -4.090556 1.004957
v 3.204376 -4.044010 0.990192
v 3.233026 -4.009936 1.008636
v 3.272163 -3.997464 1.033832
v 3.311300 -4.009936 1.059028
v 3.339950 -4.044010 1.077472
v 3.350438 -4.090556 1.084224
v 3.339951 -4.137102 1.077472
v 3.311301 -4.171176 1.059028
v 3.272163 -4.183648 1.033832
v 3.233026 -4.171176 1.008636
v 3.204376 -4.137102 0.990192
v 3.193889 -4.090556 0.983441
v 3.220104 -4.044010 0.961907
v 3.250809 -4.009936 0.976680
v 3.292753 -3.997464 0.996860
v 3.334697 -4.009936 1.017040
v 3.365403 -4.044010 1.031812
v 3.376642 -4.090556 1.037220
v 3.365403 -4.137102 1.031812
v 3.334697 -4.171176 1.017040
v 3.292753 -4.183648 0.996860
v 3.250809 -4.171176 0.976680
v 3.220104 -4.137102 0.961907
v 3.208866 -4.090556 0.956500
v 3.234390 -4.044010 0.926958
v 3.266572 -4.009936 0.938152
v 3.310535 -3.997464 0.953443
v 3.354497 -4.009936 0.968735
v 3.386680 -4.044010 0.979929
v 3.398460 -4.090556 0.984026
v 3.386680 -4.137102 0.979929
v 3.354497 -4.171176 0.968735
v 3.310535 -4.183648 0.953443
v 3.266572 -4.171176 0.938152
v 3.234390 -4.137102 0.926958
v 3.222610 -4.090556 0.922861
v 3.246678 -4.044010 0.884251
v 3.279830 -4.009936 0.892122
v 3.325118 -3.997464 0.902874
v 3.370405 -4.009936 0.913626
v 3.403557 -4.044010 0.921497
v 3.415692 -4.090556 0.924378
v 3.403557 -4.137102 0.921497
v 3.370405 -4.171176 0.913626
v 3.325118 -4.183648 0.902874
v 3.279830 -4.171176 0.892122
v 3.246678 -4.137102 0.884251
v 3.234543 -4.090556 0.881370
v 3.256301 -4.044010 0.832831
v 3.290022 -4.009936 0.837723
v 3.336086 -3.997464 0.844406
v 3.382150 -4.009936 0.851088
v 3.415871 -4.044010 0.855980
v 3.428214 -4.090556 0.857771
v 3.415871 -4.137102 0.855980
v 3.382150 -4.171176 0.851088
v 3.336086 -4.183648 0.844406
v 3.290022 -4.171176 0.837723
v 3.256301 -4.137102 0.832831
v 3.243959 -4.090556 0.831041
v 3.262567 -4.044010 0.771853
v 3.296565 -4.009936 0.774137
v 3.343006 -3.997464 0.777256
v 3.389448 -4.009936 0.780376
v 3.423444 -4.044010 0.782660
v 3.435889 -4.090556 0.783496
v 3.423444 -4.137102 0.782660
v 3.389448 -4.171176 0.780376
v 3.343006 -4.183648 0.777256
v 3.296565 -4.171176 0.774137
v 3.262567 -4.137102 0.771853
v 3.250124 -4.090556 0.771017
v 3.264799 -4.044010 0.700606
v 3.298872 -4.009936 0.700606
v 3.345418 -3.997464 0.700606
v 3.391964 -4.009936 0.700606
v 3.426038 -4.044010 0.700606
v 3.438510 -4.090556 0.700606
v 3.426038 -4.137102 0.700606
v 3.391964 -4.171176 0.700606
v 3.345418 -4.183648 0.700606
v 3.298872 -4.171176 0.700606
v 3.264799 -4.137102 0.700606
v 3.252326 -4.090556 0.700606
v -1.564198 -4.044010 0.700604
v -1.530124 -4.009936 0.700604
v -1.483578 -3.997464 0.700604
v -1.437032 -4.009936 0.700604
v -1.402958 -4.044010 0.700604
v -1.390486 -4.090556 0.700604
v -1.402958 -4.137102 0.700604
v -1.437032 -4.171176 0.700604
v -1.483578 -4.183648 0.700604
v -1.530124 -4.171176 0.700604
v -1.564198 -4.137102 0.700604
v -1.576670 -4.090556 0.700604
v -1.566429 -4.044011 0.771851
v -1.532432 -4.009937 0.774135
v -1.485990 -3.997465 0.777254
v -1.439549 -4.009937 0.780374
v -1.405551 -4.044011 0.782657
v -1.393107 -4.090557 0.783493
v -1.405551 -4.137103 0.782657
v -1.439548 -4.171177 0.780374
v -1.485990 -4.183649 0.777254
v -1.532431 -4.171177 0.774135
v -1.566429 -4.137103 0.771851
v -1.578873 -4.090557 0.771015
v -1.572694 -4.044010 0.832829
v -1.538973 -4.009936 0.837721
v -1.492909 -3.997464 0.844403
v -1.446846 -4.009936 0.851086
v -1.413125 -4.044010 0.855978
v -1.400782 -4.090556 0.857769
v -1.413125 -4.137102 0.855978
v -1.446846 -4.171176 0.851087
v -1.492909 -4.183648 0.844404
v -1.538973 -4.171176 0.837722
v -1.572694 -4.137102 0.832830
v -1.585037 -4.090556 0.831039
v -1.582318 -4.044010 0.884250
v -1.549165 -4.009936 0.892120
v -1.503878 -3.997464 0.902872
v -1.458591 -4.009936 0.913623
v -1.425438 -4.044010 0.921494
v -1.413304 -4.090556 0.924375
v -1.425438 -4.137102 0.921495
v -1.458591 -4.171176 0.913624
v -1.503878 -4.183648 0.902873
v -1.549165 -4.171176 0.892121
v -1.582318 -4.137102 0.884250
v -1.594453 -4.090556 0.881369
v -1.594606 -4.044010 0.926957
v -1.562423 -4.009936 0.938151
v -1.518460 -3.997464 0.953442
v -1.474498 -4.009935 0.968733
v -1.442315 -4.044010 0.979927
v -1.430535 -4.090556 0.984024
v -1.442315 -4.137102 0.979927
v -1.474498 -4.171175 0.968733
v -1.518460 -4.183648 0.953442
v -1.562423 -4.171176 0.938151
v -1.594606 -4.137102 0.926957
v -1.606386 -4.090556 0.922860
v -1.608892 -4.044010 0.961907
v -1.578187 -4.009936 0.976680
v -1.536243 -3.997464 0.996859
v -1.494298 -4.009935 1.017039
v -1.463593 -4.044010 1.031812
v -1.452354 -4.090556 1.037218
v -1.463593 -4.137102 1.031811
v -1.494298 -4.171175 1.017038
v -1.536242 -4.183648 0.996858
v -1.578186 -4.171176 0.976678
v -1.608891 -4.137102 0.961906
v -1.620130 -4.090556 0.956499
v -1.624620 -4.044011 0.990191
v -1.595970 -4.009936 1.008636
v -1.556833 -3.997465 1.033831
v -1.517695 -4.009936 1.059027
v -1.489045 -4.044011 1.077471
v -1.478558 -4.090557 1.084223
v -1.489045 -4.137103 1.077471
v -1.517695 -4.171176 1.059026
v -1.556832 -4.183649 1.033831
v -1.595969 -4.171177 1.008635
v -1.624619 -4.137103 0.990191
v -1.635107 -4.090557 0.983440
v -1.641448 -4.044010 1.013004
v -1.615417 -4.009936 1.034992
v -1.579860 -3.997464 1.065029
v -1.544303 -4.009936 1.095066
v -1.518274 -4.044010 1.117055
v -1.508747 -4.090556 1.125104
v -1.518275 -4.137102 1.117057
v -1.544305 -4.171176 1.095069
v -1.579862 -4.183648 1.065032
v -1.615419 -4.171176 1.034995
v -1.641448 -4.137102 1.013006
v -1.650976 -4.090556 1.004956
v -1.659306 -4.044009 1.031522
v -1.636346 -4.009935 1.056699
v -1.604982 -3.997463 1.091092
v -1.573618 -4.009935 1.125484
v -1.550658 -4.044009 1.150661
v -1.542254 -4.090555 1.159877
v -1.550658 -4.137101 1.150661
v -1.573618 -4.171175 1.125484
v -1.604982 -4.183647 1.091092
v -1.636345 -4.171175 1.056700
v -1.659306 -4.137102 1.031523
v -1.667710 -4.090556 1.022307
v -1.678353 -4.044010 1.046742
v -1.658708 -4.009936 1.074583
v -1.631872 -3.997464 1.112614
v -1.605036 -4.009936 1.150645
v -1.585390 -4.044010 1.178485
v -1.578198 -4.090556 1.188675
v -1.585388 -4.137102 1.178484
v -1.605033 -4.171176 1.150643
v -1.631869 -4.183648 1.112612
v -1.658705 -4.171176 1.074581
v -1.678352 -4.137102 1.046741
v -1.685544 -4.090556 1.036551
v -1.698840 -4.044011 1.059384
v -1.682519 -4.009936 1.089295
v -1.660224 -3.997465 1.130155
v -1.637929 -4.009936 1.171014
v -1.621608 -4.044011 1.200925
v -1.615634 -4.090557 1.211873
v -1.621608 -4.137103 1.200925
v -1.637929 -4.171176 1.171014
v -1.660224 -4.183649 1.130155
v -1.682519 -4.171177 1.089296
v -1.698840 -4.137103 1.059384
v -1.704814 -4.090557 1.048436
v -1.720965 -4.044010 1.069903
v -1.707777 -4.009936 1.101321
v -1.689762 -3.997464 1.144240
v -1.671747 -4.009936 1.187158
v -1.658559 -4.044010 1.218577
v -1.653732 -4.090556 1.230077
v -1.658559 -4.137102 1.218577
v -1.671748 -4.171176 1.187159
v -1.689763 -4.183648 1.144240
v -1.707778 -4.171176 1.101322
v -1.720966 -4.137102 1.069903
v -1.725793 -4.090556 1.058403
v -1.744788 -4.044010 1.078569
v -1.734408 -4.009936 1.111023
v -1.720228 -3.997464 1.155357
v -1.706048 -4.009936 1.199690
v -1.695668 -4.044010 1.232145
v -1.691868 -4.090556 1.244024
v -1.695667 -4.137102 1.232145
v -1.706047 -4.171176 1.199690
v -1.720227 -4.183648 1.155357
v -1.734407 -4.171176 1.111023
v -1.744788 -4.137102 1.078569
v -1.748587 -4.090556 1.066689
v -1.770219 -4.044011 1.085565
v -1.762259 -4.009937 1.118696
v -1.751384 -3.997465 1.163954
v -1.740510 -4.009936 1.209212
v -1.732549 -4.044011 1.242343
v -1.729635 -4.090557 1.254470
v -1.732549 -4.137103 1.242343
v -1.740510 -4.171176 1.209212
v -1.751384 -4.183649 1.163954
v -1.762259 -4.171177 1.118696
v -1.770219 -4.137103 1.085565
v -1.773133 -4.090557 1.073438
v -1.797071 -4.044010 1.091059
v -1.791132 -4.009936 1.124611
v -1.783018 -3.997464 1.170445
v -1.774905 -4.009936 1.216278
v -1.768965 -4.044010 1.249831
v -1.766791 -4.090556 1.262112
v -1.768965 -4.137102 1.249831
v -1.774905 -4.171176 1.216278
v -1.783018 -4.183648 1.170445
v -1.791132 -4.171176 1.124611
v -1.797071 -4.137102 1.091059
v -1.799245 -4.090556 1.078778
v -1.825103 -4.044011 1.095228
v -1.820807 -4.009936 1.129031
v -1.814939 -3.997465 1.175205
v -1.809072 -4.009936 1.221380
v -1.804776 -4.044011 1.255182
v -1.803204 -4.090557 1.267555
v -1.804776 -4.137103 1.255182
v -1.809072 -4.171176 1.221380
v -1.814939 -4.183649 1.175205
v -1.820807 -4.171177 1.129031
v -1.825103 -4.137103 1.095229
v -1.826675 -4.090557 1.082856
v -1.854057 -4.044010 1.098265
v -1.851065 -4.009936 1.132208
v -1.846977 -3.997464 1.178574
v -1.842890 -4.009936 1.224940
v -1.839899 -4.044010 1.258883
v -1.838804 -4.090556 1.271307
v -1.839899 -4.137102 1.258883
v -1.842891 -4.171176 1.224940
v -1.846979 -4.183648 1.178574
v -1.851066 -4.171176 1.132208
v -1.854058 -4.137102 1.098266
v -1.855153 -4.090556 1.085842
v -1.883690 -4.044010 1.100371
v -1.881703 -4.009936 1.134387
v -1.878989 -3.997464 1.180853
v -1.876274 -4.009936 1.227320
v -1.874286 -4.044010 1.261336
v -1.873559 -4.090556 1.273787
v -1.874286 -4.137102 1.261336
v -1.876273 -4.171176 1.227320
v -1.878987 -4.183648 1.180853
v -1.881702 -4.171176 1.134387
v -1.883690 -4.137102 1.100371
v -1.884418 -4.090556 1.087920
v -1.913778 -4.044011 1.101741
v -1.912539 -4.009936 1.135793
v -1.910846 -3.997465 1.182308
v -1.909153 -4.009936 1.228823
v -1.907913 -4.044011 1.262875
v -1.907459 -4.090557 1.275338
v -1.907912 -4.137103 1.262875
v -1.909152 -4.171176 1.228823
v -1.910844 -4.183649 1.182308
v -1.912538 -4.171177 1.135793
v -1.913777 -4.137103 1.101741
v -1.914231 -4.090557 1.089278
v -1.944123 -4.044011 1.102563
v -1.943415 -4.009936 1.136630
v -1.942446 -3.997465 1.183166
v -1.941478 -4.009936 1.229702
v -1.940770 -4.044011 1.263768
v -1.940510 -4.090557 1.276238
v -1.940770 -4.137103 1.263768
v -1.941478 -4.171176 1.229702
v -1.942446 -4.183649 1.183166
v -1.943415 -4.171177 1.136630
v -1.944123 -4.137103 1.102563
v -1.944383 -4.090557 1.090094
v -1.974557 -4.044011 1.103002
v -1.974201 -4.009936 1.137074
v -1.973713 -3.997465 1.183618
v -1.973225 -4.009936 1.230161
v -1.972868 -4.044011 1.264234
v -1.972738 -4.090557 1.276705
v -1.972868 -4.137103 1.264234
v -1.973225 -4.171176 1.230161
v -1.973713 -4.183649 1.183618
v -1.974201 -4.171177 1.137075
v -1.974557 -4.137103 1.103002
v -1.974688 -4.090557 1.090531
v -2.004935 -4.044011 1.103199
v -2.004787 -4.009936 1.137273
v -2.004586 -3.997465 1.183818
v -2.004385 -4.009936 1.230364
v -2.004237 -4.044011 1.264438
v -2.004183 -4.090557 1.276910
v -2.004238 -4.137103 1.264438
v -2.004385 -4.171176 1.230364
v -2.004587 -4.183649 1.183819
v -2.004789 -4.171177 1.137273
v -2.004936 -4.137103 1.103199
v -2.004990 -4.090557 1.090727
v -2.035135 -4.044010 1.103264
v -2.035091 -4.009936 1.137338
v -2.035032 -3.997464 1.183884
v -2.034972 -4.009936 1.230430
v -2.034929 -4.044010 1.264504
v -2.034913 -4.090556 1.276976
v -2.034929 -4.137102 1.264504
v -2.034972 -4.171176 1.230430
v -2.035032 -4.183648 1.183885
v -2.035091 -4.171176 1.137339
v -2.035135 -4.137102 1.103264
v -2.035151 -4.090556 1.090792
v -2.065052 -4.044011 1.103276
v -2.065044 -4.009936 1.137350
v -2.065035 -3.997465 1.183896
v -2.065026 -4.009936 1.230442
v -2.065019 -4.044011 1.264516
v -2.065017 -4.090557 1.276988
v -2.065020 -4.137103 1.264516
v -2.065027 -4.171176 1.230442
v -2.065036 -4.183649 1.183896
v -2.065046 -4.171177 1.137350
v -2.065053 -4.137103 1.103276
v -2.065054 -4.090557 1.090804
v -2.094607 -4.044010 1.103276
v -2.094607 -4.009936 1.137350
v -2.094607 -3.997464 1.183896
v -2.094607 -4.009935 1.230442
v -2.094607 -4.044010 1.264516
v -2.094607 -4.090556 1.276988
v -2.094608 -4.137102 1.264516
v -2.094608 -4.171175 1.230442
v -2.094608 -4.183648 1.183896
v -2.094608 -4.171176 1.137350
v -2.094608 -4.137102 1.103276
v -2.094608 -4.090556 1.090804
v -2.123777 -4.044010 1.103276
v -2.123778 -4.009936 1.137350
v -2.123778 -3.997464 1.183896
v -2.123777 -4.009936 1.230442
v -2.123777 -4.044010 1.264516
v -2.123776 -4.090556 1.276988
v -2.123775 -4.137102 1.264516
v -2.123775 -4.171176 1.230442
v -2.123775 -4.183648 1.183896
v -2.123775 -4.171176 1.137350
v -2.123776 -4.137102 1.103276
v -2.123776 -4.090556 1.090804
v -2.152576 -4.044011 1.103276
v -2.152576 -4.009937 1.137350
v -2.152576 -3.997465 1.183896
v -2.152576 -4.009936 1.230442
v -2.152576 -4.044011 1.264516
v -2.152576 -4.090557 1.276988
v -2.152576 -4.137103 1.264516
v -2.152576 -4.171176 1.230443
v -2.152576 -4.183649 1.183897
v -2.152576 -4.171177 1.137350
v -2.152576 -4.137103 1.103276
v -2.152576 -4.090557 1.090804
v -2.181041 -4.044010 1.103276
v -2.181041 -4.009936 1.137350
v -2.181041 -3.997464 1.183896
v -2.181041 -4.009936 1.230442
v -2.181042 -4.044010 1.264516
v -2.181042 -4.090556 1.276989
v -2.181042 -4.137102 1.264516
v -2.181043 -4.171176 1.230443
v -2.181043 -4.183648 1.183897
v -2.181043 -4.171176 1.137350
v -2.181042 -4.137102 1.103276
v -2.181042 -4.090556 1.090804
v -2.209209 -4.044010 1.103276
v -2.209209 -4.009936 1.137350
v -2.209209 -3.997464 1.183896
v -2.209209 -4.009936 1.230442
v -2.209210 -4.044010 1.264516
v -2.209210 -4.090556 1.276988
v -2.209210 -4.137102 1.264516
v -2.209211 -4.171176 1.230442
v -2.209210 -4.183648 1.183896
v -2.209210 -4.171176 1.137350
v -2.209210 -4.137102 1.103276
v -2.209209 -4.090556 1.090804
v -2.237113 -4.044010 1.103276
v -2.237113 -4.009936 1.137350
v -2.237113 -3.997464 1.183896
v -2.237113 -4.009935 1.230442
v -2.237113 -4.044010 1.264516
v -2.237114 -4.090556 1.276988
v -2.237114 -4.137102 1.264516
v -2.237114 -4.171175 1.230442
v -2.237114 -4.183648 1.183896
v -2.237114 -4.171176 1.137350
v -2.237114 -4.137102 1.103276
v -2.237113 -4.090556 1.090804
v -2.264791 -4.044010 1.103276
v -2.264791 -4.009936 1.137350
v -2.264791 -3.997464 1.183896
v -2.264791 -4.009936 1.230442
v -2.264790 -4.044010 1.264516
v -2.264790 -4.090556 1.276988
v -2.264790 -4.137102 1.264516
v -2.264789 -4.171175 1.230442
v -2.264789 -4.183648 1.183896
v -2.264790 -4.171176 1.137350
v -2.264790 -4.137102 1.103276
v -2.264790 -4.090556 1.090804
v -2.292274 -4.044010 1.103276
v -2.292274 -4.009936 1.137350
v -2.292274 -3.997464 1.183896
v -2.292274 -4.009936 1.230442
v -2.292273 -4.044010 1.264516
v -2.292273 -4.090556 1.276988
v -2.292272 -4.137102 1.264516
v -2.292272 -4.171176 1.230442
v -2.292272 -4.183648 1.183896
v -2.292273 -4.171176 1.137350
v -2.292273 -4.137102 1.103276
v -2.292274 -4.090556 1.090804
v -2.319598 -4.044010 1.103276
v -2.319598 -4.009936 1.137350
v -2.319598 -3.997464 1.183896
v -2.319598 -4.009936 1.230442
v -2.319598 -4.044010 1.264516
v -2.319598 -4.090556 1.276988
v -2.319598 -4.137102 1.264516
v -2.319598 -4.171176 1.230443
v -2.319598 -4.183648 1.183896
v -2.319598 -4.171176 1.137350
v -2.319598 -4.137102 1.103276
v -2.319598 -4.090556 1.090804
v -2.346799 -4.044010 1.103276
v -2.346800 -4.009936 1.137350
v -2.346800 -3.997464 1.183896
v -2.346800 -4.009936 1.230442
v -2.346800 -4.044010 1.264516
v -2.346800 -4.090556 1.276988
v -2.346800 -4.137102 1.264516
v -2.346800 -4.171176 1.230442
v -2.346800 -4.183648 1.183896
v -2.346800 -4.171176 1.137350
v -2.346799 -4.137102 1.103276
v -2.346799 -4.090556 1.090804
v -2.373914 -4.044010 1.103276
v -2.373914 -4.009936 1.137350
v -2.373914 -3.997464 1.183896
v -2.373914 -4.009936 1.230442
v -2.373914 -4.044010 1.264516
v -2.373914 -4.090556 1.276988
v -2.373914 -4.137102 1.264516
v -2.373914 -4.171176 1.230442
v -2.373914 -4.183648 1.183896
v -2.373914 -4.171176 1.137350
v -2.373914 -4.137102 1.103276
v -2.373914 -4.090556 1.090804
v -2.400976 -4.044010 1.103276
v -2.400976 -4.009936 1.137350
v -2.400976 -3.997464 1.183896
v -2.400976 -4.009936 1.230442
v -2.400976 -4.044010 1.264516
v -2.400976 -4.090556 1.276988
v -2.400976 -4.137102 1.264516
v -2.400976 -4.171176 1.230442
v -2.400976 -4.183648 1.183896
v -2.400976 -4.171176 1.137350
v -2.400976 -4.137102 1.103276
v -2.400976 -4.090556 1.090804
v -2.428020 -4.044010 1.103276
v -2.428020 -4.009936 1.137350
v -2.428020 -3.997464 1.183896
v -2.428020 -4.009936 1.230442
v -2.428020 -4.044010 1.264516
v -2.428020 -4.090556 1.276988
v -2.428020 -4.137102 1.264516
v -2.428020 -4.171176 1.230442
v -2.428020 -4.183648 1.183896
v -2.428020 -4.171176 1.137350
v -2.428020 -4.137102 1.103276
v -2.428020 -4.090556 1.090804
v -2.455081 -4.044010 1.103276
v -2.455081 -4.009936 1.137350
v -2.455081 -3.997464 1.183896
v -2.455081 -4.009936 1.230442
v -2.455081 -4.044010 1.264516
v -2.455081 -4.090556 1.276988
v -2.455081 -4.137102 1.264516
v -2.455082 -4.171176 1.230442
v -2.455082 -4.183648 1.183896
v -2.455082 -4.171176 1.137350
v -2.455081 -4.137102 1.103276
v -2.455081 -4.090556 1.090804
v -2.482195 -4.044010 1.103276
v -2.482195 -4.009936 1.137350
v -2.482195 -3.997464 1.183896
v -2.482195 -4.009935 1.230442
v -2.482195 -4.044010 1.264516
v -2.482195 -4.090556 1.276988
v -2.482195 -4.137102 1.264516
v -2.482195 -4.171175 1.230442
v -2.482195 -4.183648 1.183896
v -2.482195 -4.171176 1.137350
v -2.482195 -4.137102 1.103276
v -2.482195 -4.090556 1.090804
v -2.509398 -4.044010 1.103276
v -2.509398 -4.009936 1.137350
v -2.509398 -3.997464 1.183896
v -2.509398 -4.009936 1.230442
v -2.509398 -4.044010 1.264516
v -2.509397 -4.090556 1.276988
v -2.509397 -4.137102 1.264516
v -2.509397 -4.171176 1.230442
v -2.509397 -4.183648 1.183896
v -2.509397 -4.171176 1.137350
v -2.509397 -4.137102 1.103276
v -2.509397 -4.090556 1.090804
v -2.536723 -4.044010 1.103276
v -2.536723 -4.009936 1.137350
v -2.536723 -3.997464 1.183896
v -2.536723 -4.009936 1.230442
v -2.536723 -4.044010 1.264516
v -2.536723 -4.090556 1.276988
v -2.536723 -4.137102 1.264516
v -2.536723 -4.171176 1.230442
v -2.536723 -4.183648 1.183896
v -2.536723 -4.171176 1.137350
v -2.536723 -4.137102 1.103276
v -2.536723 -4.090556 1.090804
v -2.564206 -4.044010 1.103276
v -2.564206 -4.009936 1.137350
v -2.564206 -3.997464 1.183896
v -2.564206 -4.009936 1.230442
v -2.564206 -4.044010 1.264516
v -2.564206 -4.090556 1.276988
v -2.564206 -4.137102 1.264516
v -2.564206 -4.171176 1.230442
v -2.564206 -4.183648 1.183896
v -2.564206 -4.171176 1.137350
v -2.564206 -4.137102 1.103276
v -2.564206 -4.090556 1.090804
v -2.591881 -4.044010 1.103276
v -2.591881 -4.009936 1.137350
v -2.591881 -3.997464 1.183896
v -2.591881 -4.009936 1.230442
v -2.591881 -4.044010 1.264516
v -2.591881 -4.090556 1.276988
v -2.591882 -4.137102 1.264516
v -2.591882 -4.171176 1.230442
v -2.591882 -4.183648 1.183896
v -2.591882 -4.171176 1.137350
v -2.591882 -4.137102 1.103276
v -2.591882 -4.090556 1.090804
v -2.619786 -4.044010 1.103276
v -2.619786 -4.009936 1.137350
v -2.619786 -3.997464 1.183896
v -2.619786 -4.009935 1.230442
v -2.619786 -4.044010 1.264516
v -2.619786 -4.090556 1.276988
v -2.619786 -4.137102 1.264516
v -2.619786 -4.171175 1.230442
v -2.619786 -4.183648 1.183896
v -2.619786 -4.171176 1.137350
v -2.619786 -4.137102 1.103276
v -2.619786 -4.090556 1.090804
v -2.647954 -4.044010 1.103276
v -2.647954 -4.009936 1.137350
v -2.647954 -3.997464 1.183896
v -2.647954 -4.009936 1.230442
v -2.647954 -4.044010 1.264516
v -2.647954 -4.090556 1.276988
v -2.647953 -4.137102 1.264516
v -2.647953 -4.171176 1.230442
v -2.647953 -4.183648 1.183896
v -2.647953 -4.171176 1.137350
v -2.647953 -4.137102 1.103276
v -2.647954 -4.090556 1.090804
v -2.676420 -4.044010 1.103276
v -2.676420 -4.009936 1.137350
v -2.676420 -3.997464 1.183896
v -2.676420 -4.009936 1.230442
v -2.676420 -4.044010 1.264516
v -2.676420 -4.090556 1.276988
v -2.676420 -4.137102 1.264516
v -2.676420 -4.171176 1.230442
v -2.676420 -4.183648 1.183896
v -2.676420 -4.171176 1.137350
v -2.676420 -4.137102 1.103276
v -2.676420 -4.090556 1.090804
v -2.705220 -4.044010 1.103276
v -2.705219 -4.009936 1.137350
v -2.705219 -3.997464 1.183896
v -2.705219 -4.009936 1.230442
v -2.705219 -4.044010 1.264516
v -2.705219 -4.090556 1.276988
v -2.705219 -4.137102 1.264516
v -2.705219 -4.171176 1.230442
v -2.705219 -4.183648 1.183896
v -2.705220 -4.171176 1.137350
v -2.705220 -4.137102 1.103276
v -2.705220 -4.090556 1.090804
v -2.734388 -4.044010 1.103276
v -2.734388 -4.009936 1.137350
v -2.734388 -3.997464 1.183896
v -2.734388 -4.009936 1.230442
v -2.734388 -4.044010 1.264516
v -2.734388 -4.090556 1.276988
v -2.734388 -4.137102 1.264516
v -2.734388 -4.171176 1.230443
v -2.734388 -4.183648 1.183896
v -2.734388 -4.171176 1.137350
v -2.734388 -4.137102 1.103276
v -2.734388 -4.090556 1.090804
v -2.763944 -4.044010 1.103276
v -2.763951 -4.009936 1.137350
v -2.763960 -3.997464 1.183896
v -2.763969 -4.009936 1.230442
v -2.763976 -4.044010 1.264516
v -2.763978 -4.090556 1.276988
v -2.763976 -4.137102 1.264516
v -2.763969 -4.171176 1.230442
v -2.763960 -4.183648 1.183896
v -2.763951 -4.171176 1.137350
v -2.763944 -4.137102 1.103276
v -2.763941 -4.090556 1.090804
v -2.793860 -4.044010 1.103265
v -2.793904 -4.009936 1.137339
v -2.793964 -3.997464 1.183885
v -2.794023 -4.009936 1.230430
v -2.794067 -4.044010 1.264504
v -2.794083 -4.090556 1.276976
v -2.794067 -4.137102 1.264505
v -2.794023 -4.171176 1.230430
v -2.793964 -4.183648 1.183885
v -2.793904 -4.171176 1.137339
v -2.793861 -4.137102 1.103265
v -2.793845 -4.090556 1.090793
v -2.824059 -4.044010 1.103199
v -2.824206 -4.009936 1.137273
v -2.824407 -3.997464 1.183818
v -2.824609 -4.009936 1.230364
v -2.824757 -4.044010 1.264438
v -2.824812 -4.090556 1.276909
v -2.824759 -4.137102 1.264438
v -2.824612 -4.171176 1.230364
v -2.824410 -4.183648 1.183818
v -2.824208 -4.171176 1.137273
v -2.824060 -4.137102 1.103199
v -2.824005 -4.090556 1.090727
v -2.854437 -4.044009 1.103002
v -2.854794 -4.009935 1.137074
v -2.855282 -3.997463 1.183618
v -2.855769 -4.009935 1.230161
v -2.856127 -4.044009 1.264233
v -2.856257 -4.090555 1.276705
v -2.856127 -4.137101 1.264233
v -2.855771 -4.171175 1.230161
v -2.855283 -4.183647 1.183618
v -2.854795 -4.171175 1.137074
v -2.854438 -4.137101 1.103002
v -2.854307 -4.090555 1.090531
v -2.884873 -4.044010 1.102563
v -2.885582 -4.009936 1.136630
v -2.886550 -3.997464 1.183166
v -2.887518 -4.009935 1.229702
v -2.888226 -4.044010 1.263768
v -2.888485 -4.090556 1.276238
v -2.888225 -4.137102 1.263768
v -2.887516 -4.171175 1.229702
v -2.886547 -4.183648 1.183166
v -2.885580 -4.171176 1.136630
v -2.884871 -4.137102 1.102563
v -2.884613 -4.090556 1.090094
v -2.915218 -4.044010 1.101741
v -2.916458 -4.009936 1.135793
v -2.918151 -3.997464 1.182308
v -2.919844 -4.009936 1.228823
v -2.921083 -4.044010 1.262875
v -2.921537 -4.090556 1.275338
v -2.921083 -4.137102 1.262875
v -2.919844 -4.171176 1.228823
v -2.918151 -4.183648 1.182308
v -2.916458 -4.171176 1.135793
v -2.915218 -4.137102 1.101741
v -2.914765 -4.090556 1.089278
v -2.945305 -4.044010 1.100371
v -2.947292 -4.009935 1.134387
v -2.950007 -3.997464 1.180853
v -2.952722 -4.009935 1.227320
v -2.954709 -4.044010 1.261336
v -2.955437 -4.090556 1.273787
v -2.954709 -4.137102 1.261336
v -2.952722 -4.171175 1.227320
v -2.950007 -4.183648 1.180853
v -2.947293 -4.171176 1.134387
v -2.945305 -4.137102 1.100371
v -2.944578 -4.090556 1.087920
v -2.974938 -4.044010 1.098265
v -2.977930 -4.009936 1.132208
v -2.982018 -3.997464 1.178574
v -2.986104 -4.009936 1.224940
v -2.989096 -4.044010 1.258883
v -2.990191 -4.090556 1.271307
v -2.989095 -4.137102 1.258883
v -2.986103 -4.171176 1.224940
v -2.982016 -4.183648 1.178574
v -2.977929 -4.171176 1.132208
v -2.974937 -4.137102 1.098266
v -2.973843 -4.090556 1.085842
v -3.003893 -4.044010 1.095229
v -3.008188 -4.009936 1.129031
v -3.014056 -3.997464 1.175205
v -3.019924 -4.009936 1.221380
v -3.024219 -4.044010 1.255182
v -3.025791 -4.090556 1.267555
v -3.024219 -4.137102 1.255182
v -3.019924 -4.171176 1.221380
v -3.014056 -4.183648 1.175205
v -3.008188 -4.171176 1.129031
v -3.003893 -4.137102 1.095229
v -3.002321 -4.090556 1.082856
v -3.031924 -4.044010 1.091059
v -3.037863 -4.009936 1.124612
v -3.045977 -3.997464 1.170445
v -3.054090 -4.009936 1.216278
v -3.060030 -4.044010 1.249831
v -3.062204 -4.090556 1.262112
v -3.060030 -4.137102 1.249831
v -3.054090 -4.171176 1.216279
v -3.045977 -4.183648 1.170445
v -3.037863 -4.171176 1.124612
v -3.031924 -4.137102 1.091059
v -3.029750 -4.090556 1.078778
v -3.058777 -4.044010 1.085565
v -3.066738 -4.009936 1.118696
v -3.077612 -3.997464 1.163954
v -3.088486 -4.009936 1.209212
v -3.096447 -4.044010 1.242343
v -3.099360 -4.090556 1.254470
v -3.096446 -4.137102 1.242343
v -3.088485 -4.171176 1.209212
v -3.077611 -4.183648 1.163954
v -3.066737 -4.171176 1.118696
v -3.058776 -4.137102 1.085565
v -3.055863 -4.090556 1.073438
v -3.084208 -4.044011 1.078569
v -3.094588 -4.009936 1.111024
v -3.108768 -3.997465 1.155357
v -3.122948 -4.009937 1.199691
v -3.133328 -4.044011 1.232145
v -3.137128 -4.090557 1.244024
v -3.133328 -4.137103 1.232145
v -3.122948 -4.171177 1.199691
v -3.108768 -4.183649 1.155357
v -3.094589 -4.171176 1.111023
v -3.084208 -4.137103 1.078569
v -3.080409 -4.090557 1.066690
v -3.108029 -4.044010 1.069904
v -3.121217 -4.009936 1.101322
v -3.139232 -3.997464 1.144241
v -3.157247 -4.009936 1.187159
v -3.170436 -4.044010 1.218577
v -3.175264 -4.090556 1.230077
v -3.170437 -4.137102 1.218577
v -3.157249 -4.171176 1.187158
v -3.139234 -4.183648 1.144240
v -3.121219 -4.171176 1.101322
v -3.108030 -4.137102 1.069903
v -3.103202 -4.090556 1.058404
v -3.130157 -4.044010 1.059384
v -3.146477 -4.009936 1.089295
v -3.168772 -3.997464 1.130154
v -3.191067 -4.009935 1.171014
v -3.207387 -4.044010 1.200925
v -3.213361 -4.090556 1.211874
v -3.207386 -4.137102 1.200925
v -3.191066 -4.171175 1.171015
v -3.168771 -4.183648 1.130155
v -3.146477 -4.171176 1.089296
v -3.130156 -4.137102 1.059385
v -3.124182 -4.090556 1.048436
v -3.150644 -4.044011 1.046742
v -3.170289 -4.009936 1.074582
v -3.197125 -3.997465 1.112613
v -3.223962 -4.009937 1.150644
v -3.243607 -4.044011 1.178485
v -3.250797 -4.090557 1.188676
v -3.243606 -4.137103 1.178485
v -3.223961 -4.171177 1.150645
v -3.197124 -4.183649 1.112614
v -3.170288 -4.171177 1.074583
v -3.150643 -4.137103 1.046742
v -3.143453 -4.090557 1.036552
v -3.169689 -4.044010 1.031523
v -3.192649 -4.009936 1.056701
v -3.224013 -3.997464 1.091093
v -3.255377 -4.009936 1.125486
v -3.278337 -4.044010 1.150662
v -3.286741 -4.090556 1.159878
v -3.278337 -4.137102 1.150662
v -3.255378 -4.171176 1.125485
v -3.224014 -4.183648 1.091092
v -3.192650 -4.171176 1.056700
v -3.169690 -4.137102 1.031523
v -3.161286 -4.090556 1.022308
v -3.187548 -4.044010 1.013005
v -3.213577 -4.009936 1.034994
v -3.249134 -3.997464 1.065031
v -3.284691 -4.009936 1.095068
v -3.310721 -4.044010 1.117057
v -3.320248 -4.090556 1.125106
v -3.310721 -4.137102 1.117057
v -3.284691 -4.171176 1.095068
v -3.249134 -4.183648 1.065031
v -3.213577 -4.171176 1.034994
v -3.187548 -4.137102 1.013005
v -3.178020 -4.090556 1.004957
v -3.204376 -4.044010 0.990192
v -3.233026 -4.009936 1.008636
v -3.272163 -3.997464 1.033832
v -3.311300 -4.009936 1.059028
v -3.339951 -4.044010 1.077472
v -3.350437 -4.090556 1.084224
v -3.339951 -4.137102 1.077472
v -3.311301 -4.171176 1.059028
v -3.272163 -4.183648 1.033832
v -3.233027 -4.171176 1.008636
v -3.204376 -4.137102 0.990192
v -3.193889 -4.090556 0.983441
v -3.220104 -4.044010 0.961907
v -3.250809 -4.009936 0.976680
v -3.292753 -3.997464 0.996860
v -3.334697 -4.009936 1.017040
v -3.365402 -4.044010 1.031812
v -3.376641 -4.090556 1.037220
v -3.365402 -4.137102 1.031812
v -3.334697 -4.171176 1.017040
v -3.292753 -4.183648 0.996860
v -3.250809 -4.171176 0.976680
v -3.220104 -4.137102 0.961907
v -3.208865 -4.090556 0.956500
v -3.234390 -4.044010 0.926958
v -3.266572 -4.009936 0.938152
v -3.310535 -3.997464 0.953443
v -3.354497 -4.009936 0.968735
v -3.386680 -4.044010 0.979929
v -3.398460 -4.090556 0.984026
v -3.386680 -4.137102 0.979929
v -3.354498 -4.171176 0.968735
v -3.310535 -4.183648 0.953443
v -3.266572 -4.171176 0.938152
v -3.234390 -4.137102 0.926958
v -3.222610 -4.090556 0.922861
v -3.246678 -4.044010 0.884251
v -3.279830 -4.009936 0.892122
v -3.325118 -3.997464 0.902874
v -3.370405 -4.009936 0.913626
v -3.403557 -4.044010 0.921497
v -3.415692 -4.090556 0.924378
v -3.403557 -4.137102 0.921497
v -3.370405 -4.171176 0.913626
v -3.325118 -4.183648 0.902874
v -3.279830 -4.171176 0.892122
v -3.246678 -4.137102 0.884251
v -3.234543 -4.090556 0.881370
v -3.256301 -4.044010 0.832831
v -3.290022 -4.009936 0.837723
v -3.336086 -3.997464 0.844406
v -3.382150 -4.009936 0.851088
v -3.415871 -4.044010 0.855980
v -3.428214 -4.090556 0.857771
v -3.415871 -4.137102 0.855980
v -3.382150 -4.171176 0.851088
v -3.336086 -4.183648 0.844406
v -3.290023 -4.171176 0.837723
v -3.256301 -4.137102 0.832831
v -3.243959 -4.090556 0.831041
v -3.262567 -4.044010 0.771853
v -3.296565 -4.009936 0.774137
v -3.343006 -3.997464 0.777256
v -3.389447 -4.009936 0.780376
v -3.423445 -4.044010 0.782660
v -3.435889 -4.090556 0.783496
v -3.423445 -4.137102 0.782660
v -3.389447 -4.171176 0.780376
v -3.343006 -4.183648 0.777256
v -3.296565 -4.171176 0.774137
v -3.262567 -4.137102 0.771853
v -3.250123 -4.090556 0.771017
v -3.264798 -4.044010 0.700606
v -3.298872 -4.009936 0.700606
v -3.345418 -3.997464 0.700606
v -3.391964 -4.009936 0.700606
v -3.426038 -4.044010 0.700606
v -3.438510 -4.090556 0.700606
v -3.426038 -4.137102 0.700606
v -3.391964 -4.171176 0.700606
v -3.345418 -4.183648 0.700606
v -3.298872 -4.171176 0.700606
v -3.264798 -4.137102 0.700606
v -3.252326 -4.090556 0.700606
vn 0.1917 0.9018 0.3873
vn 0.5419 0.7459 0.3873
vn 0.7984 0.4610 0.3873
vn 0.9169 0.0964 0.3873
vn 0.8768 -0.2849 0.3873
vn 0.6852 -0.6169 0.3873
vn 0.3750 -0.8423 0.3873
vn -0.0000 -0.9220 0.3873
vn -0.3750 -0.8423 0.3873
vn -0.6852 -0.6169 0.3873
vn -0.8768 -0.2849 0.3873
vn -0.9169 0.0964 0.3873
vn -0.7984 0.4610 0.3873
vn -0.0000 -0.0000 1.0000
vn -0.5419 0.7459 0.3873
vn -0.1917 0.9018 0.3873
vn -0.0000 -0.0000 -1.0000
vn 0.3750 -0.8422 0.3873
vn 0.8644 0.5020 -0.0271
vn 0.8626 0.5025 -0.0578
vn 0.9978 -0.0000 -0.0668
vn 0.9995 -0.0000 -0.0313
vn 0.4961 0.8681 -0.0156
vn 0.4945 0.8686 -0.0331
vn -0.0052 1.0000 0.0002
vn -0.0058 1.0000 0.0004
vn -0.5038 0.8637 0.0159
vn -0.5032 0.8635 0.0339
vn -0.8670 0.4976 0.0274
vn -0.8655 0.4975 0.0583
vn -0.9995 -0.0000 0.0316
vn -0.9977 -0.0000 0.0672
vn -0.8670 -0.4976 0.0274
vn -0.8655 -0.4975 0.0583
vn -0.5038 -0.8637 0.0159
vn -0.5032 -0.8635 0.0339
vn -0.0052 -1.0000 0.0002
vn -0.0059 -1.0000 0.0004
vn 0.4961 -0.8681 -0.0156
vn 0.4945 -0.8686 -0.0331
vn 0.8644 -0.5020 -0.0271
vn 0.8626 -0.5025 -0.0578
vn 0.8554 0.5030 -0.1238
vn 0.9897 -0.0000 -0.1432
vn 0.4898 0.8690 -0.0709
vn -0.0067 1.0000 0.0010
vn -0.4998 0.8631 0.0726
vn -0.8587 0.4971 0.1248
vn -0.9896 -0.0000 0.1439
vn -0.8587 -0.4971 0.1248
vn -0.4998 -0.8631 0.0726
vn -0.0067 -1.0000 0.0010
vn 0.4898 -0.8690 -0.0709
vn 0.8554 -0.5030 -0.1238
vn 0.8408 0.5034 -0.1992
vn 0.9731 -0.0000 -0.2304
vn 0.4808 0.8694 -0.1140
vn -0.0076 1.0000 0.0018
vn -0.4921 0.8626 0.1170
vn -0.8444 0.4966 0.2008
vn -0.9729 -0.0000 0.2314
vn -0.8444 -0.4966 0.2008
vn -0.4921 -0.8626 0.1170
vn -0.0076 -1.0000 0.0018
vn 0.4808 -0.8694 -0.1140
vn 0.8408 -0.5034 -0.1992
vn 0.8160 0.5039 -0.2833
vn 0.9447 -0.0000 -0.3278
vn 0.4660 0.8699 -0.1619
vn -0.0084 1.0000 0.0030
vn -0.4784 0.8622 0.1666
vn -0.8199 0.4962 0.2856
vn -0.9443 -0.0000 0.3290
vn -0.8199 -0.4962 0.2856
vn -0.4784 -0.8622 0.1666
vn -0.0084 -1.0000 0.0030
vn 0.4660 -0.8699 -0.1619
vn 0.8160 -0.5039 -0.2833
vn 0.7784 0.5043 -0.3739
vn 0.9015 -0.0000 -0.4329
vn 0.4439 0.8703 -0.2134
vn -0.0088 1.0000 0.0043
vn -0.4571 0.8618 0.2201
vn -0.7824 0.4958 0.3768
vn -0.9009 -0.0000 0.4340
vn -0.7824 -0.4958 0.3768
vn -0.4571 -0.8618 0.2201
vn -0.0089 -1.0000 0.0043
vn 0.4439 -0.8703 -0.2134
vn 0.7784 -0.5043 -0.3739
vn 0.7261 0.5046 -0.4670
vn 0.8411 -0.0000 -0.5409
vn 0.4138 0.8706 -0.2662
vn -0.0088 0.9999 0.0057
vn -0.4269 0.8615 0.2750
vn -0.7302 0.4955 0.4704
vn -0.8407 -0.0000 0.5416
vn -0.7302 -0.4955 0.4704
vn -0.4269 -0.8615 0.2750
vn -0.0088 -0.9999 0.0057
vn 0.4138 -0.8706 -0.2662
vn 0.7261 -0.5046 -0.4670
vn 0.6595 0.5048 -0.5571
vn 0.7639 -0.0000 -0.6453
vn 0.3757 0.8707 -0.3174
vn -0.0083 0.9999 0.0070
vn -0.3881 0.8614 0.3278
vn -0.6636 0.4954 0.5606
vn -0.7639 -0.0000 0.6453
vn -0.6636 -0.4954 0.5606
vn -0.3880 -0.8614 0.3278
vn -0.0082 -0.9999 0.0070
vn 0.3757 -0.8707 -0.3173
vn 0.6595 -0.5048 -0.5570
vn 0.5814 0.5047 -0.6382
vn 0.6734 -0.0000 -0.7393
vn 0.3314 0.8706 -0.3636
vn -0.0072 0.9999 0.0078
vn -0.3423 0.8615 0.3752
vn -0.5855 0.4955 0.6416
vn -0.6741 -0.0000 0.7387
vn -0.5855 -0.4955 0.6416
vn -0.3423 -0.8614 0.3752
vn -0.0072 -0.9999 0.0078
vn 0.3314 -0.8706 -0.3636
vn 0.5814 -0.5047 -0.6382
vn 0.4972 0.5044 -0.7060
vn 0.5757 -0.0000 -0.8177
vn 0.2837 0.8703 -0.4025
vn -0.0058 1.0000 0.0081
vn -0.2927 0.8617 0.4145
vn -0.5011 0.4958 0.7093
vn -0.5770 -0.0000 0.8167
vn -0.5011 -0.4957 0.7093
vn -0.2927 -0.8617 0.4144
vn -0.0058 -1.0000 0.0081
vn 0.2837 -0.8703 -0.4025
vn 0.4972 -0.5044 -0.7060
vn 0.4129 0.5039 -0.7587
vn 0.4778 -0.0000 -0.8784
vn 0.2359 0.8699 -0.4331
vn -0.0044 1.0000 0.0078
vn -0.2429 0.8621 0.4446
vn -0.4164 0.4962 0.7619
vn -0.4796 -0.0000 0.8775
vn -0.4164 -0.4962 0.7619
vn -0.2429 -0.8621 0.4446
vn -0.0044 -1.0000 0.0079
vn 0.2359 -0.8699 -0.4331
vn 0.4129 -0.5039 -0.7587
vn 0.3336 0.5034 -0.7971
vn 0.3859 -0.0000 -0.9225
vn 0.1909 0.8694 -0.4557
vn -0.0031 1.0000 0.0072
vn -0.1960 0.8626 0.4663
vn -0.3365 0.4966 0.8001
vn -0.3877 -0.0000 0.9218
vn -0.3365 -0.4966 0.8001
vn -0.1960 -0.8626 0.4663
vn -0.0031 -1.0000 0.0072
vn 0.1909 -0.8694 -0.4557
vn 0.3336 -0.5034 -0.7971
vn 0.2626 0.5029 -0.8235
vn 0.3037 -0.0000 -0.9528
vn 0.1506 0.8689 -0.4715
vn -0.0021 1.0000 0.0063
vn -0.1540 0.8631 0.4809
vn -0.2648 0.4971 0.8263
vn -0.3052 -0.0000 0.9523
vn -0.2648 -0.4971 0.8263
vn -0.1540 -0.8631 0.4809
vn -0.0021 -1.0000 0.0063
vn 0.1505 -0.8689 -0.4716
vn 0.2626 -0.5029 -0.8235
vn 0.2015 0.5024 -0.8408
vn 0.2329 -0.0000 -0.9725
vn 0.1156 0.8684 -0.4822
vn -0.0013 1.0000 0.0053
vn -0.1179 0.8636 0.4901
vn -0.2030 0.4976 0.8433
vn -0.2341 -0.0000 0.9722
vn -0.2030 -0.4976 0.8433
vn -0.1179 -0.8636 0.4901
vn -0.0013 -1.0000 0.0053
vn 0.1157 -0.8684 -0.4822
vn 0.2015 -0.5024 -0.8408
vn 0.1504 0.5019 -0.8517
vn 0.1738 -0.0000 -0.9848
vn 0.0864 0.8680 -0.4891
vn -0.0008 1.0000 0.0044
vn -0.0879 0.8641 0.4956
vn -0.1514 0.4981 0.8538
vn -0.1747 -0.0000 0.9846
vn -0.1514 -0.4981 0.8538
vn -0.0879 -0.8641 0.4956
vn -0.0008 -1.0000 0.0044
vn 0.0864 -0.8680 -0.4891
vn 0.1504 -0.5019 -0.8517
vn 0.1088 0.5015 -0.8583
vn 0.1257 -0.0000 -0.9921
vn 0.0626 0.8676 -0.4934
vn -0.0005 1.0000 0.0035
vn -0.0635 0.8645 0.4986
vn -0.1095 0.4985 0.8600
vn -0.1263 -0.0000 0.9920
vn -0.1095 -0.4985 0.8600
vn -0.0635 -0.8645 0.4986
vn -0.0005 -1.0000 0.0035
vn 0.0626 -0.8676 -0.4934
vn 0.1088 -0.5015 -0.8583
vn 0.0758 0.5012 -0.8620
vn 0.0876 -0.0000 -0.9962
vn 0.0437 0.8672 -0.4960
vn -0.0003 1.0000 0.0028
vn -0.0442 0.8648 0.5001
vn -0.0763 0.4988 0.8634
vn -0.0880 -0.0000 0.9961
vn -0.0762 -0.4988 0.8634
vn -0.0441 -0.8648 0.5001
vn -0.0002 -1.0000 0.0028
vn 0.0437 -0.8672 -0.4960
vn 0.0758 -0.5012 -0.8620
vn 0.0504 0.5009 -0.8640
vn 0.0582 -0.0000 -0.9983
vn 0.0290 0.8669 -0.4976
vn -0.0001 1.0000 0.0021
vn -0.0293 0.8651 0.5007
vn -0.0506 0.4991 0.8651
vn -0.0584 -0.0000 0.9983
vn -0.0506 -0.4991 0.8651
vn -0.0293 -0.8651 0.5007
vn -0.0001 -1.0000 0.0021
vn 0.0290 -0.8669 -0.4976
vn 0.0504 -0.5009 -0.8640
vn 0.0314 0.5007 -0.8651
vn 0.0363 -0.0000 -0.9993
vn 0.0181 0.8667 -0.4985
vn -0.0001 1.0000 0.0015
vn -0.0182 0.8654 0.5008
vn -0.0316 0.4993 0.8658
vn -0.0365 -0.0000 0.9993
vn -0.0316 -0.4993 0.8658
vn -0.0183 -0.8654 0.5008
vn -0.0001 -1.0000 0.0015
vn 0.0181 -0.8667 -0.4985
vn 0.0314 -0.5007 -0.8651
vn 0.0180 0.5004 -0.8656
vn 0.0207 -0.0000 -0.9998
vn 0.0104 0.8665 -0.4991
vn -0.0000 1.0000 0.0010
vn -0.0104 0.8656 0.5007
vn -0.0181 0.4995 0.8661
vn -0.0208 -0.0000 0.9998
vn -0.0181 -0.4996 0.8661
vn -0.0104 -0.8656 0.5007
vn -0.0000 -1.0000 0.0010
vn 0.0104 -0.8665 -0.4991
vn 0.0180 -0.5005 -0.8656
vn 0.0091 0.5003 -0.8658
vn 0.0105 -0.0000 -0.9999
vn 0.0052 0.8663 -0.4995
vn -0.0000 1.0000 0.0007
vn -0.0053 0.8657 0.5005
vn -0.0091 0.4997 0.8661
vn -0.0105 -0.0000 0.9999
vn -0.0091 -0.4997 0.8661
vn -0.0053 -0.8657 0.5005
vn -0.0000 -1.0000 0.0007
vn 0.0052 -0.8663 -0.4995
vn 0.0091 -0.5003 -0.8658
vn 0.0037 0.5002 -0.8659
vn 0.0043 -0.0000 -1.0000
vn 0.0022 0.8662 -0.4997
vn -0.0000 1.0000 0.0004
vn -0.0022 0.8659 0.5003
vn -0.0038 0.4998 0.8661
vn -0.0043 -0.0000 1.0000
vn -0.0038 -0.4998 0.8661
vn -0.0022 -0.8659 0.5003
vn -0.0000 -1.0000 0.0004
vn 0.0022 -0.8662 -0.4997
vn 0.0037 -0.5002 -0.8659
vn 0.0011 0.5001 -0.8660
vn 0.0013 -0.0000 -1.0000
vn 0.0006 0.8661 -0.4999
vn -0.0000 1.0000 0.0001
vn -0.0006 0.8660 0.5001
vn -0.0011 0.4999 0.8661
vn -0.0013 -0.0000 1.0000
vn -0.0011 -0.4999 0.8661
vn -0.0006 -0.8660 0.5001
vn -0.0000 -1.0000 0.0002
vn 0.0006 -0.8661 -0.4999
vn 0.0011 -0.5001 -0.8660
vn 0.0002 0.5000 -0.8660
vn 0.0002 -0.0000 -1.0000
vn 0.0001 0.8660 -0.5000
vn -0.0000 1.0000 -0.0000
vn -0.0001 0.8660 0.5000
vn -0.0002 0.5000 0.8660
vn -0.0002 -0.0000 1.0000
vn -0.0002 -0.5000 0.8660
vn -0.0001 -0.8660 0.5000
vn -0.0000 -1.0000 -0.0000
vn 0.0001 -0.8660 -0.5000
vn 0.0002 -0.5000 -0.8660
vn -0.0000 0.5000 -0.8660
vn -0.0000 0.8660 -0.5000
vn -0.0000 0.8660 0.5000
vn -0.0000 0.5000 0.8660
vn -0.0000 -0.5000 0.8660
vn -0.0000 -0.8660 0.5000
vn -0.0000 -0.8660 -0.5000
vn -0.0000 -0.5000 -0.8660
vn -0.0002 0.5000 -0.8660
vn -0.0002 -0.0000 -1.0000
vn -0.0001 0.8660 -0.5000
vn 0.0001 0.8660 0.5000
vn 0.0002 0.5000 0.8660
vn 0.0002 -0.0000 1.0000
vn 0.0002 -0.5000 0.8660
vn 0.0001 -0.8660 0.5000
vn -0.0001 -0.8660 -0.5000
vn -0.0002 -0.5000 -0.8660
vn -0.0011 0.5001 -0.8660
vn -0.0013 -0.0000 -1.0000
vn -0.0006 0.8661 -0.4999
vn 0.0006 0.8660 0.5001
vn 0.0011 0.4999 0.8661
vn 0.0013 -0.0000 1.0000
vn 0.0011 -0.4999 0.8661
vn 0.0006 -0.8660 0.5001
vn -0.0006 -0.8661 -0.4999
vn -0.0011 -0.5001 -0.8660
vn -0.0038 0.5002 -0.8659
vn -0.0043 -0.0000 -1.0000
vn -0.0022 0.8662 -0.4997
vn 0.0022 0.8659 0.5003
vn 0.0038 0.4998 0.8661
vn 0.0043 -0.0000 1.0000
vn 0.0038 -0.4998 0.8661
vn 0.0022 -0.8659 0.5003
vn -0.0021 -0.8662 -0.4997
vn -0.0037 -0.5002 -0.8659
vn -0.0091 0.5003 -0.8658
vn -0.0104 -0.0000 -0.9999
vn -0.0052 0.8663 -0.4995
vn 0.0052 0.8657 0.5005
vn 0.0091 0.4997 0.8661
vn 0.0105 -0.0000 0.9999
vn 0.0091 -0.4997 0.8661
vn 0.0053 -0.8657 0.5005
vn -0.0052 -0.8663 -0.4995
vn -0.0090 -0.5003 -0.8658
vn -0.0180 0.5004 -0.8656
vn -0.0207 -0.0000 -0.9998
vn -0.0104 0.8665 -0.4991
vn 0.0104 0.8656 0.5007
vn 0.0181 0.4995 0.8661
vn 0.0208 -0.0000 0.9998
vn 0.0180 -0.4996 0.8661
vn 0.0104 -0.8656 0.5007
vn -0.0104 -0.8665 -0.4991
vn -0.0180 -0.5004 -0.8656
vn -0.0314 0.5007 -0.8651
vn -0.0363 -0.0000 -0.9993
vn -0.0181 0.8667 -0.4985
vn 0.0001 1.0000 0.0015
vn 0.0183 0.8654 0.5008
vn 0.0316 0.4993 0.8658
vn 0.0365 -0.0000 0.9993
vn 0.0316 -0.4993 0.8658
vn 0.0183 -0.8654 0.5008
vn 0.0001 -1.0000 0.0015
vn -0.0181 -0.8667 -0.4985
vn -0.0314 -0.5007 -0.8651
vn -0.0504 0.5009 -0.8640
vn -0.0582 -0.0000 -0.9983
vn -0.0290 0.8669 -0.4976
vn 0.0001 1.0000 0.0021
vn 0.0293 0.8651 0.5007
vn 0.0506 0.4991 0.8651
vn 0.0585 -0.0000 0.9983
vn 0.0506 -0.4991 0.8651
vn 0.0293 -0.8651 0.5007
vn 0.0001 -1.0000 0.0021
vn -0.0290 -0.8669 -0.4976
vn -0.0504 -0.5009 -0.8640
vn -0.0758 0.5012 -0.8620
vn -0.0876 -0.0000 -0.9962
vn -0.0436 0.8672 -0.4960
vn 0.0003 1.0000 0.0028
vn 0.0442 0.8648 0.5001
vn 0.0763 0.4988 0.8634
vn 0.0880 -0.0000 0.9961
vn 0.0762 -0.4988 0.8634
vn 0.0441 -0.8648 0.5001
vn 0.0003 -1.0000 0.0028
vn -0.0437 -0.8672 -0.4960
vn -0.0758 -0.5012 -0.8620
vn -0.1088 0.5015 -0.8583
vn -0.1257 -0.0000 -0.9921
vn -0.0626 0.8676 -0.4934
vn 0.0005 1.0000 0.0035
vn 0.0635 0.8645 0.4986
vn 0.1095 0.4985 0.8600
vn 0.1263 -0.0000 0.9920
vn 0.1095 -0.4985 0.8600
vn 0.0635 -0.8645 0.4986
vn 0.0005 -1.0000 0.0035
vn -0.0626 -0.8676 -0.4934
vn -0.1088 -0.5015 -0.8583
vn -0.1504 0.5019 -0.8517
vn -0.1738 -0.0000 -0.9848
vn -0.0864 0.8680 -0.4891
vn 0.0008 1.0000 0.0044
vn 0.0879 0.8641 0.4956
vn 0.1514 0.4981 0.8538
vn 0.1747 -0.0000 0.9846
vn 0.1514 -0.4981 0.8538
vn 0.0879 -0.8641 0.4956
vn 0.0008 -1.0000 0.0044
vn -0.0864 -0.8680 -0.4891
vn -0.1504 -0.5019 -0.8517
vn -0.2015 0.5024 -0.8408
vn -0.2329 -0.0000 -0.9725
vn -0.1156 0.8684 -0.4822
vn 0.0013 1.0000 0.0053
vn 0.1179 0.8636 0.4901
vn 0.2030 0.4976 0.8433
vn 0.2341 -0.0000 0.9722
vn 0.2030 -0.4976 0.8433
vn 0.1179 -0.8636 0.4901
vn 0.0013 -1.0000 0.0053
vn -0.1157 -0.8684 -0.4822
vn -0.2015 -0.5024 -0.8408
vn -0.2626 0.5029 -0.8235
vn -0.3037 -0.0000 -0.9528
vn -0.1505 0.8689 -0.4716
vn 0.0021 1.0000 0.0063
vn 0.1540 0.8631 0.4809
vn 0.2648 0.4971 0.8263
vn 0.3052 -0.0000 0.9523
vn 0.2648 -0.4971 0.8263
vn 0.1540 -0.8631 0.4809
vn 0.0021 -1.0000 0.0063
vn -0.1505 -0.8689 -0.4716
vn -0.2626 -0.5029 -0.8235
vn -0.3336 0.5034 -0.7971
vn -0.3859 -0.0000 -0.9225
vn -0.1909 0.8694 -0.4557
vn 0.0031 1.0000 0.0072
vn 0.1960 0.8626 0.4663
vn 0.3364 0.4966 0.8001
vn 0.3877 -0.0000 0.9218
vn 0.3365 -0.4966 0.8001
vn 0.1960 -0.8626 0.4663
vn 0.0031 -1.0000 0.0072
vn -0.1909 -0.8694 -0.4557
vn -0.3336 -0.5034 -0.7971
vn -0.4129 0.5039 -0.7587
vn -0.4778 -0.0000 -0.8784
vn -0.2359 0.8699 -0.4331
vn 0.0044 1.0000 0.0078
vn 0.2429 0.8621 0.4446
vn 0.4164 0.4962 0.7619
vn 0.4796 -0.0000 0.8775
vn 0.4164 -0.4962 0.7619
vn 0.2429 -0.8621 0.4447
vn 0.0044 -1.0000 0.0079
vn -0.2359 -0.8699 -0.4331
vn -0.4129 -0.5039 -0.7587
vn -0.4972 0.5044 -0.7060
vn -0.5757 -0.0000 -0.8177
vn -0.2837 0.8703 -0.4025
vn 0.0058 1.0000 0.0081
vn 0.2927 0.8617 0.4144
vn 0.5011 0.4958 0.7093
vn 0.5770 -0.0000 0.8167
vn 0.5011 -0.4958 0.7093
vn 0.2927 -0.8617 0.4144
vn 0.0058 -1.0000 0.0081
vn -0.2837 -0.8704 -0.4025
vn -0.4972 -0.5044 -0.7060
vn -0.5814 0.5047 -0.6382
vn -0.6734 -0.0000 -0.7393
vn -0.3314 0.8706 -0.3636
vn 0.0072 0.9999 0.0078
vn 0.3423 0.8614 0.3752
vn 0.5855 0.4955 0.6417
vn 0.6740 -0.0000 0.7387
vn 0.5855 -0.4955 0.6416
vn 0.3423 -0.8614 0.3752
vn 0.0072 -0.9999 0.0078
vn -0.3314 -0.8706 -0.3636
vn -0.5814 -0.5047 -0.6382
vn -0.6595 0.5048 -0.5571
vn -0.7639 -0.0000 -0.6453
vn -0.3757 0.8707 -0.3173
vn 0.0082 0.9999 0.0070
vn 0.3880 0.8614 0.3278
vn 0.6636 0.4954 0.5606
vn 0.7639 -0.0000 0.6453
vn 0.6636 -0.4954 0.5606
vn 0.3880 -0.8614 0.3278
vn 0.0083 -0.9999 0.0070
vn -0.3757 -0.8707 -0.3173
vn -0.6595 -0.5048 -0.5571
vn -0.7261 0.5046 -0.4670
vn -0.8411 -0.0000 -0.5409
vn -0.4138 0.8706 -0.2662
vn 0.0088 0.9999 0.0057
vn 0.4269 0.8615 0.2750
vn 0.7302 0.4955 0.4704
vn 0.8407 -0.0000 0.5416
vn 0.7302 -0.4955 0.4704
vn 0.4269 -0.8615 0.2750
vn 0.0088 -0.9999 0.0057
vn -0.4138 -0.8706 -0.2662
vn -0.7261 -0.5046 -0.4670
vn -0.7784 0.5043 -0.3739
vn -0.9014 -0.0000 -0.4329
vn -0.4439 0.8703 -0.2134
vn 0.0088 1.0000 0.0043
vn 0.4571 0.8618 0.2201
vn 0.7824 0.4958 0.3768
vn 0.9009 -0.0000 0.4340
vn 0.7824 -0.4958 0.3768
vn 0.4571 -0.8618 0.2201
vn 0.0088 -1.0000 0.0043
vn -0.4439 -0.8703 -0.2134
vn -0.7784 -0.5043 -0.3739
vn -0.8160 0.5039 -0.2833
vn -0.9447 -0.0000 -0.3279
vn -0.4660 0.8699 -0.1619
vn 0.0084 1.0000 0.0030
vn 0.4784 0.8622 0.1666
vn 0.8199 0.4962 0.2856
vn 0.9443 -0.0000 0.3290
vn 0.8199 -0.4962 0.2856
vn 0.4784 -0.8622 0.1666
vn 0.0084 -1.0000 0.0030
vn -0.4660 -0.8699 -0.1619
vn -0.8160 -0.5039 -0.2833
vn -0.8408 0.5034 -0.1992
vn -0.9731 -0.0000 -0.2304
vn -0.4808 0.8694 -0.1140
vn 0.0076 1.0000 0.0018
vn 0.4921 0.8626 0.1170
vn 0.8444 0.4966 0.2008
vn 0.9729 -0.0000 0.2314
vn 0.8444 -0.4966 0.2008
vn 0.4921 -0.8626 0.1170
vn 0.0076 -1.0000 0.0018
vn -0.4808 -0.8694 -0.1140
vn -0.8408 -0.5034 -0.1992
vn -0.8554 0.5030 -0.1238
vn -0.9897 -0.0000 -0.1432
vn -0.4898 0.8690 -0.0709
vn 0.0067 1.0000 0.0010
vn 0.4998 0.8631 0.0726
vn 0.8587 0.4971 0.1248
vn 0.9896 -0.0000 0.1439
vn 0.8587 -0.4971 0.1248
vn 0.4998 -0.8631 0.0726
vn 0.0067 -1.0000 0.0010
vn -0.4898 -0.8690 -0.0709
vn -0.8554 -0.5030 -0.1238
vn -0.8626 0.5025 -0.0578
vn -0.9978 -0.0000 -0.0668
vn -0.4945 0.8686 -0.0331
vn 0.0058 1.0000 0.0004
vn 0.5032 0.8635 0.0339
vn 0.8655 0.4975 0.0583
vn 0.9977 -0.0000 0.0672
vn 0.8655 -0.4975 0.0583
vn 0.5032 -0.8635 0.0339
vn 0.0059 -1.0000 0.0004
vn -0.4945 -0.8686 -0.0331
vn -0.8626 -0.5025 -0.0578
vn -0.8644 0.5020 -0.0271
vn -0.9995 -0.0000 -0.0313
vn -0.4961 0.8681 -0.0156
vn 0.0052 1.0000 0.0002
vn 0.5038 0.8637 0.0159
vn 0.8670 0.4976 0.0274
vn 0.9995 -0.0000 0.0316
vn 0.8670 -0.4976 0.0274
vn 0.5038 -0.8637 0.0159
vn 0.0052 -1.0000 0.0002
vn -0.4961 -0.8681 -0.0156
vn -0.8644 -0.5020 -0.0271
vn 0.0058 -1.0000 0.0004
vn -0.9731 -0.0000 -0.2305
vn -0.9015 -0.0000 -0.4329
vn 0.0089 -1.0000 0.0043
vn -0.3757 0.8707 -0.3174
vn 0.0083 0.9999 0.0070
vn 0.3881 0.8614 0.3278
vn 0.0082 -0.9999 0.0070
vn -0.6595 -0.5048 -0.5570
vn 0.3423 0.8615 0.3752
vn 0.5855 0.4955 0.6416
vn 0.6741 -0.0000 0.7387
vn 0.2927 0.8617 0.4145
vn -0.2837 -0.8703 -0.4025
vn 0.2429 0.8621 0.4447
vn 0.2429 -0.8621 0.4446
vn 0.3365 0.4966 0.8001
vn -0.1506 0.8689 -0.4716
vn -0.0437 0.8672 -0.4960
vn 0.0002 -1.0000 0.0028
vn 0.0584 -0.0000 0.9983
vn 0.0182 0.8654 0.5008
vn -0.0180 0.5005 -0.8656
vn 0.0181 -0.4995 0.8661
vn -0.0105 -0.0000 -0.9999
vn -0.0090 0.5003 -0.8658
vn 0.0053 0.8657 0.5005
vn -0.0091 -0.5003 -0.8658
vn -0.0037 0.5002 -0.8659
vn -0.0022 -0.8662 -0.4997
vn -0.0000 -1.0000 0.0001
vn 0.0038 0.5002 -0.8659
vn 0.0021 -0.8662 -0.4997
vn 0.0104 -0.0000 -0.9999
vn -0.0052 0.8657 0.5005
vn 0.0090 -0.5003 -0.8658
vn 0.0180 0.5005 -0.8656
vn 0.0103 0.8665 -0.4991
vn -0.0180 -0.4995 0.8661
vn 0.0180 -0.5004 -0.8656
vn -0.0183 0.8654 0.5008
vn -0.0585 -0.0000 0.9983
vn 0.0436 0.8672 -0.4960
vn -0.0003 -1.0000 0.0028
vn 0.1505 0.8689 -0.4716
vn 0.1910 0.8694 -0.4557
vn -0.2429 -0.8621 0.4447
vn -0.0043 -1.0000 0.0079
vn -0.2927 0.8617 0.4144
vn -0.5011 -0.4958 0.7093
vn -0.3423 0.8614 0.3752
vn -0.5855 0.4955 0.6417
vn -0.6740 -0.0000 0.7387
vn 0.3757 0.8707 -0.3173
vn -0.0082 0.9999 0.0070
vn -0.3880 0.8614 0.3278
vn -0.0083 -0.9999 0.0070
vn 0.6595 -0.5048 -0.5571
vn -0.0088 -1.0000 0.0043
vn 0.9447 -0.0000 -0.3279
vn 0.9731 -0.0000 -0.2305
vt 1.000000 0.500000
vt 1.000000 1.000000
vt 0.933333 1.000000
vt 0.933333 0.500000
vt 0.866667 1.000000
vt 0.866667 0.500000
vt 0.800000 1.000000
vt 0.800000 0.500000
vt 0.733333 1.000000
vt 0.733333 0.500000
vt 0.666667 1.000000
vt 0.666667 0.500000
vt 0.600000 1.000000
vt 0.600000 0.500000
vt 0.533333 1.000000
vt 0.533333 0.500000
vt 0.466667 1.000000
vt 0.466667 0.500000
vt 0.400000 1.000000
vt 0.400000 0.500000
vt 0.333333 1.000000
vt 0.333333 0.500000
vt 0.266667 1.000000
vt 0.266667 0.500000
vt 0.200000 1.000000
vt 0.200000 0.500000
vt 0.133333 1.000000
vt 0.133333 0.500000
vt 0.347617 0.469251
vt 0.250000 0.490000
vt 0.152383 0.469251
vt 0.071645 0.410591
vt 0.021746 0.324164
vt 0.011315 0.224913
vt 0.042154 0.130000
vt 0.108932 0.055836
vt 0.200101 0.015245
vt 0.299899 0.015245
vt 0.391068 0.055836
vt 0.457846 0.130000
vt 0.488685 0.224913
vt 0.478254 0.324164
vt 0.428355 0.410591
vt 0.066667 1.000000
vt 0.066667 0.500000
vt 0.000000 1.000000
vt 0.000000 0.500000
vt 0.750000 0.490000
vt 0.847617 0.469251
vt 0.928355 0.410591
vt 0.978254 0.324164
vt 0.988685 0.224913
vt 0.957846 0.130000
vt 0.891068 0.055836
vt 0.799899 0.015245
vt 0.700101 0.015245
vt 0.608932 0.055836
vt 0.542154 0.130000
vt 0.511315 0.224913
vt 0.521746 0.324164
vt 0.571645 0.410591
vt 0.652383 0.469251
vt 0.000000 0.000000
s 0
usemtl Matériau.009
f 421/936/33 422/937/33 424/938/33 423/939/33
f 423/939/34 424/938/34 426/940/34 425/941/34
f 425/941/35 426/940/35 428/942/35 427/943/35
f 427/943/36 428/942/36 430/944/36 429/945/36
f 429/945/37 430/944/37 432/946/37 431/947/37
f 431/947/38 432/946/38 434/948/38 433/949/38
f 433/949/39 434/948/39 436/950/39 435/951/39
f 435/951/40 436/950/40 438/952/40 437/953/40
f 437/953/41 438/952/41 440/954/41 439/955/41
f 439/955/42 440/954/42 442/956/42 441/957/42
f 441/957/43 442/956/43 444/958/43 443/959/43
f 443/959/44 444/958/44 446/960/44 445/961/44
f 445/961/45 446/960/45 448/962/45 447/963/45
f 424/964/46 422/965/46 450/966/46 448/967/46 446/968/46 444/969/46 442/970/46 440/971/46 438/972/46 436/973/46 434/974/46 432/975/46 430/976/46 428/977/46 426/978/46
f 447/963/47 448/962/47 450/979/47 449/980/47
f 449/980/48 450/979/48 422/981/48 421/982/48
f 421/983/49 423/984/49 425/985/49 427/986/49 429/987/49 431/988/49 433/989/49 435/990/49 437/991/49 439/992/49 441/993/49 443/994/49 445/995/49 447/996/49 449/997/49
f 451/936/33 452/937/33 454/938/33 453/939/33
f 453/939/34 454/938/34 456/940/34 455/941/34
f 455/941/35 456/940/35 458/942/35 457/943/35
f 457/943/36 458/942/36 460/944/36 459/945/36
f 459/945/37 460/944/37 462/946/37 461/947/37
f 461/947/38 462/946/38 464/948/38 463/949/38
f 463/949/39 464/948/39 466/950/39 465/951/39
f 465/951/40 466/950/40 468/952/40 467/953/40
f 467/953/41 468/952/41 470/954/41 469/955/41
f 469/955/42 470/954/42 472/956/42 471/957/42
f 471/957/43 472/956/43 474/958/43 473/959/43
f 473/959/44 474/958/44 476/960/44 475/961/44
f 475/961/45 476/960/45 478/962/45 477/963/45
f 454/964/46 452/965/46 480/966/46 478/967/46 476/968/46 474/969/46 472/970/46 470/971/46 468/972/46 466/973/46 464/974/46 462/975/46 460/976/46 458/977/46 456/978/46
f 477/963/47 478/962/47 480/979/47 479/980/47
f 479/980/48 480/979/48 452/981/48 451/982/48
f 451/983/49 453/984/49 455/985/49 457/986/49 459/987/49 461/988/49 463/989/49 465/990/49 467/991/49 469/992/49 471/993/49 473/994/49 475/995/49 477/996/49 479/997/49
f 481/936/33 482/937/33 484/938/33 483/939/33
f 483/939/34 484/938/34 486/940/34 485/941/34
f 485/941/35 486/940/35 488/942/35 487/943/35
f 487/943/36 488/942/36 490/944/36 489/945/36
f 489/945/37 490/944/37 492/946/37 491/947/37
f 491/947/38 492/946/38 494/948/38 493/949/38
f 493/949/50 494/948/50 496/950/50 495/951/50
f 495/951/40 496/950/40 498/952/40 497/953/40
f 497/953/41 498/952/41 500/954/41 499/955/41
f 499/955/42 500/954/42 502/956/42 501/957/42
f 501/957/43 502/956/43 504/958/43 503/959/43
f 503/959/44 504/958/44 506/960/44 505/961/44
f 505/961/45 506/960/45 508/962/45 507/963/45
f 484/964/46 482/965/46 510/966/46 508/967/46 506/968/46 504/969/46 502/970/46 500/971/46 498/972/46 496/973/46 494/974/46 492/975/46 490/976/46 488/977/46 486/978/46
f 507/963/47 508/962/47 510/979/47 509/980/47
f 509/980/48 510/979/48 482/981/48 481/982/48
f 481/983/49 483/984/49 485/985/49 487/986/49 489/987/49 491/988/49 493/989/49 495/990/49 497/991/49 499/992/49 501/993/49 503/994/49 505/995/49 507/996/49 509/997/49
f 511/936/33 512/937/33 514/938/33 513/939/33
f 513/939/34 514/938/34 516/940/34 515/941/34
f 515/941/35 516/940/35 518/942/35 517/943/35
f 517/943/36 518/942/36 520/944/36 519/945/36
f 519/945/37 520/944/37 522/946/37 521/947/37
f 521/947/38 522/946/38 524/948/38 523/949/38
f 523/949/50 524/948/50 526/950/50 525/951/50
f 525/951/40 526/950/40 528/952/40 527/953/40
f 527/953/41 528/952/41 530/954/41 529/955/41
f 529/955/42 530/954/42 532/956/42 531/957/42
f 531/957/43 532/956/43 534/958/43 533/959/43
f 533/959/44 534/958/44 536/960/44 535/961/44
f 535/961/45 536/960/45 538/962/45 537/963/45
f 514/964/46 512/965/46 540/966/46 538/967/46 536/968/46 534/969/46 532/970/46 530/971/46 528/972/46 526/973/46 524/974/46 522/975/46 520/976/46 518/977/46 516/978/46
f 537/963/47 538/962/47 540/979/47 539/980/47
f 539/980/48 540/979/48 512/981/48 511/982/48
f 511/983/49 513/984/49 515/985/49 517/986/49 519/987/49 521/988/49 523/989/49 525/990/49 527/991/49 529/992/49 531/993/49 533/994/49 535/995/49 537/996/49 539/997/49
f 541/936/33 542/937/33 544/938/33 543/939/33
f 543/939/34 544/938/34 546/940/34 545/941/34
f 545/941/35 546/940/35 548/942/35 547/943/35
f 547/943/36 548/942/36 550/944/36 549/945/36
f 549/945/37 550/944/37 552/946/37 551/947/37
f 551/947/38 552/946/38 554/948/38 553/949/38
f 553/949/39 554/948/39 556/950/39 555/951/39
f 555/951/40 556/950/40 558/952/40 557/953/40
f 557/953/41 558/952/41 560/954/41 559/955/41
f 559/955/42 560/954/42 562/956/42 561/957/42
f 561/957/43 562/956/43 564/958/43 563/959/43
f 563/959/44 564/958/44 566/960/44 565/961/44
f 565/961/45 566/960/45 568/962/45 567/963/45
f 544/964/46 542/965/46 570/966/46 568/967/46 566/968/46 564/969/46 562/970/46 560/971/46 558/972/46 556/973/46 554/974/46 552/975/46 550/976/46 548/977/46 546/978/46
f 567/963/47 568/962/47 570/979/47 569/980/47
f 569/980/48 570/979/48 542/981/48 541/982/48
f 541/983/49 543/984/49 545/985/49 547/986/49 549/987/49 551/988/49 553/989/49 555/990/49 557/991/49 559/992/49 561/993/49 563/994/49 565/995/49 567/996/49 569/997/49
f 571/936/33 572/937/33 574/938/33 573/939/33
f 573/939/34 574/938/34 576/940/34 575/941/34
f 575/941/35 576/940/35 578/942/35 577/943/35
f 577/943/36 578/942/36 580/944/36 579/945/36
f 579/945/37 580/944/37 582/946/37 581/947/37
f 581/947/38 582/946/38 584/948/38 583/949/38
f 583/949/39 584/948/39 586/950/39 585/951/39
f 585/951/40 586/950/40 588/952/40 587/953/40
f 587/953/41 588/952/41 590/954/41 589/955/41
f 589/955/42 590/954/42 592/956/42 591/957/42
f 591/957/43 592/956/43 594/958/43 593/959/43
f 593/959/44 594/958/44 596/960/44 595/961/44
f 595/961/45 596/960/45 598/962/45 597/963/45
f 574/964/46 572/965/46 600/966/46 598/967/46 596/968/46 594/969/46 592/970/46 590/971/46 588/972/46 586/973/46 584/974/46 582/975/46 580/976/46 578/977/46 576/978/46
f 597/963/47 598/962/47 600/979/47 599/980/47
f 599/980/48 600/979/48 572/981/48 571/982/48
f 571/983/49 573/984/49 575/985/49 577/986/49 579/987/49 581/988/49 583/989/49 585/990/49 587/991/49 589/992/49 591/993/49 593/994/49 595/995/49 597/996/49 599/997/49
f 601/936/33 602/937/33 604/938/33 603/939/33
f 603/939/34 604/938/34 606/940/34 605/941/34
f 605/941/35 606/940/35 608/942/35 607/943/35
f 607/943/36 608/942/36 610/944/36 609/945/36
f 609/945/37 610/944/37 612/946/37 611/947/37
f 611/947/38 612/946/38 614/948/38 613/949/38
f 613/949/39 614/948/39 616/950/39 615/951/39
f 615/951/40 616/950/40 618/952/40 617/953/40
f 617/953/41 618/952/41 620/954/41 619/955/41
f 619/955/42 620/954/42 622/956/42 621/957/42
f 621/957/43 622/956/43 624/958/43 623/959/43
f 623/959/44 624/958/44 626/960/44 625/961/44
f 625/961/45 626/960/45 628/962/45 627/963/45
f 604/964/46 602/965/46 630/966/46 628/967/46 626/968/46 624/969/46 622/970/46 620/971/46 618/972/46 616/973/46 614/974/46 612/975/46 610/976/46 608/977/46 606/978/46
f 627/963/47 628/962/47 630/979/47 629/980/47
f 629/980/48 630/979/48 602/981/48 601/982/48
f 601/983/49 603/984/49 605/985/49 607/986/49 609/987/49 611/988/49 613/989/49 615/990/49 617/991/49 619/992/49 621/993/49 623/994/49 625/995/49 627/996/49 629/997/49
f 631/936/33 632/937/33 634/938/33 633/939/33
f 633/939/34 634/938/34 636/940/34 635/941/34
f 635/941/35 636/940/35 638/942/35 637/943/35
f 637/943/36 638/942/36 640/944/36 639/945/36
f 639/945/37 640/944/37 642/946/37 641/947/37
f 641/947/38 642/946/38 644/948/38 643/949/38
f 643/949/39 644/948/39 646/950/39 645/951/39
f 645/951/40 646/950/40 648/952/40 647/953/40
f 647/953/41 648/952/41 650/954/41 649/955/41
f 649/955/42 650/954/42 652/956/42 651/957/42
f 651/957/43 652/956/43 654/958/43 653/959/43
f 653/959/44 654/958/44 656/960/44 655/961/44
f 655/961/45 656/960/45 658/962/45 657/963/45
f 634/964/46 632/965/46 660/966/46 658/967/46 656/968/46 654/969/46 652/970/46 650/971/46 648/972/46 646/973/46 644/974/46 642/975/46 640/976/46 638/977/46 636/978/46
f 657/963/47 658/962/47 660/979/47 659/980/47
f 659/980/48 660/979/48 632/981/48 631/982/48
f 631/983/49 633/984/49 635/985/49 637/986/49 639/987/49 641/988/49 643/989/49 645/990/49 647/991/49 649/992/49 651/993/49 653/994/49 655/995/49 657/996/49 659/997/49
s 1
usemtl Matériau.010
f 661/998/51 673/998/52 684/998/53 672/998/54
f 662/998/55 674/998/56 673/998/52 661/998/51
f 663/998/57 675/998/58 674/998/56 662/998/55
f 664/998/59 676/998/60 675/998/58 663/998/57
f 665/998/61 677/998/62 676/998/60 664/998/59
f 666/998/63 678/998/64 677/998/62 665/998/61
f 667/998/65 679/998/66 678/998/64 666/998/63
f 668/998/67 680/998/68 679/998/66 667/998/65
f 669/998/69 681/998/70 680/998/68 668/998/67
f 670/998/71 682/998/72 681/998/70 669/998/69
f 671/998/73 683/998/74 682/998/72 670/998/71
f 672/998/54 684/998/53 683/998/74 671/998/73
f 673/998/52 685/998/75 696/998/76 684/998/53
f 674/998/56 686/998/77 685/998/75 673/998/52
f 675/998/58 687/998/78 686/998/77 674/998/56
f 676/998/60 688/998/79 687/998/78 675/998/58
f 677/998/62 689/998/80 688/998/79 676/998/60
f 678/998/64 690/998/81 689/998/80 677/998/62
f 679/998/66 691/998/82 690/998/81 678/998/64
f 680/998/68 692/998/83 691/998/82 679/998/66
f 681/998/70 693/998/84 692/998/83 680/998/68
f 682/998/72 694/998/85 693/998/84 681/998/70
f 683/998/74 695/998/86 694/998/85 682/998/72
f 684/998/53 696/998/76 695/998/86 683/998/74
f 685/998/75 697/998/87 708/998/88 696/998/76
f 686/998/77 698/998/89 697/998/87 685/998/75
f 687/998/78 699/998/90 698/998/89 686/998/77
f 688/998/79 700/998/91 699/998/90 687/998/78
f 689/998/80 701/998/92 700/998/91 688/998/79
f 690/998/81 702/998/93 701/998/92 689/998/80
f 691/998/82 703/998/94 702/998/93 690/998/81
f 692/998/83 704/998/95 703/998/94 691/998/82
f 693/998/84 705/998/96 704/998/95 692/998/83
f 694/998/85 706/998/97 705/998/96 693/998/84
f 695/998/86 707/998/98 706/998/97 694/998/85
f 696/998/76 708/998/88 707/998/98 695/998/86
f 697/998/87 709/998/99 720/998/100 708/998/88
f 698/998/89 710/998/101 709/998/99 697/998/87
f 699/998/90 711/998/102 710/998/101 698/998/89
f 700/998/91 712/998/103 711/998/102 699/998/90
f 701/998/92 713/998/104 712/998/103 700/998/91
f 702/998/93 714/998/105 713/998/104 701/998/92
f 703/998/94 715/998/106 714/998/105 702/998/93
f 704/998/95 716/998/107 715/998/106 703/998/94
f 705/998/96 717/998/108 716/998/107 704/998/95
f 706/998/97 718/998/109 717/998/108 705/998/96
f 707/998/98 719/998/110 718/998/109 706/998/97
f 708/998/88 720/998/100 719/998/110 707/998/98
f 709/998/99 721/998/111 732/998/112 720/998/100
f 710/998/101 722/998/113 721/998/111 709/998/99
f 711/998/102 723/998/114 722/998/113 710/998/101
f 712/998/103 724/998/115 723/998/114 711/998/102
f 713/998/104 725/998/116 724/998/115 712/998/103
f 714/998/105 726/998/117 725/998/116 713/998/104
f 715/998/106 727/998/118 726/998/117 714/998/105
f 716/998/107 728/998/119 727/998/118 715/998/106
f 717/998/108 729/998/120 728/998/119 716/998/107
f 718/998/109 730/998/121 729/998/120 717/998/108
f 719/998/110 731/998/122 730/998/121 718/998/109
f 720/998/100 732/998/112 731/998/122 719/998/110
f 721/998/111 733/998/123 744/998/124 732/998/112
f 722/998/113 734/998/125 733/998/123 721/998/111
f 723/998/114 735/998/126 734/998/125 722/998/113
f 724/998/115 736/998/127 735/998/126 723/998/114
f 725/998/116 737/998/128 736/998/127 724/998/115
f 726/998/117 738/998/129 737/998/128 725/998/116
f 727/998/118 739/998/130 738/998/129 726/998/117
f 728/998/119 740/998/131 739/998/130 727/998/118
f 729/998/120 741/998/132 740/998/131 728/998/119
f 730/998/121 742/998/133 741/998/132 729/998/120
f 731/998/122 743/998/134 742/998/133 730/998/121
f 732/998/112 744/998/124 743/998/134 731/998/122
f 733/998/123 745/998/135 756/998/136 744/998/124
f 734/998/125 746/998/137 745/998/135 733/998/123
f 735/998/126 747/998/138 746/998/137 734/998/125
f 736/998/127 748/998/139 747/998/138 735/998/126
f 737/998/128 749/998/140 748/998/139 736/998/127
f 738/998/129 750/998/141 749/998/140 737/998/128
f 739/998/130 751/998/142 750/998/141 738/998/129
f 740/998/131 752/998/143 751/998/142 739/998/130
f 741/998/132 753/998/144 752/998/143 740/998/131
f 742/998/133 754/998/145 753/998/144 741/998/132
f 743/998/134 755/998/146 754/998/145 742/998/133
f 744/998/124 756/998/136 755/998/146 743/998/134
f 745/998/135 757/998/147 768/998/148 756/998/136
f 746/998/137 758/998/149 757/998/147 745/998/135
f 747/998/138 759/998/150 758/998/149 746/998/137
f 748/998/139 760/998/151 759/998/150 747/998/138
f 749/998/140 761/998/152 760/998/151 748/998/139
f 750/998/141 762/998/153 761/998/152 749/998/140
f 751/998/142 763/998/154 762/998/153 750/998/141
f 752/998/143 764/998/155 763/998/154 751/998/142
f 753/998/144 765/998/156 764/998/155 752/998/143
f 754/998/145 766/998/157 765/998/156 753/998/144
f 755/998/146 767/998/158 766/998/157 754/998/145
f 756/998/136 768/998/148 767/998/158 755/998/146
f 757/998/147 769/998/159 780/998/160 768/998/148
f 758/998/149 770/998/161 769/998/159 757/998/147
f 759/998/150 771/998/162 770/998/161 758/998/149
f 760/998/151 772/998/163 771/998/162 759/998/150
f 761/998/152 773/998/164 772/998/163 760/998/151
f 762/998/153 774/998/165 773/998/164 761/998/152
f 763/998/154 775/998/166 774/998/165 762/998/153
f 764/998/155 776/998/167 775/998/166 763/998/154
f 765/998/156 777/998/168 776/998/167 764/998/155
f 766/998/157 778/998/169 777/998/168 765/998/156
f 767/998/158 779/998/170 778/998/169 766/998/157
f 768/998/148 780/998/160 779/998/170 767/998/158
f 769/998/159 781/998/171 792/998/172 780/998/160
f 770/998/161 782/998/173 781/998/171 769/998/159
f 771/998/162 783/998/174 782/998/173 770/998/161
f 772/998/163 784/998/175 783/998/174 771/998/162
f 773/998/164 785/998/176 784/998/175 772/998/163
f 774/998/165 786/998/177 785/998/176 773/998/164
f 775/998/166 787/998/178 786/998/177 774/998/165
f 776/998/167 788/998/179 787/998/178 775/998/166
f 777/998/168 789/998/180 788/998/179 776/998/167
f 778/998/169 790/998/181 789/998/180 777/998/168
f 779/998/170 791/998/182 790/998/181 778/998/169
f 780/998/160 792/998/172 791/998/182 779/998/170
f 781/998/171 793/998/183 804/998/184 792/998/172
f 782/998/173 794/998/185 793/998/183 781/998/171
f 783/998/174 795/998/186 794/998/185 782/998/173
f 784/998/175 796/998/187 795/998/186 783/998/174
f 785/998/176 797/998/188 796/998/187 784/998/175
f 786/998/177 798/998/189 797/998/188 785/998/176
f 787/998/178 799/998/190 798/998/189 786/998/177
f 788/998/179 800/998/191 799/998/190 787/998/178
f 789/998/180 801/998/192 800/998/191 788/998/179
f 790/998/181 802/998/193 801/998/192 789/998/180
f 791/998/182 803/998/194 802/998/193 790/998/181
f 792/998/172 804/998/184 803/998/194 791/998/182
f 793/998/183 805/998/195 816/998/196 804/998/184
f 794/998/185 806/998/197 805/998/195 793/998/183
f 795/998/186 807/998/198 806/998/197 794/998/185
f 796/998/187 808/998/199 807/998/198 795/998/186
f 797/998/188 809/998/200 808/998/199 796/998/187
f 798/998/189 810/998/201 809/998/200 797/998/188
f 799/998/190 811/998/202 810/998/201 798/998/189
f 800/998/191 812/998/203 811/998/202 799/998/190
f 801/998/192 813/998/204 812/998/203 800/998/191
f 802/998/193 814/998/205 813/998/204 801/998/192
f 803/998/194 815/998/206 814/998/205 802/998/193
f 804/998/184 816/998/196 815/998/206 803/998/194
f 805/998/195 817/998/207 828/998/208 816/998/196
f 806/998/197 818/998/209 817/998/207 805/998/195
f 807/998/198 819/998/210 818/998/209 806/998/197
f 808/998/199 820/998/211 819/998/210 807/998/198
f 809/998/200 821/998/212 820/998/211 808/998/199
f 810/998/201 822/998/213 821/998/212 809/998/200
f 811/998/202 823/998/214 822/998/213 810/998/201
f 812/998/203 824/998/215 823/998/214 811/998/202
f 813/998/204 825/998/216 824/998/215 812/998/203
f 814/998/205 826/998/217 825/998/216 813/998/204
f 815/998/206 827/998/218 826/998/217 814/998/205
f 816/998/196 828/998/208 827/998/218 815/998/206
f 817/998/207 829/998/219 840/998/220 828/998/208
f 818/998/209 830/998/221 829/998/219 817/998/207
f 819/998/210 831/998/222 830/998/221 818/998/209
f 820/998/211 832/998/223 831/998/222 819/998/210
f 821/998/212 833/998/224 832/998/223 820/998/211
f 822/998/213 834/998/225 833/998/224 821/998/212
f 823/998/214 835/998/226 834/998/225 822/998/213
f 824/998/215 836/998/227 835/998/226 823/998/214
f 825/998/216 837/998/228 836/998/227 824/998/215
f 826/998/217 838/998/229 837/998/228 825/998/216
f 827/998/218 839/998/230 838/998/229 826/998/217
f 828/998/208 840/998/220 839/998/230 827/998/218
f 829/998/219 841/998/231 852/998/232 840/998/220
f 830/998/221 842/998/233 841/998/231 829/998/219
f 831/998/222 843/998/234 842/998/233 830/998/221
f 832/998/223 844/998/235 843/998/234 831/998/222
f 833/998/224 845/998/236 844/998/235 832/998/223
f 834/998/225 846/998/237 845/998/236 833/998/224
f 835/998/226 847/998/238 846/998/237 834/998/225
f 836/998/227 848/998/239 847/998/238 835/998/226
f 837/998/228 849/998/240 848/998/239 836/998/227
f 838/998/229 850/998/241 849/998/240 837/998/228
f 839/998/230 851/998/242 850/998/241 838/998/229
f 840/998/220 852/998/232 851/998/242 839/998/230
f 841/998/231 853/998/243 864/998/244 852/998/232
f 842/998/233 854/998/245 853/998/243 841/998/231
f 843/998/234 855/998/246 854/998/245 842/998/233
f 844/998/235 856/998/247 855/998/246 843/998/234
f 845/998/236 857/998/248 856/998/247 844/998/235
f 846/998/237 858/998/249 857/998/248 845/998/236
f 847/998/238 859/998/250 858/998/249 846/998/237
f 848/998/239 860/998/251 859/998/250 847/998/238
f 849/998/240 861/998/252 860/998/251 848/998/239
f 850/998/241 862/998/253 861/998/252 849/998/240
f 851/998/242 863/998/254 862/998/253 850/998/241
f 852/998/232 864/998/244 863/998/254 851/998/242
f 853/998/243 865/998/255 876/998/256 864/998/244
f 854/998/245 866/998/257 865/998/255 853/998/243
f 855/998/246 867/998/258 866/998/257 854/998/245
f 856/998/247 868/998/259 867/998/258 855/998/246
f 857/998/248 869/998/260 868/998/259 856/998/247
f 858/998/249 870/998/261 869/998/260 857/998/248
f 859/998/250 871/998/262 870/998/261 858/998/249
f 860/998/251 872/998/263 871/998/262 859/998/250
f 861/998/252 873/998/264 872/998/263 860/998/251
f 862/998/253 874/998/265 873/998/264 861/998/252
f 863/998/254 875/998/266 874/998/265 862/998/253
f 864/998/244 876/998/256 875/998/266 863/998/254
f 865/998/255 877/998/267 888/998/268 876/998/256
f 866/998/257 878/998/269 877/998/267 865/998/255
f 867/998/258 879/998/270 878/998/269 866/998/257
f 868/998/259 880/998/271 879/998/270 867/998/258
f 869/998/260 881/998/272 880/998/271 868/998/259
f 870/998/261 882/998/273 881/998/272 869/998/260
f 871/998/262 883/998/274 882/998/273 870/998/261
f 872/998/263 884/998/275 883/998/274 871/998/262
f 873/998/264 885/998/276 884/998/275 872/998/263
f 874/998/265 886/998/277 885/998/276 873/998/264
f 875/998/266 887/998/278 886/998/277 874/998/265
f 876/998/256 888/998/268 887/998/278 875/998/266
f 877/998/267 889/998/279 900/998/280 888/998/268
f 878/998/269 890/998/281 889/998/279 877/998/267
f 879/998/270 891/998/282 890/998/281 878/998/269
f 880/998/271 892/998/283 891/998/282 879/998/270
f 881/998/272 893/998/284 892/998/283 880/998/271
f 882/998/273 894/998/285 893/998/284 881/998/272
f 883/998/274 895/998/286 894/998/285 882/998/273
f 884/998/275 896/998/287 895/998/286 883/998/274
f 885/998/276 897/998/288 896/998/287 884/998/275
f 886/998/277 898/998/289 897/998/288 885/998/276
f 887/998/278 899/998/290 898/998/289 886/998/277
f 888/998/268 900/998/280 899/998/290 887/998/278
f 889/998/279 901/998/291 912/998/292 900/998/280
f 890/998/281 902/998/293 901/998/291 889/998/279
f 891/998/282 903/998/294 902/998/293 890/998/281
f 892/998/283 904/998/295 903/998/294 891/998/282
f 893/998/284 905/998/296 904/998/295 892/998/283
f 894/998/285 906/998/297 905/998/296 893/998/284
f 895/998/286 907/998/298 906/998/297 894/998/285
f 896/998/287 908/998/299 907/998/298 895/998/286
f 897/998/288 909/998/300 908/998/299 896/998/287
f 898/998/289 910/998/301 909/998/300 897/998/288
f 899/998/290 911/998/302 910/998/301 898/998/289
f 900/998/280 912/998/292 911/998/302 899/998/290
f 901/998/291 913/998/303 924/998/304 912/998/292
f 902/998/293 914/998/305 913/998/303 901/998/291
f 903/998/294 915/998/306 914/998/305 902/998/293
f 904/998/295 916/998/307 915/998/306 903/998/294
f 905/998/296 917/998/308 916/998/307 904/998/295
f 906/998/297 918/998/309 917/998/308 905/998/296
f 907/998/298 919/998/310 918/998/309 906/998/297
f 908/998/299 920/998/311 919/998/310 907/998/298
f 909/998/300 921/998/312 920/998/311 908/998/299
f 910/998/301 922/998/313 921/998/312 909/998/300
f 911/998/302 923/998/314 922/998/313 910/998/301
f 912/998/292 924/998/304 923/998/314 911/998/302
f 913/998/303 925/998/315 936/998/316 924/998/304
f 914/998/305 926/998/317 925/998/315 913/998/303
f 915/998/306 927/998/318 926/998/317 914/998/305
f 916/998/307 928/998/319 927/998/318 915/998/306
f 917/998/308 929/998/320 928/998/319 916/998/307
f 918/998/309 930/998/321 929/998/320 917/998/308
f 919/998/310 931/998/322 930/998/321 918/998/309
f 920/998/311 932/998/323 931/998/322 919/998/310
f 921/998/312 933/998/324 932/998/323 920/998/311
f 922/998/313 934/998/325 933/998/324 921/998/312
f 923/998/314 935/998/326 934/998/325 922/998/313
f 924/998/304 936/998/316 935/998/326 923/998/314
f 925/998/315 937/998/327 948/998/328 936/998/316
f 926/998/317 938/998/329 937/998/327 925/998/315
f 927/998/318 939/998/330 938/998/329 926/998/317
f 928/998/319 940/998/331 939/998/330 927/998/318
f 929/998/320 941/998/332 940/998/331 928/998/319
f 930/998/321 942/998/333 941/998/332 929/998/320
f 931/998/322 943/998/334 942/998/333 930/998/321
f 932/998/323 944/998/335 943/998/334 931/998/322
f 933/998/324 945/998/336 944/998/335 932/998/323
f 934/998/325 946/998/337 945/998/336 933/998/324
f 935/998/326 947/998/338 946/998/337 934/998/325
f 936/998/316 948/998/328 947/998/338 935/998/326
f 937/998/327 949/998/339 960/998/49 948/998/328
f 938/998/329 950/998/340 949/998/339 937/998/327
f 939/998/330 951/998/330 950/998/340 938/998/329
f 940/998/331 952/998/341 951/998/330 939/998/330
f 941/998/332 953/998/342 952/998/341 940/998/331
f 942/998/333 954/998/46 953/998/342 941/998/332
f 943/998/334 955/998/343 954/998/46 942/998/333
f 944/998/335 956/998/344 955/998/343 943/998/334
f 945/998/336 957/998/336 956/998/344 944/998/335
f 946/998/337 958/998/345 957/998/336 945/998/336
f 947/998/338 959/998/346 958/998/345 946/998/337
f 948/998/328 960/998/49 959/998/346 947/998/338
f 949/998/339 961/998/339 972/998/49 960/998/49
f 950/998/340 962/998/340 961/998/339 949/998/339
f 951/998/330 963/998/330 962/998/340 950/998/340
f 952/998/341 964/998/341 963/998/330 951/998/330
f 953/998/342 965/998/342 964/998/341 952/998/341
f 954/998/46 966/998/46 965/998/342 953/998/342
f 955/998/343 967/998/343 966/998/46 954/998/46
f 956/998/344 968/998/344 967/998/343 955/998/343
f 957/998/336 969/998/336 968/998/344 956/998/344
f 958/998/345 970/998/345 969/998/336 957/998/336
f 959/998/346 971/998/346 970/998/345 958/998/345
f 960/998/49 972/998/49 971/998/346 959/998/346
f 961/998/339 973/998/339 984/998/49 972/998/49
f 962/998/340 974/998/340 973/998/339 961/998/339
f 963/998/330 975/998/330 974/998/340 962/998/340
f 964/998/341 976/998/341 975/998/330 963/998/330
f 965/998/342 977/998/342 976/998/341 964/998/341
f 966/998/46 978/998/46 977/998/342 965/998/342
f 967/998/343 979/998/343 978/998/46 966/998/46
f 968/998/344 980/998/344 979/998/343 967/998/343
f 969/998/336 981/998/336 980/998/344 968/998/344
f 970/998/345 982/998/345 981/998/336 969/998/336
f 971/998/346 983/998/346 982/998/345 970/998/345
f 972/998/49 984/998/49 983/998/346 971/998/346
f 973/998/339 985/998/339 996/998/49 984/998/49
f 974/998/340 986/998/340 985/998/339 973/998/339
f 975/998/330 987/998/330 986/998/340 974/998/340
f 976/998/341 988/998/341 987/998/330 975/998/330
f 977/998/342 989/998/342 988/998/341 976/998/341
f 978/998/46 990/998/46 989/998/342 977/998/342
f 979/998/343 991/998/343 990/998/46 978/998/46
f 980/998/344 992/998/344 991/998/343 979/998/343
f 981/998/336 993/998/336 992/998/344 980/998/344
f 982/998/345 994/998/345 993/998/336 981/998/336
f 983/998/346 995/998/346 994/998/345 982/998/345
f 984/998/49 996/998/49 995/998/346 983/998/346
f 985/998/339 997/998/339 1008/998/49 996/998/49
f 986/998/340 998/998/340 997/998/339 985/998/339
f 987/998/330 999/998/330 998/998/340 986/998/340
f 988/998/341 1000/998/341 999/998/330 987/998/330
f 989/998/342 1001/998/342 1000/998/341 988/998/341
f 990/998/46 1002/998/46 1001/998/342 989/998/342
f 991/998/343 1003/998/343 1002/998/46 990/998/46
f 992/998/344 1004/998/344 1003/998/343 991/998/343
f 993/998/336 1005/998/336 1004/998/344 992/998/344
f 994/998/345 1006/998/345 1005/998/336 993/998/336
f 995/998/346 1007/998/346 1006/998/345 994/998/345
f 996/998/49 1008/998/49 1007/998/346 995/998/346
f 997/998/339 1009/998/339 1020/998/49 1008/998/49
f 998/998/340 1010/998/340 1009/998/339 997/998/339
f 999/998/330 1011/998/330 1010/998/340 998/998/340
f 1000/998/341 1012/998/341 1011/998/330 999/998/330
f 1001/998/342 1013/998/342 1012/998/341 1000/998/341
f 1002/998/46 1014/998/46 1013/998/342 1001/998/342
f 1003/998/343 1015/998/343 1014/998/46 1002/998/46
f 1004/998/344 1016/998/344 1015/998/343 1003/998/343
f 1005/998/336 1017/998/336 1016/998/344 1004/998/344
f 1006/998/345 1018/998/345 1017/998/336 1005/998/336
f 1007/998/346 1019/998/346 1018/998/345 1006/998/345
f 1008/998/49 1020/998/49 1019/998/346 1007/998/346
f 1009/998/339 1021/998/339 1032/998/49 1020/998/49
f 1010/998/340 1022/998/340 1021/998/339 1009/998/339
f 1011/998/330 1023/998/330 1022/998/340 1010/998/340
f 1012/998/341 1024/998/341 1023/998/330 1011/998/330
f 1013/998/342 1025/998/342 1024/998/341 1012/998/341
f 1014/998/46 1026/998/46 1025/998/342 1013/998/342
f 1015/998/343 1027/998/343 1026/998/46 1014/998/46
f 1016/998/344 1028/998/344 1027/998/343 1015/998/343
f 1017/998/336 1029/998/336 1028/998/344 1016/998/344
f 1018/998/345 1030/998/345 1029/998/336 1017/998/336
f 1019/998/346 1031/998/346 1030/998/345 1018/998/345
f 1020/998/49 1032/998/49 1031/998/346 1019/998/346
f 1021/998/339 1033/998/339 1044/998/49 1032/998/49
f 1022/998/340 1034/998/340 1033/998/339 1021/998/339
f 1023/998/330 1035/998/330 1034/998/340 1022/998/340
f 1024/998/341 1036/998/341 1035/998/330 1023/998/330
f 1025/998/342 1037/998/342 1036/998/341 1024/998/341
f 1026/998/46 1038/998/46 1037/998/342 1025/998/342
f 1027/998/343 1039/998/343 1038/998/46 1026/998/46
f 1028/998/344 1040/998/344 1039/998/343 1027/998/343
f 1029/998/336 1041/998/336 1040/998/344 1028/998/344
f 1030/998/345 1042/998/345 1041/998/336 1029/998/336
f 1031/998/346 1043/998/346 1042/998/345 1030/998/345
f 1032/998/49 1044/998/49 1043/998/346 1031/998/346
f 1033/998/339 1045/998/339 1056/998/49 1044/998/49
f 1034/998/340 1046/998/340 1045/998/339 1033/998/339
f 1035/998/330 1047/998/330 1046/998/340 1034/998/340
f 1036/998/341 1048/998/341 1047/998/330 1035/998/330
f 1037/998/342 1049/998/342 1048/998/341 1036/998/341
f 1038/998/46 1050/998/46 1049/998/342 1037/998/342
f 1039/998/343 1051/998/343 1050/998/46 1038/998/46
f 1040/998/344 1052/998/344 1051/998/343 1039/998/343
f 1041/998/336 1053/998/336 1052/998/344 1040/998/344
f 1042/998/345 1054/998/345 1053/998/336 1041/998/336
f 1043/998/346 1055/998/346 1054/998/345 1042/998/345
f 1044/998/49 1056/998/49 1055/998/346 1043/998/346
f 1045/998/339 1057/998/339 1068/998/49 1056/998/49
f 1046/998/340 1058/998/340 1057/998/339 1045/998/339
f 1047/998/330 1059/998/330 1058/998/340 1046/998/340
f 1048/998/341 1060/998/341 1059/998/330 1047/998/330
f 1049/998/342 1061/998/342 1060/998/341 1048/998/341
f 1050/998/46 1062/998/46 1061/998/342 1049/998/342
f 1051/998/343 1063/998/343 1062/998/46 1050/998/46
f 1052/998/344 1064/998/344 1063/998/343 1051/998/343
f 1053/998/336 1065/998/336 1064/998/344 1052/998/344
f 1054/998/345 1066/998/345 1065/998/336 1053/998/336
f 1055/998/346 1067/998/346 1066/998/345 1054/998/345
f 1056/998/49 1068/998/49 1067/998/346 1055/998/346
f 1057/998/339 1069/998/339 1080/998/49 1068/998/49
f 1058/998/340 1070/998/340 1069/998/339 1057/998/339
f 1059/998/330 1071/998/330 1070/998/340 1058/998/340
f 1060/998/341 1072/998/341 1071/998/330 1059/998/330
f 1061/998/342 1073/998/342 1072/998/341 1060/998/341
f 1062/998/46 1074/998/46 1073/998/342 1061/998/342
f 1063/998/343 1075/998/343 1074/998/46 1062/998/46
f 1064/998/344 1076/998/344 1075/998/343 1063/998/343
f 1065/998/336 1077/998/336 1076/998/344 1064/998/344
f 1066/998/345 1078/998/345 1077/998/336 1065/998/336
f 1067/998/346 1079/998/346 1078/998/345 1066/998/345
f 1068/998/49 1080/998/49 1079/998/346 1067/998/346
f 1069/998/339 1081/998/339 1092/998/49 1080/998/49
f 1070/998/340 1082/998/340 1081/998/339 1069/998/339
f 1071/998/330 1083/998/330 1082/998/340 1070/998/340
f 1072/998/341 1084/998/341 1083/998/330 1071/998/330
f 1073/998/342 1085/998/342 1084/998/341 1072/998/341
f 1074/998/46 1086/998/46 1085/998/342 1073/998/342
f 1075/998/343 1087/998/343 1086/998/46 1074/998/46
f 1076/998/344 1088/998/344 1087/998/343 1075/998/343
f 1077/998/336 1089/998/336 1088/998/344 1076/998/344
f 1078/998/345 1090/998/345 1089/998/336 1077/998/336
f 1079/998/346 1091/998/346 1090/998/345 1078/998/345
f 1080/998/49 1092/998/49 1091/998/346 1079/998/346
f 1081/998/339 1093/998/339 1104/998/49 1092/998/49
f 1082/998/340 1094/998/340 1093/998/339 1081/998/339
f 1083/998/330 1095/998/330 1094/998/340 1082/998/340
f 1084/998/341 1096/998/341 1095/998/330 1083/998/330
f 1085/998/342 1097/998/342 1096/998/341 1084/998/341
f 1086/998/46 1098/998/46 1097/998/342 1085/998/342
f 1087/998/343 1099/998/343 1098/998/46 1086/998/46
f 1088/998/344 1100/998/344 1099/998/343 1087/998/343
f 1089/998/336 1101/998/336 1100/998/344 1088/998/344
f 1090/998/345 1102/998/345 1101/998/336 1089/998/336
f 1091/998/346 1103/998/346 1102/998/345 1090/998/345
f 1092/998/49 1104/998/49 1103/998/346 1091/998/346
f 1093/998/339 1105/998/339 1116/998/49 1104/998/49
f 1094/998/340 1106/998/340 1105/998/339 1093/998/339
f 1095/998/330 1107/998/330 1106/998/340 1094/998/340
f 1096/998/341 1108/998/341 1107/998/330 1095/998/330
f 1097/998/342 1109/998/342 1108/998/341 1096/998/341
f 1098/998/46 1110/998/46 1109/998/342 1097/998/342
f 1099/998/343 1111/998/343 1110/998/46 1098/998/46
f 1100/998/344 1112/998/344 1111/998/343 1099/998/343
f 1101/998/336 1113/998/336 1112/998/344 1100/998/344
f 1102/998/345 1114/998/345 1113/998/336 1101/998/336
f 1103/998/346 1115/998/346 1114/998/345 1102/998/345
f 1104/998/49 1116/998/49 1115/998/346 1103/998/346
f 1105/998/339 1117/998/339 1128/998/49 1116/998/49
f 1106/998/340 1118/998/340 1117/998/339 1105/998/339
f 1107/998/330 1119/998/330 1118/998/340 1106/998/340
f 1108/998/341 1120/998/341 1119/998/330 1107/998/330
f 1109/998/342 1121/998/342 1120/998/341 1108/998/341
f 1110/998/46 1122/998/46 1121/998/342 1109/998/342
f 1111/998/343 1123/998/343 1122/998/46 1110/998/46
f 1112/998/344 1124/998/344 1123/998/343 1111/998/343
f 1113/998/336 1125/998/336 1124/998/344 1112/998/344
f 1114/998/345 1126/998/345 1125/998/336 1113/998/336
f 1115/998/346 1127/998/346 1126/998/345 1114/998/345
f 1116/998/49 1128/998/49 1127/998/346 1115/998/346
f 1117/998/339 1129/998/339 1140/998/49 1128/998/49
f 1118/998/340 1130/998/340 1129/998/339 1117/998/339
f 1119/998/330 1131/998/330 1130/998/340 1118/998/340
f 1120/998/341 1132/998/341 1131/998/330 1119/998/330
f 1121/998/342 1133/998/342 1132/998/341 1120/998/341
f 1122/998/46 1134/998/46 1133/998/342 1121/998/342
f 1123/998/343 1135/998/343 1134/998/46 1122/998/46
f 1124/998/344 1136/998/344 1135/998/343 1123/998/343
f 1125/998/336 1137/998/336 1136/998/344 1124/998/344
f 1126/998/345 1138/998/345 1137/998/336 1125/998/336
f 1127/998/346 1139/998/346 1138/998/345 1126/998/345
f 1128/998/49 1140/998/49 1139/998/346 1127/998/346
f 1129/998/339 1141/998/339 1152/998/49 1140/998/49
f 1130/998/340 1142/998/340 1141/998/339 1129/998/339
f 1131/998/330 1143/998/330 1142/998/340 1130/998/340
f 1132/998/341 1144/998/341 1143/998/330 1131/998/330
f 1133/998/342 1145/998/342 1144/998/341 1132/998/341
f 1134/998/46 1146/998/46 1145/998/342 1133/998/342
f 1135/998/343 1147/998/343 1146/998/46 1134/998/46
f 1136/998/344 1148/998/344 1147/998/343 1135/998/343
f 1137/998/336 1149/998/336 1148/998/344 1136/998/344
f 1138/998/345 1150/998/345 1149/998/336 1137/998/336
f 1139/998/346 1151/998/346 1150/998/345 1138/998/345
f 1140/998/49 1152/998/49 1151/998/346 1139/998/346
f 1141/998/339 1153/998/339 1164/998/49 1152/998/49
f 1142/998/340 1154/998/340 1153/998/339 1141/998/339
f 1143/998/330 1155/998/330 1154/998/340 1142/998/340
f 1144/998/341 1156/998/341 1155/998/330 1143/998/330
f 1145/998/342 1157/998/342 1156/998/341 1144/998/341
f 1146/998/46 1158/998/46 1157/998/342 1145/998/342
f 1147/998/343 1159/998/343 1158/998/46 1146/998/46
f 1148/998/344 1160/998/344 1159/998/343 1147/998/343
f 1149/998/336 1161/998/336 1160/998/344 1148/998/344
f 1150/998/345 1162/998/345 1161/998/336 1149/998/336
f 1151/998/346 1163/998/346 1162/998/345 1150/998/345
f 1152/998/49 1164/998/49 1163/998/346 1151/998/346
f 1153/998/339 1165/998/339 1176/998/49 1164/998/49
f 1154/998/340 1166/998/340 1165/998/339 1153/998/339
f 1155/998/330 1167/998/330 1166/998/340 1154/998/340
f 1156/998/341 1168/998/341 1167/998/330 1155/998/330
f 1157/998/342 1169/998/342 1168/998/341 1156/998/341
f 1158/998/46 1170/998/46 1169/998/342 1157/998/342
f 1159/998/343 1171/998/343 1170/998/46 1158/998/46
f 1160/998/344 1172/998/344 1171/998/343 1159/998/343
f 1161/998/336 1173/998/336 1172/998/344 1160/998/344
f 1162/998/345 1174/998/345 1173/998/336 1161/998/336
f 1163/998/346 1175/998/346 1174/998/345 1162/998/345
f 1164/998/49 1176/998/49 1175/998/346 1163/998/346
f 1165/998/339 1177/998/339 1188/998/49 1176/998/49
f 1166/998/340 1178/998/340 1177/998/339 1165/998/339
f 1167/998/330 1179/998/330 1178/998/340 1166/998/340
f 1168/998/341 1180/998/341 1179/998/330 1167/998/330
f 1169/998/342 1181/998/342 1180/998/341 1168/998/341
f 1170/998/46 1182/998/46 1181/998/342 1169/998/342
f 1171/998/343 1183/998/343 1182/998/46 1170/998/46
f 1172/998/344 1184/998/344 1183/998/343 1171/998/343
f 1173/998/336 1185/998/336 1184/998/344 1172/998/344
f 1174/998/345 1186/998/345 1185/998/336 1173/998/336
f 1175/998/346 1187/998/346 1186/998/345 1174/998/345
f 1176/998/49 1188/998/49 1187/998/346 1175/998/346
f 1177/998/339 1189/998/339 1200/998/49 1188/998/49
f 1178/998/340 1190/998/340 1189/998/339 1177/998/339
f 1179/998/330 1191/998/330 1190/998/340 1178/998/340
f 1180/998/341 1192/998/341 1191/998/330 1179/998/330
f 1181/998/342 1193/998/342 1192/998/341 1180/998/341
f 1182/998/46 1194/998/46 1193/998/342 1181/998/342
f 1183/998/343 1195/998/343 1194/998/46 1182/998/46
f 1184/998/344 1196/998/344 1195/998/343 1183/998/343
f 1185/998/336 1197/998/336 1196/998/344 1184/998/344
f 1186/998/345 1198/998/345 1197/998/336 1185/998/336
f 1187/998/346 1199/998/346 1198/998/345 1186/998/345
f 1188/998/49 1200/998/49 1199/998/346 1187/998/346
f 1189/998/339 1201/998/339 1212/998/49 1200/998/49
f 1190/998/340 1202/998/340 1201/998/339 1189/998/339
f 1191/998/330 1203/998/330 1202/998/340 1190/998/340
f 1192/998/341 1204/998/341 1203/998/330 1191/998/330
f 1193/998/342 1205/998/342 1204/998/341 1192/998/341
f 1194/998/46 1206/998/46 1205/998/342 1193/998/342
f 1195/998/343 1207/998/343 1206/998/46 1194/998/46
f 1196/998/344 1208/998/344 1207/998/343 1195/998/343
f 1197/998/336 1209/998/336 1208/998/344 1196/998/344
f 1198/998/345 1210/998/345 1209/998/336 1197/998/336
f 1199/998/346 1211/998/346 1210/998/345 1198/998/345
f 1200/998/49 1212/998/49 1211/998/346 1199/998/346
f 1201/998/339 1213/998/339 1224/998/49 1212/998/49
f 1202/998/340 1214/998/340 1213/998/339 1201/998/339
f 1203/998/330 1215/998/330 1214/998/340 1202/998/340
f 1204/998/341 1216/998/341 1215/998/330 1203/998/330
f 1205/998/342 1217/998/342 1216/998/341 1204/998/341
f 1206/998/46 1218/998/46 1217/998/342 1205/998/342
f 1207/998/343 1219/998/343 1218/998/46 1206/998/46
f 1208/998/344 1220/998/344 1219/998/343 1207/998/343
f 1209/998/336 1221/998/336 1220/998/344 1208/998/344
f 1210/998/345 1222/998/345 1221/998/336 1209/998/336
f 1211/998/346 1223/998/346 1222/998/345 1210/998/345
f 1212/998/49 1224/998/49 1223/998/346 1211/998/346
f 1213/998/339 1225/998/339 1236/998/49 1224/998/49
f 1214/998/340 1226/998/340 1225/998/339 1213/998/339
f 1215/998/330 1227/998/330 1226/998/340 1214/998/340
f 1216/998/341 1228/998/341 1227/998/330 1215/998/330
f 1217/998/342 1229/998/342 1228/998/341 1216/998/341
f 1218/998/46 1230/998/46 1229/998/342 1217/998/342
f 1219/998/343 1231/998/343 1230/998/46 1218/998/46
f 1220/998/344 1232/998/344 1231/998/343 1219/998/343
f 1221/998/336 1233/998/336 1232/998/344 1220/998/344
f 1222/998/345 1234/998/345 1233/998/336 1221/998/336
f 1223/998/346 1235/998/346 1234/998/345 1222/998/345
f 1224/998/49 1236/998/49 1235/998/346 1223/998/346
f 1225/998/339 1237/998/347 1248/998/348 1236/998/49
f 1226/998/340 1238/998/349 1237/998/347 1225/998/339
f 1227/998/330 1239/998/330 1238/998/349 1226/998/340
f 1228/998/341 1240/998/350 1239/998/330 1227/998/330
f 1229/998/342 1241/998/351 1240/998/350 1228/998/341
f 1230/998/46 1242/998/352 1241/998/351 1229/998/342
f 1231/998/343 1243/998/353 1242/998/352 1230/998/46
f 1232/998/344 1244/998/354 1243/998/353 1231/998/343
f 1233/998/336 1245/998/336 1244/998/354 1232/998/344
f 1234/998/345 1246/998/355 1245/998/336 1233/998/336
f 1235/998/346 1247/998/356 1246/998/355 1234/998/345
f 1236/998/49 1248/998/348 1247/998/356 1235/998/346
f 1237/998/347 1249/998/357 1260/998/358 1248/998/348
f 1238/998/349 1250/998/359 1249/998/357 1237/998/347
f 1239/998/330 1251/998/318 1250/998/359 1238/998/349
f 1240/998/350 1252/998/360 1251/998/318 1239/998/330
f 1241/998/351 1253/998/361 1252/998/360 1240/998/350
f 1242/998/352 1254/998/362 1253/998/361 1241/998/351
f 1243/998/353 1255/998/363 1254/998/362 1242/998/352
f 1244/998/354 1256/998/364 1255/998/363 1243/998/353
f 1245/998/336 1257/998/324 1256/998/364 1244/998/354
f 1246/998/355 1258/998/365 1257/998/324 1245/998/336
f 1247/998/356 1259/998/366 1258/998/365 1246/998/355
f 1248/998/348 1260/998/358 1259/998/366 1247/998/356
f 1249/998/357 1261/998/367 1272/998/368 1260/998/358
f 1250/998/359 1262/998/369 1261/998/367 1249/998/357
f 1251/998/318 1263/998/306 1262/998/369 1250/998/359
f 1252/998/360 1264/998/370 1263/998/306 1251/998/318
f 1253/998/361 1265/998/371 1264/998/370 1252/998/360
f 1254/998/362 1266/998/372 1265/998/371 1253/998/361
f 1255/998/363 1267/998/373 1266/998/372 1254/998/362
f 1256/998/364 1268/998/374 1267/998/373 1255/998/363
f 1257/998/324 1269/998/312 1268/998/374 1256/998/364
f 1258/998/365 1270/998/375 1269/998/312 1257/998/324
f 1259/998/366 1271/998/376 1270/998/375 1258/998/365
f 1260/998/358 1272/998/368 1271/998/376 1259/998/366
f 1261/998/367 1273/998/377 1284/998/378 1272/998/368
f 1262/998/369 1274/998/379 1273/998/377 1261/998/367
f 1263/998/306 1275/998/294 1274/998/379 1262/998/369
f 1264/998/370 1276/998/380 1275/998/294 1263/998/306
f 1265/998/371 1277/998/381 1276/998/380 1264/998/370
f 1266/998/372 1278/998/382 1277/998/381 1265/998/371
f 1267/998/373 1279/998/383 1278/998/382 1266/998/372
f 1268/998/374 1280/998/384 1279/998/383 1267/998/373
f 1269/998/312 1281/998/300 1280/998/384 1268/998/374
f 1270/998/375 1282/998/385 1281/998/300 1269/998/312
f 1271/998/376 1283/998/386 1282/998/385 1270/998/375
f 1272/998/368 1284/998/378 1283/998/386 1271/998/376
f 1273/998/377 1285/998/387 1296/998/388 1284/998/378
f 1274/998/379 1286/998/389 1285/998/387 1273/998/377
f 1275/998/294 1287/998/282 1286/998/389 1274/998/379
f 1276/998/380 1288/998/390 1287/998/282 1275/998/294
f 1277/998/381 1289/998/391 1288/998/390 1276/998/380
f 1278/998/382 1290/998/392 1289/998/391 1277/998/381
f 1279/998/383 1291/998/393 1290/998/392 1278/998/382
f 1280/998/384 1292/998/394 1291/998/393 1279/998/383
f 1281/998/300 1293/998/288 1292/998/394 1280/998/384
f 1282/998/385 1294/998/395 1293/998/288 1281/998/300
f 1283/998/386 1295/998/396 1294/998/395 1282/998/385
f 1284/998/378 1296/998/388 1295/998/396 1283/998/386
f 1285/998/387 1297/998/397 1308/998/398 1296/998/388
f 1286/998/389 1298/998/399 1297/998/397 1285/998/387
f 1287/998/282 1299/998/400 1298/998/399 1286/998/389
f 1288/998/390 1300/998/401 1299/998/400 1287/998/282
f 1289/998/391 1301/998/402 1300/998/401 1288/998/390
f 1290/998/392 1302/998/403 1301/998/402 1289/998/391
f 1291/998/393 1303/998/404 1302/998/403 1290/998/392
f 1292/998/394 1304/998/405 1303/998/404 1291/998/393
f 1293/998/288 1305/998/406 1304/998/405 1292/998/394
f 1294/998/395 1306/998/407 1305/998/406 1293/998/288
f 1295/998/396 1307/998/408 1306/998/407 1294/998/395
f 1296/998/388 1308/998/398 1307/998/408 1295/998/396
f 1297/998/397 1309/998/409 1320/998/410 1308/998/398
f 1298/998/399 1310/998/411 1309/998/409 1297/998/397
f 1299/998/400 1311/998/412 1310/998/411 1298/998/399
f 1300/998/401 1312/998/413 1311/998/412 1299/998/400
f 1301/998/402 1313/998/414 1312/998/413 1300/998/401
f 1302/998/403 1314/998/415 1313/998/414 1301/998/402
f 1303/998/404 1315/998/416 1314/998/415 1302/998/403
f 1304/998/405 1316/998/417 1315/998/416 1303/998/404
f 1305/998/406 1317/998/418 1316/998/417 1304/998/405
f 1306/998/407 1318/998/419 1317/998/418 1305/998/406
f 1307/998/408 1319/998/420 1318/998/419 1306/998/407
f 1308/998/398 1320/998/410 1319/998/420 1307/998/408
f 1309/998/409 1321/998/421 1332/998/422 1320/998/410
f 1310/998/411 1322/998/423 1321/998/421 1309/998/409
f 1311/998/412 1323/998/424 1322/998/423 1310/998/411
f 1312/998/413 1324/998/425 1323/998/424 1311/998/412
f 1313/998/414 1325/998/426 1324/998/425 1312/998/413
f 1314/998/415 1326/998/427 1325/998/426 1313/998/414
f 1315/998/416 1327/998/428 1326/998/427 1314/998/415
f 1316/998/417 1328/998/429 1327/998/428 1315/998/416
f 1317/998/418 1329/998/430 1328/998/429 1316/998/417
f 1318/998/419 1330/998/431 1329/998/430 1317/998/418
f 1319/998/420 1331/998/432 1330/998/431 1318/998/419
f 1320/998/410 1332/998/422 1331/998/432 1319/998/420
f 1321/998/421 1333/998/433 1344/998/434 1332/998/422
f 1322/998/423 1334/998/435 1333/998/433 1321/998/421
f 1323/998/424 1335/998/436 1334/998/435 1322/998/423
f 1324/998/425 1336/998/437 1335/998/436 1323/998/424
f 1325/998/426 1337/998/438 1336/998/437 1324/998/425
f 1326/998/427 1338/998/439 1337/998/438 1325/998/426
f 1327/998/428 1339/998/440 1338/998/439 1326/998/427
f 1328/998/429 1340/998/441 1339/998/440 1327/998/428
f 1329/998/430 1341/998/442 1340/998/441 1328/998/429
f 1330/998/431 1342/998/443 1341/998/442 1329/998/430
f 1331/998/432 1343/998/444 1342/998/443 1330/998/431
f 1332/998/422 1344/998/434 1343/998/444 1331/998/432
f 1333/998/433 1345/998/445 1356/998/446 1344/998/434
f 1334/998/435 1346/998/447 1345/998/445 1333/998/433
f 1335/998/436 1347/998/448 1346/998/447 1334/998/435
f 1336/998/437 1348/998/449 1347/998/448 1335/998/436
f 1337/998/438 1349/998/450 1348/998/449 1336/998/437
f 1338/998/439 1350/998/451 1349/998/450 1337/998/438
f 1339/998/440 1351/998/452 1350/998/451 1338/998/439
f 1340/998/441 1352/998/453 1351/998/452 1339/998/440
f 1341/998/442 1353/998/454 1352/998/453 1340/998/441
f 1342/998/443 1354/998/455 1353/998/454 1341/998/442
f 1343/998/444 1355/998/456 1354/998/455 1342/998/443
f 1344/998/434 1356/998/446 1355/998/456 1343/998/444
f 1345/998/445 1357/998/457 1368/998/458 1356/998/446
f 1346/998/447 1358/998/459 1357/998/457 1345/998/445
f 1347/998/448 1359/998/460 1358/998/459 1346/998/447
f 1348/998/449 1360/998/461 1359/998/460 1347/998/448
f 1349/998/450 1361/998/462 1360/998/461 1348/998/449
f 1350/998/451 1362/998/463 1361/998/462 1349/998/450
f 1351/998/452 1363/998/464 1362/998/463 1350/998/451
f 1352/998/453 1364/998/465 1363/998/464 1351/998/452
f 1353/998/454 1365/998/466 1364/998/465 1352/998/453
f 1354/998/455 1366/998/467 1365/998/466 1353/998/454
f 1355/998/456 1367/998/468 1366/998/467 1354/998/455
f 1356/998/446 1368/998/458 1367/998/468 1355/998/456
f 1357/998/457 1369/998/469 1380/998/470 1368/998/458
f 1358/998/459 1370/998/471 1369/998/469 1357/998/457
f 1359/998/460 1371/998/472 1370/998/471 1358/998/459
f 1360/998/461 1372/998/473 1371/998/472 1359/998/460
f 1361/998/462 1373/998/474 1372/998/473 1360/998/461
f 1362/998/463 1374/998/475 1373/998/474 1361/998/462
f 1363/998/464 1375/998/476 1374/998/475 1362/998/463
f 1364/998/465 1376/998/477 1375/998/476 1363/998/464
f 1365/998/466 1377/998/478 1376/998/477 1364/998/465
f 1366/998/467 1378/998/479 1377/998/478 1365/998/466
f 1367/998/468 1379/998/480 1378/998/479 1366/998/467
f 1368/998/458 1380/998/470 1379/998/480 1367/998/468
f 1369/998/469 1381/998/481 1392/998/482 1380/998/470
f 1370/998/471 1382/998/483 1381/998/481 1369/998/469
f 1371/998/472 1383/998/484 1382/998/483 1370/998/471
f 1372/998/473 1384/998/485 1383/998/484 1371/998/472
f 1373/998/474 1385/998/486 1384/998/485 1372/998/473
f 1374/998/475 1386/998/487 1385/998/486 1373/998/474
f 1375/998/476 1387/998/488 1386/998/487 1374/998/475
f 1376/998/477 1388/998/489 1387/998/488 1375/998/476
f 1377/998/478 1389/998/490 1388/998/489 1376/998/477
f 1378/998/479 1390/998/491 1389/998/490 1377/998/478
f 1379/998/480 1391/998/492 1390/998/491 1378/998/479
f 1380/998/470 1392/998/482 1391/998/492 1379/998/480
f 1381/998/481 1393/998/493 1404/998/494 1392/998/482
f 1382/998/483 1394/998/495 1393/998/493 1381/998/481
f 1383/998/484 1395/998/496 1394/998/495 1382/998/483
f 1384/998/485 1396/998/497 1395/998/496 1383/998/484
f 1385/998/486 1397/998/498 1396/998/497 1384/998/485
f 1386/998/487 1398/998/499 1397/998/498 1385/998/486
f 1387/998/488 1399/998/500 1398/998/499 1386/998/487
f 1388/998/489 1400/998/501 1399/998/500 1387/998/488
f 1389/998/490 1401/998/502 1400/998/501 1388/998/489
f 1390/998/491 1402/998/503 1401/998/502 1389/998/490
f 1391/998/492 1403/998/504 1402/998/503 1390/998/491
f 1392/998/482 1404/998/494 1403/998/504 1391/998/492
f 1393/998/493 1405/998/505 1416/998/506 1404/998/494
f 1394/998/495 1406/998/507 1405/998/505 1393/998/493
f 1395/998/496 1407/998/508 1406/998/507 1394/998/495
f 1396/998/497 1408/998/509 1407/998/508 1395/998/496
f 1397/998/498 1409/998/510 1408/998/509 1396/998/497
f 1398/998/499 1410/998/511 1409/998/510 1397/998/498
f 1399/998/500 1411/998/512 1410/998/511 1398/998/499
f 1400/998/501 1412/998/513 1411/998/512 1399/998/500
f 1401/998/502 1413/998/514 1412/998/513 1400/998/501
f 1402/998/503 1414/998/515 1413/998/514 1401/998/502
f 1403/998/504 1415/998/516 1414/998/515 1402/998/503
f 1404/998/494 1416/998/506 1415/998/516 1403/998/504
f 1405/998/505 1417/998/517 1428/998/518 1416/998/506
f 1406/998/507 1418/998/519 1417/998/517 1405/998/505
f 1407/998/508 1419/998/520 1418/998/519 1406/998/507
f 1408/998/509 1420/998/521 1419/998/520 1407/998/508
f 1409/998/510 1421/998/522 1420/998/521 1408/998/509
f 1410/998/511 1422/998/523 1421/998/522 1409/998/510
f 1411/998/512 1423/998/524 1422/998/523 1410/998/511
f 1412/998/513 1424/998/525 1423/998/524 1411/998/512
f 1413/998/514 1425/998/526 1424/998/525 1412/998/513
f 1414/998/515 1426/998/527 1425/998/526 1413/998/514
f 1415/998/516 1427/998/528 1426/998/527 1414/998/515
f 1416/998/506 1428/998/518 1427/998/528 1415/998/516
f 1417/998/517 1429/998/529 1440/998/530 1428/998/518
f 1418/998/519 1430/998/531 1429/998/529 1417/998/517
f 1419/998/520 1431/998/532 1430/998/531 1418/998/519
f 1420/998/521 1432/998/533 1431/998/532 1419/998/520
f 1421/998/522 1433/998/534 1432/998/533 1420/998/521
f 1422/998/523 1434/998/535 1433/998/534 1421/998/522
f 1423/998/524 1435/998/536 1434/998/535 1422/998/523
f 1424/998/525 1436/998/537 1435/998/536 1423/998/524
f 1425/998/526 1437/998/538 1436/998/537 1424/998/525
f 1426/998/527 1438/998/539 1437/998/538 1425/998/526
f 1427/998/528 1439/998/540 1438/998/539 1426/998/527
f 1428/998/518 1440/998/530 1439/998/540 1427/998/528
f 1429/998/529 1441/998/541 1452/998/542 1440/998/530
f 1430/998/531 1442/998/543 1441/998/541 1429/998/529
f 1431/998/532 1443/998/544 1442/998/543 1430/998/531
f 1432/998/533 1444/998/545 1443/998/544 1431/998/532
f 1433/998/534 1445/998/546 1444/998/545 1432/998/533
f 1434/998/535 1446/998/547 1445/998/546 1433/998/534
f 1435/998/536 1447/998/548 1446/998/547 1434/998/535
f 1436/998/537 1448/998/549 1447/998/548 1435/998/536
f 1437/998/538 1449/998/550 1448/998/549 1436/998/537
f 1438/998/539 1450/998/551 1449/998/550 1437/998/538
f 1439/998/540 1451/998/552 1450/998/551 1438/998/539
f 1440/998/530 1452/998/542 1451/998/552 1439/998/540
f 1441/998/541 1453/998/553 1464/998/554 1452/998/542
f 1442/998/543 1454/998/555 1453/998/553 1441/998/541
f 1443/998/544 1455/998/556 1454/998/555 1442/998/543
f 1444/998/545 1456/998/557 1455/998/556 1443/998/544
f 1445/998/546 1457/998/558 1456/998/557 1444/998/545
f 1446/998/547 1458/998/559 1457/998/558 1445/998/546
f 1447/998/548 1459/998/560 1458/998/559 1446/998/547
f 1448/998/549 1460/998/561 1459/998/560 1447/998/548
f 1449/998/550 1461/998/562 1460/998/561 1448/998/549
f 1450/998/551 1462/998/563 1461/998/562 1449/998/550
f 1451/998/552 1463/998/564 1462/998/563 1450/998/551
f 1452/998/542 1464/998/554 1463/998/564 1451/998/552
f 1453/998/553 1465/998/565 1476/998/566 1464/998/554
f 1454/998/555 1466/998/567 1465/998/565 1453/998/553
f 1455/998/556 1467/998/568 1466/998/567 1454/998/555
f 1456/998/557 1468/998/569 1467/998/568 1455/998/556
f 1457/998/558 1469/998/570 1468/998/569 1456/998/557
f 1458/998/559 1470/998/571 1469/998/570 1457/998/558
f 1459/998/560 1471/998/572 1470/998/571 1458/998/559
f 1460/998/561 1472/998/573 1471/998/572 1459/998/560
f 1461/998/562 1473/998/574 1472/998/573 1460/998/561
f 1462/998/563 1474/998/575 1473/998/574 1461/998/562
f 1463/998/564 1475/998/576 1474/998/575 1462/998/563
f 1464/998/554 1476/998/566 1475/998/576 1463/998/564
f 1465/998/565 1477/998/577 1488/998/578 1476/998/566
f 1466/998/567 1478/998/579 1477/998/577 1465/998/565
f 1467/998/568 1479/998/580 1478/998/579 1466/998/567
f 1468/998/569 1480/998/581 1479/998/580 1467/998/568
f 1469/998/570 1481/998/582 1480/998/581 1468/998/569
f 1470/998/571 1482/998/583 1481/998/582 1469/998/570
f 1471/998/572 1483/998/584 1482/998/583 1470/998/571
f 1472/998/573 1484/998/585 1483/998/584 1471/998/572
f 1473/998/574 1485/998/586 1484/998/585 1472/998/573
f 1474/998/575 1486/998/587 1485/998/586 1473/998/574
f 1475/998/576 1487/998/588 1486/998/587 1474/998/575
f 1476/998/566 1488/998/578 1487/998/588 1475/998/576
f 1477/998/577 1489/998/589 1500/998/590 1488/998/578
f 1478/998/579 1490/998/591 1489/998/589 1477/998/577
f 1479/998/580 1491/998/592 1490/998/591 1478/998/579
f 1480/998/581 1492/998/593 1491/998/592 1479/998/580
f 1481/998/582 1493/998/594 1492/998/593 1480/998/581
f 1482/998/583 1494/998/595 1493/998/594 1481/998/582
f 1483/998/584 1495/998/596 1494/998/595 1482/998/583
f 1484/998/585 1496/998/597 1495/998/596 1483/998/584
f 1485/998/586 1497/998/598 1496/998/597 1484/998/585
f 1486/998/587 1498/998/599 1497/998/598 1485/998/586
f 1487/998/588 1499/998/600 1498/998/599 1486/998/587
f 1488/998/578 1500/998/590 1499/998/600 1487/998/588
f 1489/998/589 1501/998/601 1512/998/602 1500/998/590
f 1490/998/591 1502/998/603 1501/998/601 1489/998/589
f 1491/998/592 1503/998/604 1502/998/603 1490/998/591
f 1492/998/593 1504/998/605 1503/998/604 1491/998/592
f 1493/998/594 1505/998/606 1504/998/605 1492/998/593
f 1494/998/595 1506/998/607 1505/998/606 1493/998/594
f 1495/998/596 1507/998/608 1506/998/607 1494/998/595
f 1496/998/597 1508/998/609 1507/998/608 1495/998/596
f 1497/998/598 1509/998/610 1508/998/609 1496/998/597
f 1498/998/599 1510/998/611 1509/998/610 1497/998/598
f 1499/998/600 1511/998/612 1510/998/611 1498/998/599
f 1500/998/590 1512/998/602 1511/998/612 1499/998/600
f 1501/998/601 1513/998/613 1524/998/614 1512/998/602
f 1502/998/603 1514/998/615 1513/998/613 1501/998/601
f 1503/998/604 1515/998/616 1514/998/615 1502/998/603
f 1504/998/605 1516/998/617 1515/998/616 1503/998/604
f 1505/998/606 1517/998/618 1516/998/617 1504/998/605
f 1506/998/607 1518/998/619 1517/998/618 1505/998/606
f 1507/998/608 1519/998/620 1518/998/619 1506/998/607
f 1508/998/609 1520/998/621 1519/998/620 1507/998/608
f 1509/998/610 1521/998/622 1520/998/621 1508/998/609
f 1510/998/611 1522/998/623 1521/998/622 1509/998/610
f 1511/998/612 1523/998/624 1522/998/623 1510/998/611
f 1512/998/602 1524/998/614 1523/998/624 1511/998/612
f 1525/998/613 1536/998/614 1548/998/602 1537/998/601
f 1526/998/615 1525/998/613 1537/998/601 1538/998/603
f 1527/998/616 1526/998/615 1538/998/603 1539/998/604
f 1528/998/617 1527/998/616 1539/998/604 1540/998/605
f 1529/998/618 1528/998/617 1540/998/605 1541/998/606
f 1530/998/619 1529/998/618 1541/998/606 1542/998/607
f 1531/998/620 1530/998/619 1542/998/607 1543/998/608
f 1532/998/621 1531/998/620 1543/998/608 1544/998/609
f 1533/998/622 1532/998/621 1544/998/609 1545/998/625
f 1534/998/623 1533/998/622 1545/998/625 1546/998/611
f 1535/998/624 1534/998/623 1546/998/611 1547/998/612
f 1536/998/614 1535/998/624 1547/998/612 1548/998/602
f 1537/998/601 1548/998/602 1560/998/590 1549/998/589
f 1538/998/603 1537/998/601 1549/998/589 1550/998/591
f 1539/998/604 1538/998/603 1550/998/591 1551/998/592
f 1540/998/605 1539/998/604 1551/998/592 1552/998/593
f 1541/998/606 1540/998/605 1552/998/593 1553/998/594
f 1542/998/607 1541/998/606 1553/998/594 1554/998/595
f 1543/998/608 1542/998/607 1554/998/595 1555/998/596
f 1544/998/609 1543/998/608 1555/998/596 1556/998/597
f 1545/998/625 1544/998/609 1556/998/597 1557/998/598
f 1546/998/611 1545/998/625 1557/998/598 1558/998/599
f 1547/998/612 1546/998/611 1558/998/599 1559/998/600
f 1548/998/602 1547/998/612 1559/998/600 1560/998/590
f 1549/998/589 1560/998/590 1572/998/626 1561/998/577
f 1550/998/591 1549/998/589 1561/998/577 1562/998/579
f 1551/998/592 1550/998/591 1562/998/579 1563/998/580
f 1552/998/593 1551/998/592 1563/998/580 1564/998/581
f 1553/998/594 1552/998/593 1564/998/581 1565/998/582
f 1554/998/595 1553/998/594 1565/998/582 1566/998/583
f 1555/998/596 1554/998/595 1566/998/583 1567/998/584
f 1556/998/597 1555/998/596 1567/998/584 1568/998/585
f 1557/998/598 1556/998/597 1568/998/585 1569/998/586
f 1558/998/599 1557/998/598 1569/998/586 1570/998/587
f 1559/998/600 1558/998/599 1570/998/587 1571/998/588
f 1560/998/590 1559/998/600 1571/998/588 1572/998/626
f 1561/998/577 1572/998/626 1584/998/566 1573/998/565
f 1562/998/579 1561/998/577 1573/998/565 1574/998/567
f 1563/998/580 1562/998/579 1574/998/567 1575/998/568
f 1564/998/581 1563/998/580 1575/998/568 1576/998/569
f 1565/998/582 1564/998/581 1576/998/569 1577/998/570
f 1566/998/583 1565/998/582 1577/998/570 1578/998/571
f 1567/998/584 1566/998/583 1578/998/571 1579/998/572
f 1568/998/585 1567/998/584 1579/998/572 1580/998/573
f 1569/998/586 1568/998/585 1580/998/573 1581/998/574
f 1570/998/587 1569/998/586 1581/998/574 1582/998/575
f 1571/998/588 1570/998/587 1582/998/575 1583/998/576
f 1572/998/626 1571/998/588 1583/998/576 1584/998/566
f 1573/998/565 1584/998/566 1596/998/627 1585/998/553
f 1574/998/567 1573/998/565 1585/998/553 1586/998/555
f 1575/998/568 1574/998/567 1586/998/555 1587/998/556
f 1576/998/569 1575/998/568 1587/998/556 1588/998/557
f 1577/998/570 1576/998/569 1588/998/557 1589/998/558
f 1578/998/571 1577/998/570 1589/998/558 1590/998/559
f 1579/998/572 1578/998/571 1590/998/559 1591/998/560
f 1580/998/573 1579/998/572 1591/998/560 1592/998/561
f 1581/998/574 1580/998/573 1592/998/561 1593/998/628
f 1582/998/575 1581/998/574 1593/998/628 1594/998/563
f 1583/998/576 1582/998/575 1594/998/563 1595/998/564
f 1584/998/566 1583/998/576 1595/998/564 1596/998/627
f 1585/998/553 1596/998/627 1608/998/542 1597/998/541
f 1586/998/555 1585/998/553 1597/998/541 1598/998/543
f 1587/998/556 1586/998/555 1598/998/543 1599/998/544
f 1588/998/557 1587/998/556 1599/998/544 1600/998/545
f 1589/998/558 1588/998/557 1600/998/545 1601/998/546
f 1590/998/559 1589/998/558 1601/998/546 1602/998/547
f 1591/998/560 1590/998/559 1602/998/547 1603/998/548
f 1592/998/561 1591/998/560 1603/998/548 1604/998/549
f 1593/998/628 1592/998/561 1604/998/549 1605/998/550
f 1594/998/563 1593/998/628 1605/998/550 1606/998/551
f 1595/998/564 1594/998/563 1606/998/551 1607/998/552
f 1596/998/627 1595/998/564 1607/998/552 1608/998/542
f 1597/998/541 1608/998/542 1620/998/530 1609/998/529
f 1598/998/543 1597/998/541 1609/998/529 1610/998/629
f 1599/998/544 1598/998/543 1610/998/629 1611/998/630
f 1600/998/545 1599/998/544 1611/998/630 1612/998/631
f 1601/998/546 1600/998/545 1612/998/631 1613/998/534
f 1602/998/547 1601/998/546 1613/998/534 1614/998/535
f 1603/998/548 1602/998/547 1614/998/535 1615/998/536
f 1604/998/549 1603/998/548 1615/998/536 1616/998/537
f 1605/998/550 1604/998/549 1616/998/537 1617/998/632
f 1606/998/551 1605/998/550 1617/998/632 1618/998/539
f 1607/998/552 1606/998/551 1618/998/539 1619/998/633
f 1608/998/542 1607/998/552 1619/998/633 1620/998/530
f 1609/998/529 1620/998/530 1632/998/518 1621/998/517
f 1610/998/629 1609/998/529 1621/998/517 1622/998/519
f 1611/998/630 1610/998/629 1622/998/519 1623/998/520
f 1612/998/631 1611/998/630 1623/998/520 1624/998/634
f 1613/998/534 1612/998/631 1624/998/634 1625/998/635
f 1614/998/535 1613/998/534 1625/998/635 1626/998/636
f 1615/998/536 1614/998/535 1626/998/636 1627/998/524
f 1616/998/537 1615/998/536 1627/998/524 1628/998/525
f 1617/998/632 1616/998/537 1628/998/525 1629/998/526
f 1618/998/539 1617/998/632 1629/998/526 1630/998/527
f 1619/998/633 1618/998/539 1630/998/527 1631/998/528
f 1620/998/530 1619/998/633 1631/998/528 1632/998/518
f 1621/998/517 1632/998/518 1644/998/506 1633/998/505
f 1622/998/519 1621/998/517 1633/998/505 1634/998/507
f 1623/998/520 1622/998/519 1634/998/507 1635/998/508
f 1624/998/634 1623/998/520 1635/998/508 1636/998/637
f 1625/998/635 1624/998/634 1636/998/637 1637/998/510
f 1626/998/636 1625/998/635 1637/998/510 1638/998/511
f 1627/998/524 1626/998/636 1638/998/511 1639/998/512
f 1628/998/525 1627/998/524 1639/998/512 1640/998/513
f 1629/998/526 1628/998/525 1640/998/513 1641/998/514
f 1630/998/527 1629/998/526 1641/998/514 1642/998/638
f 1631/998/528 1630/998/527 1642/998/638 1643/998/516
f 1632/998/518 1631/998/528 1643/998/516 1644/998/506
f 1633/998/505 1644/998/506 1656/998/494 1645/998/493
f 1634/998/507 1633/998/505 1645/998/493 1646/998/495
f 1635/998/508 1634/998/507 1646/998/495 1647/998/496
f 1636/998/637 1635/998/508 1647/998/496 1648/998/639
f 1637/998/510 1636/998/637 1648/998/639 1649/998/498
f 1638/998/511 1637/998/510 1649/998/498 1650/998/499
f 1639/998/512 1638/998/511 1650/998/499 1651/998/500
f 1640/998/513 1639/998/512 1651/998/500 1652/998/640
f 1641/998/514 1640/998/513 1652/998/640 1653/998/502
f 1642/998/638 1641/998/514 1653/998/502 1654/998/503
f 1643/998/516 1642/998/638 1654/998/503 1655/998/504
f 1644/998/506 1643/998/516 1655/998/504 1656/998/494
f 1645/998/493 1656/998/494 1668/998/482 1657/998/481
f 1646/998/495 1645/998/493 1657/998/481 1658/998/483
f 1647/998/496 1646/998/495 1658/998/483 1659/998/484
f 1648/998/639 1647/998/496 1659/998/484 1660/998/485
f 1649/998/498 1648/998/639 1660/998/485 1661/998/641
f 1650/998/499 1649/998/498 1661/998/641 1662/998/487
f 1651/998/500 1650/998/499 1662/998/487 1663/998/488
f 1652/998/640 1651/998/500 1663/998/488 1664/998/489
f 1653/998/502 1652/998/640 1664/998/489 1665/998/490
f 1654/998/503 1653/998/502 1665/998/490 1666/998/491
f 1655/998/504 1654/998/503 1666/998/491 1667/998/492
f 1656/998/494 1655/998/504 1667/998/492 1668/998/482
f 1657/998/481 1668/998/482 1680/998/470 1669/998/469
f 1658/998/483 1657/998/481 1669/998/469 1670/998/642
f 1659/998/484 1658/998/483 1670/998/642 1671/998/472
f 1660/998/485 1659/998/484 1671/998/472 1672/998/473
f 1661/998/641 1660/998/485 1672/998/473 1673/998/474
f 1662/998/487 1661/998/641 1673/998/474 1674/998/475
f 1663/998/488 1662/998/487 1674/998/475 1675/998/476
f 1664/998/489 1663/998/488 1675/998/476 1676/998/477
f 1665/998/490 1664/998/489 1676/998/477 1677/998/478
f 1666/998/491 1665/998/490 1677/998/478 1678/998/479
f 1667/998/492 1666/998/491 1678/998/479 1679/998/480
f 1668/998/482 1667/998/492 1679/998/480 1680/998/470
f 1669/998/469 1680/998/470 1692/998/458 1681/998/457
f 1670/998/642 1669/998/469 1681/998/457 1682/998/459
f 1671/998/472 1670/998/642 1682/998/459 1683/998/460
f 1672/998/473 1671/998/472 1683/998/460 1684/998/461
f 1673/998/474 1672/998/473 1684/998/461 1685/998/462
f 1674/998/475 1673/998/474 1685/998/462 1686/998/463
f 1675/998/476 1674/998/475 1686/998/463 1687/998/464
f 1676/998/477 1675/998/476 1687/998/464 1688/998/465
f 1677/998/478 1676/998/477 1688/998/465 1689/998/466
f 1678/998/479 1677/998/478 1689/998/466 1690/998/467
f 1679/998/480 1678/998/479 1690/998/467 1691/998/468
f 1680/998/470 1679/998/480 1691/998/468 1692/998/458
f 1681/998/457 1692/998/458 1704/998/446 1693/998/445
f 1682/998/459 1681/998/457 1693/998/445 1694/998/447
f 1683/998/460 1682/998/459 1694/998/447 1695/998/448
f 1684/998/461 1683/998/460 1695/998/448 1696/998/449
f 1685/998/462 1684/998/461 1696/998/449 1697/998/450
f 1686/998/463 1685/998/462 1697/998/450 1698/998/451
f 1687/998/464 1686/998/463 1698/998/451 1699/998/452
f 1688/998/465 1687/998/464 1699/998/452 1700/998/453
f 1689/998/466 1688/998/465 1700/998/453 1701/998/454
f 1690/998/467 1689/998/466 1701/998/454 1702/998/455
f 1691/998/468 1690/998/467 1702/998/455 1703/998/456
f 1692/998/458 1691/998/468 1703/998/456 1704/998/446
f 1693/998/445 1704/998/446 1716/998/434 1705/998/433
f 1694/998/447 1693/998/445 1705/998/433 1706/998/435
f 1695/998/448 1694/998/447 1706/998/435 1707/998/436
f 1696/998/449 1695/998/448 1707/998/436 1708/998/437
f 1697/998/450 1696/998/449 1708/998/437 1709/998/438
f 1698/998/451 1697/998/450 1709/998/438 1710/998/439
f 1699/998/452 1698/998/451 1710/998/439 1711/998/440
f 1700/998/453 1699/998/452 1711/998/440 1712/998/441
f 1701/998/454 1700/998/453 1712/998/441 1713/998/442
f 1702/998/455 1701/998/454 1713/998/442 1714/998/443
f 1703/998/456 1702/998/455 1714/998/443 1715/998/444
f 1704/998/446 1703/998/456 1715/998/444 1716/998/434
f 1705/998/433 1716/998/434 1728/998/422 1717/998/421
f 1706/998/435 1705/998/433 1717/998/421 1718/998/643
f 1707/998/436 1706/998/435 1718/998/643 1719/998/424
f 1708/998/437 1707/998/436 1719/998/424 1720/998/425
f 1709/998/438 1708/998/437 1720/998/425 1721/998/426
f 1710/998/439 1709/998/438 1721/998/426 1722/998/427
f 1711/998/440 1710/998/439 1722/998/427 1723/998/428
f 1712/998/441 1711/998/440 1723/998/428 1724/998/429
f 1713/998/442 1712/998/441 1724/998/429 1725/998/644
f 1714/998/443 1713/998/442 1725/998/644 1726/998/431
f 1715/998/444 1714/998/443 1726/998/431 1727/998/432
f 1716/998/434 1715/998/444 1727/998/432 1728/998/422
f 1717/998/421 1728/998/422 1740/998/410 1729/998/409
f 1718/998/643 1717/998/421 1729/998/409 1730/998/411
f 1719/998/424 1718/998/643 1730/998/411 1731/998/412
f 1720/998/425 1719/998/424 1731/998/412 1732/998/413
f 1721/998/426 1720/998/425 1732/998/413 1733/998/414
f 1722/998/427 1721/998/426 1733/998/414 1734/998/645
f 1723/998/428 1722/998/427 1734/998/645 1735/998/416
f 1724/998/429 1723/998/428 1735/998/416 1736/998/417
f 1725/998/644 1724/998/429 1736/998/417 1737/998/418
f 1726/998/431 1725/998/644 1737/998/418 1738/998/419
f 1727/998/432 1726/998/431 1738/998/419 1739/998/420
f 1728/998/422 1727/998/432 1739/998/420 1740/998/410
f 1729/998/409 1740/998/410 1752/998/398 1741/998/397
f 1730/998/411 1729/998/409 1741/998/397 1742/998/399
f 1731/998/412 1730/998/411 1742/998/399 1743/998/400
f 1732/998/413 1731/998/412 1743/998/400 1744/998/646
f 1733/998/414 1732/998/413 1744/998/646 1745/998/402
f 1734/998/645 1733/998/414 1745/998/402 1746/998/403
f 1735/998/416 1734/998/645 1746/998/403 1747/998/404
f 1736/998/417 1735/998/416 1747/998/404 1748/998/405
f 1737/998/418 1736/998/417 1748/998/405 1749/998/406
f 1738/998/419 1737/998/418 1749/998/406 1750/998/407
f 1739/998/420 1738/998/419 1750/998/407 1751/998/408
f 1740/998/410 1739/998/420 1751/998/408 1752/998/398
f 1741/998/397 1752/998/398 1764/998/388 1753/998/647
f 1742/998/399 1741/998/397 1753/998/647 1754/998/389
f 1743/998/400 1742/998/399 1754/998/389 1755/998/282
f 1744/998/646 1743/998/400 1755/998/282 1756/998/390
f 1745/998/402 1744/998/646 1756/998/390 1757/998/391
f 1746/998/403 1745/998/402 1757/998/391 1758/998/392
f 1747/998/404 1746/998/403 1758/998/392 1759/998/648
f 1748/998/405 1747/998/404 1759/998/648 1760/998/394
f 1749/998/406 1748/998/405 1760/998/394 1761/998/288
f 1750/998/407 1749/998/406 1761/998/288 1762/998/395
f 1751/998/408 1750/998/407 1762/998/395 1763/998/396
f 1752/998/398 1751/998/408 1763/998/396 1764/998/388
f 1753/998/647 1764/998/388 1776/998/649 1765/998/650
f 1754/998/389 1753/998/647 1765/998/650 1766/998/379
f 1755/998/282 1754/998/389 1766/998/379 1767/998/294
f 1756/998/390 1755/998/282 1767/998/294 1768/998/651
f 1757/998/391 1756/998/390 1768/998/651 1769/998/381
f 1758/998/392 1757/998/391 1769/998/381 1770/998/382
f 1759/998/648 1758/998/392 1770/998/382 1771/998/383
f 1760/998/394 1759/998/648 1771/998/383 1772/998/384
f 1761/998/288 1760/998/394 1772/998/384 1773/998/300
f 1762/998/395 1761/998/288 1773/998/300 1774/998/385
f 1763/998/396 1762/998/395 1774/998/385 1775/998/652
f 1764/998/388 1763/998/396 1775/998/652 1776/998/649
f 1765/998/650 1776/998/649 1788/998/368 1777/998/653
f 1766/998/379 1765/998/650 1777/998/653 1778/998/369
f 1767/998/294 1766/998/379 1778/998/369 1779/998/306
f 1768/998/651 1767/998/294 1779/998/306 1780/998/370
f 1769/998/381 1768/998/651 1780/998/370 1781/998/371
f 1770/998/382 1769/998/381 1781/998/371 1782/998/372
f 1771/998/383 1770/998/382 1782/998/372 1783/998/373
f 1772/998/384 1771/998/383 1783/998/373 1784/998/374
f 1773/998/300 1772/998/384 1784/998/374 1785/998/312
f 1774/998/385 1773/998/300 1785/998/312 1786/998/654
f 1775/998/652 1774/998/385 1786/998/654 1787/998/376
f 1776/998/649 1775/998/652 1787/998/376 1788/998/368
f 1777/998/653 1788/998/368 1800/998/358 1789/998/357
f 1778/998/369 1777/998/653 1789/998/357 1790/998/359
f 1779/998/306 1778/998/369 1790/998/359 1791/998/318
f 1780/998/370 1779/998/306 1791/998/318 1792/998/360
f 1781/998/371 1780/998/370 1792/998/360 1793/998/361
f 1782/998/372 1781/998/371 1793/998/361 1794/998/362
f 1783/998/373 1782/998/372 1794/998/362 1795/998/363
f 1784/998/374 1783/998/373 1795/998/363 1796/998/364
f 1785/998/312 1784/998/374 1796/998/364 1797/998/655
f 1786/998/654 1785/998/312 1797/998/655 1798/998/365
f 1787/998/376 1786/998/654 1798/998/365 1799/998/366
f 1788/998/368 1787/998/376 1799/998/366 1800/998/358
f 1789/998/357 1800/998/358 1812/998/348 1801/998/347
f 1790/998/359 1789/998/357 1801/998/347 1802/998/349
f 1791/998/318 1790/998/359 1802/998/349 1803/998/330
f 1792/998/360 1791/998/318 1803/998/330 1804/998/350
f 1793/998/361 1792/998/360 1804/998/350 1805/998/351
f 1794/998/362 1793/998/361 1805/998/351 1806/998/352
f 1795/998/363 1794/998/362 1806/998/352 1807/998/353
f 1796/998/364 1795/998/363 1807/998/353 1808/998/354
f 1797/998/655 1796/998/364 1808/998/354 1809/998/336
f 1798/998/365 1797/998/655 1809/998/336 1810/998/355
f 1799/998/366 1798/998/365 1810/998/355 1811/998/356
f 1800/998/358 1799/998/366 1811/998/356 1812/998/348
f 1801/998/347 1812/998/348 1824/998/49 1813/998/339
f 1802/998/349 1801/998/347 1813/998/339 1814/998/340
f 1803/998/330 1802/998/349 1814/998/340 1815/998/330
f 1804/998/350 1803/998/330 1815/998/330 1816/998/341
f 1805/998/351 1804/998/350 1816/998/341 1817/998/342
f 1806/998/352 1805/998/351 1817/998/342 1818/998/46
f 1807/998/353 1806/998/352 1818/998/46 1819/998/343
f 1808/998/354 1807/998/353 1819/998/343 1820/998/344
f 1809/998/336 1808/998/354 1820/998/344 1821/998/336
f 1810/998/355 1809/998/336 1821/998/336 1822/998/345
f 1811/998/356 1810/998/355 1822/998/345 1823/998/346
f 1812/998/348 1811/998/356 1823/998/346 1824/998/49
f 1813/998/339 1824/998/49 1836/998/49 1825/998/339
f 1814/998/340 1813/998/339 1825/998/339 1826/998/340
f 1815/998/330 1814/998/340 1826/998/340 1827/998/330
f 1816/998/341 1815/998/330 1827/998/330 1828/998/341
f 1817/998/342 1816/998/341 1828/998/341 1829/998/342
f 1818/998/46 1817/998/342 1829/998/342 1830/998/46
f 1819/998/343 1818/998/46 1830/998/46 1831/998/343
f 1820/998/344 1819/998/343 1831/998/343 1832/998/344
f 1821/998/336 1820/998/344 1832/998/344 1833/998/336
f 1822/998/345 1821/998/336 1833/998/336 1834/998/345
f 1823/998/346 1822/998/345 1834/998/345 1835/998/346
f 1824/998/49 1823/998/346 1835/998/346 1836/998/49
f 1825/998/339 1836/998/49 1848/998/49 1837/998/339
f 1826/998/340 1825/998/339 1837/998/339 1838/998/340
f 1827/998/330 1826/998/340 1838/998/340 1839/998/330
f 1828/998/341 1827/998/330 1839/998/330 1840/998/341
f 1829/998/342 1828/998/341 1840/998/341 1841/998/342
f 1830/998/46 1829/998/342 1841/998/342 1842/998/46
f 1831/998/343 1830/998/46 1842/998/46 1843/998/343
f 1832/998/344 1831/998/343 1843/998/343 1844/998/344
f 1833/998/336 1832/998/344 1844/998/344 1845/998/336
f 1834/998/345 1833/998/336 1845/998/336 1846/998/345
f 1835/998/346 1834/998/345 1846/998/345 1847/998/346
f 1836/998/49 1835/998/346 1847/998/346 1848/998/49
f 1837/998/339 1848/998/49 1860/998/49 1849/998/339
f 1838/998/340 1837/998/339 1849/998/339 1850/998/340
f 1839/998/330 1838/998/340 1850/998/340 1851/998/330
f 1840/998/341 1839/998/330 1851/998/330 1852/998/341
f 1841/998/342 1840/998/341 1852/998/341 1853/998/342
f 1842/998/46 1841/998/342 1853/998/342 1854/998/46
f 1843/998/343 1842/998/46 1854/998/46 1855/998/343
f 1844/998/344 1843/998/343 1855/998/343 1856/998/344
f 1845/998/336 1844/998/344 1856/998/344 1857/998/336
f 1846/998/345 1845/998/336 1857/998/336 1858/998/345
f 1847/998/346 1846/998/345 1858/998/345 1859/998/346
f 1848/998/49 1847/998/346 1859/998/346 1860/998/49
f 1849/998/339 1860/998/49 1872/998/49 1861/998/339
f 1850/998/340 1849/998/339 1861/998/339 1862/998/340
f 1851/998/330 1850/998/340 1862/998/340 1863/998/330
f 1852/998/341 1851/998/330 1863/998/330 1864/998/341
f 1853/998/342 1852/998/341 1864/998/341 1865/998/342
f 1854/998/46 1853/998/342 1865/998/342 1866/998/46
f 1855/998/343 1854/998/46 1866/998/46 1867/998/343
f 1856/998/344 1855/998/343 1867/998/343 1868/998/344
f 1857/998/336 1856/998/344 1868/998/344 1869/998/336
f 1858/998/345 1857/998/336 1869/998/336 1870/998/345
f 1859/998/346 1858/998/345 1870/998/345 1871/998/346
f 1860/998/49 1859/998/346 1871/998/346 1872/998/49
f 1861/998/339 1872/998/49 1884/998/49 1873/998/339
f 1862/998/340 1861/998/339 1873/998/339 1874/998/340
f 1863/998/330 1862/998/340 1874/998/340 1875/998/330
f 1864/998/341 1863/998/330 1875/998/330 1876/998/341
f 1865/998/342 1864/998/341 1876/998/341 1877/998/342
f 1866/998/46 1865/998/342 1877/998/342 1878/998/46
f 1867/998/343 1866/998/46 1878/998/46 1879/998/343
f 1868/998/344 1867/998/343 1879/998/343 1880/998/344
f 1869/998/336 1868/998/344 1880/998/344 1881/998/336
f 1870/998/345 1869/998/336 1881/998/336 1882/998/345
f 1871/998/346 1870/998/345 1882/998/345 1883/998/346
f 1872/998/49 1871/998/346 1883/998/346 1884/998/49
f 1873/998/339 1884/998/49 1896/998/49 1885/998/339
f 1874/998/340 1873/998/339 1885/998/339 1886/998/340
f 1875/998/330 1874/998/340 1886/998/340 1887/998/330
f 1876/998/341 1875/998/330 1887/998/330 1888/998/341
f 1877/998/342 1876/998/341 1888/998/341 1889/998/342
f 1878/998/46 1877/998/342 1889/998/342 1890/998/46
f 1879/998/343 1878/998/46 1890/998/46 1891/998/343
f 1880/998/344 1879/998/343 1891/998/343 1892/998/344
f 1881/998/336 1880/998/344 1892/998/344 1893/998/336
f 1882/998/345 1881/998/336 1893/998/336 1894/998/345
f 1883/998/346 1882/998/345 1894/998/345 1895/998/346
f 1884/998/49 1883/998/346 1895/998/346 1896/998/49
f 1885/998/339 1896/998/49 1908/998/49 1897/998/339
f 1886/998/340 1885/998/339 1897/998/339 1898/998/340
f 1887/998/330 1886/998/340 1898/998/340 1899/998/330
f 1888/998/341 1887/998/330 1899/998/330 1900/998/341
f 1889/998/342 1888/998/341 1900/998/341 1901/998/342
f 1890/998/46 1889/998/342 1901/998/342 1902/998/46
f 1891/998/343 1890/998/46 1902/998/46 1903/998/343
f 1892/998/344 1891/998/343 1903/998/343 1904/998/344
f 1893/998/336 1892/998/344 1904/998/344 1905/998/336
f 1894/998/345 1893/998/336 1905/998/336 1906/998/345
f 1895/998/346 1894/998/345 1906/998/345 1907/998/346
f 1896/998/49 1895/998/346 1907/998/346 1908/998/49
f 1897/998/339 1908/998/49 1920/998/49 1909/998/339
f 1898/998/340 1897/998/339 1909/998/339 1910/998/340
f 1899/998/330 1898/998/340 1910/998/340 1911/998/330
f 1900/998/341 1899/998/330 1911/998/330 1912/998/341
f 1901/998/342 1900/998/341 1912/998/341 1913/998/342
f 1902/998/46 1901/998/342 1913/998/342 1914/998/46
f 1903/998/343 1902/998/46 1914/998/46 1915/998/343
f 1904/998/344 1903/998/343 1915/998/343 1916/998/344
f 1905/998/336 1904/998/344 1916/998/344 1917/998/336
f 1906/998/345 1905/998/336 1917/998/336 1918/998/345
f 1907/998/346 1906/998/345 1918/998/345 1919/998/346
f 1908/998/49 1907/998/346 1919/998/346 1920/998/49
f 1909/998/339 1920/998/49 1932/998/49 1921/998/339
f 1910/998/340 1909/998/339 1921/998/339 1922/998/340
f 1911/998/330 1910/998/340 1922/998/340 1923/998/330
f 1912/998/341 1911/998/330 1923/998/330 1924/998/341
f 1913/998/342 1912/998/341 1924/998/341 1925/998/342
f 1914/998/46 1913/998/342 1925/998/342 1926/998/46
f 1915/998/343 1914/998/46 1926/998/46 1927/998/343
f 1916/998/344 1915/998/343 1927/998/343 1928/998/344
f 1917/998/336 1916/998/344 1928/998/344 1929/998/336
f 1918/998/345 1917/998/336 1929/998/336 1930/998/345
f 1919/998/346 1918/998/345 1930/998/345 1931/998/346
f 1920/998/49 1919/998/346 1931/998/346 1932/998/49
f 1921/998/339 1932/998/49 1944/998/49 1933/998/339
f 1922/998/340 1921/998/339 1933/998/339 1934/998/340
f 1923/998/330 1922/998/340 1934/998/340 1935/998/330
f 1924/998/341 1923/998/330 1935/998/330 1936/998/341
f 1925/998/342 1924/998/341 1936/998/341 1937/998/342
f 1926/998/46 1925/998/342 1937/998/342 1938/998/46
f 1927/998/343 1926/998/46 1938/998/46 1939/998/343
f 1928/998/344 1927/998/343 1939/998/343 1940/998/344
f 1929/998/336 1928/998/344 1940/998/344 1941/998/336
f 1930/998/345 1929/998/336 1941/998/336 1942/998/345
f 1931/998/346 1930/998/345 1942/998/345 1943/998/346
f 1932/998/49 1931/998/346 1943/998/346 1944/998/49
f 1933/998/339 1944/998/49 1956/998/49 1945/998/339
f 1934/998/340 1933/998/339 1945/998/339 1946/998/340
f 1935/998/330 1934/998/340 1946/998/340 1947/998/330
f 1936/998/341 1935/998/330 1947/998/330 1948/998/341
f 1937/998/342 1936/998/341 1948/998/341 1949/998/342
f 1938/998/46 1937/998/342 1949/998/342 1950/998/46
f 1939/998/343 1938/998/46 1950/998/46 1951/998/343
f 1940/998/344 1939/998/343 1951/998/343 1952/998/344
f 1941/998/336 1940/998/344 1952/998/344 1953/998/336
f 1942/998/345 1941/998/336 1953/998/336 1954/998/345
f 1943/998/346 1942/998/345 1954/998/345 1955/998/346
f 1944/998/49 1943/998/346 1955/998/346 1956/998/49
f 1945/998/339 1956/998/49 1968/998/49 1957/998/339
f 1946/998/340 1945/998/339 1957/998/339 1958/998/340
f 1947/998/330 1946/998/340 1958/998/340 1959/998/330
f 1948/998/341 1947/998/330 1959/998/330 1960/998/341
f 1949/998/342 1948/998/341 1960/998/341 1961/998/342
f 1950/998/46 1949/998/342 1961/998/342 1962/998/46
f 1951/998/343 1950/998/46 1962/998/46 1963/998/343
f 1952/998/344 1951/998/343 1963/998/343 1964/998/344
f 1953/998/336 1952/998/344 1964/998/344 1965/998/336
f 1954/998/345 1953/998/336 1965/998/336 1966/998/345
f 1955/998/346 1954/998/345 1966/998/345 1967/998/346
f 1956/998/49 1955/998/346 1967/998/346 1968/998/49
f 1957/998/339 1968/998/49 1980/998/49 1969/998/339
f 1958/998/340 1957/998/339 1969/998/339 1970/998/340
f 1959/998/330 1958/998/340 1970/998/340 1971/998/330
f 1960/998/341 1959/998/330 1971/998/330 1972/998/341
f 1961/998/342 1960/998/341 1972/998/341 1973/998/342
f 1962/998/46 1961/998/342 1973/998/342 1974/998/46
f 1963/998/343 1962/998/46 1974/998/46 1975/998/343
f 1964/998/344 1963/998/343 1975/998/343 1976/998/344
f 1965/998/336 1964/998/344 1976/998/344 1977/998/336
f 1966/998/345 1965/998/336 1977/998/336 1978/998/345
f 1967/998/346 1966/998/345 1978/998/345 1979/998/346
f 1968/998/49 1967/998/346 1979/998/346 1980/998/49
f 1969/998/339 1980/998/49 1992/998/49 1981/998/339
f 1970/998/340 1969/998/339 1981/998/339 1982/998/340
f 1971/998/330 1970/998/340 1982/998/340 1983/998/330
f 1972/998/341 1971/998/330 1983/998/330 1984/998/341
f 1973/998/342 1972/998/341 1984/998/341 1985/998/342
f 1974/998/46 1973/998/342 1985/998/342 1986/998/46
f 1975/998/343 1974/998/46 1986/998/46 1987/998/343
f 1976/998/344 1975/998/343 1987/998/343 1988/998/344
f 1977/998/336 1976/998/344 1988/998/344 1989/998/336
f 1978/998/345 1977/998/336 1989/998/336 1990/998/345
f 1979/998/346 1978/998/345 1990/998/345 1991/998/346
f 1980/998/49 1979/998/346 1991/998/346 1992/998/49
f 1981/998/339 1992/998/49 2004/998/49 1993/998/339
f 1982/998/340 1981/998/339 1993/998/339 1994/998/340
f 1983/998/330 1982/998/340 1994/998/340 1995/998/330
f 1984/998/341 1983/998/330 1995/998/330 1996/998/341
f 1985/998/342 1984/998/341 1996/998/341 1997/998/342
f 1986/998/46 1985/998/342 1997/998/342 1998/998/46
f 1987/998/343 1986/998/46 1998/998/46 1999/998/343
f 1988/998/344 1987/998/343 1999/998/343 2000/998/344
f 1989/998/336 1988/998/344 2000/998/344 2001/998/336
f 1990/998/345 1989/998/336 2001/998/336 2002/998/345
f 1991/998/346 1990/998/345 2002/998/345 2003/998/346
f 1992/998/49 1991/998/346 2003/998/346 2004/998/49
f 1993/998/339 2004/998/49 2016/998/49 2005/998/339
f 1994/998/340 1993/998/339 2005/998/339 2006/998/340
f 1995/998/330 1994/998/340 2006/998/340 2007/998/330
f 1996/998/341 1995/998/330 2007/998/330 2008/998/341
f 1997/998/342 1996/998/341 2008/998/341 2009/998/342
f 1998/998/46 1997/998/342 2009/998/342 2010/998/46
f 1999/998/343 1998/998/46 2010/998/46 2011/998/343
f 2000/998/344 1999/998/343 2011/998/343 2012/998/344
f 2001/998/336 2000/998/344 2012/998/344 2013/998/336
f 2002/998/345 2001/998/336 2013/998/336 2014/998/345
f 2003/998/346 2002/998/345 2014/998/345 2015/998/346
f 2004/998/49 2003/998/346 2015/998/346 2016/998/49
f 2005/998/339 2016/998/49 2028/998/49 2017/998/339
f 2006/998/340 2005/998/339 2017/998/339 2018/998/340
f 2007/998/330 2006/998/340 2018/998/340 2019/998/330
f 2008/998/341 2007/998/330 2019/998/330 2020/998/341
f 2009/998/342 2008/998/341 2020/998/341 2021/998/342
f 2010/998/46 2009/998/342 2021/998/342 2022/998/46
f 2011/998/343 2010/998/46 2022/998/46 2023/998/343
f 2012/998/344 2011/998/343 2023/998/343 2024/998/344
f 2013/998/336 2012/998/344 2024/998/344 2025/998/336
f 2014/998/345 2013/998/336 2025/998/336 2026/998/345
f 2015/998/346 2014/998/345 2026/998/345 2027/998/346
f 2016/998/49 2015/998/346 2027/998/346 2028/998/49
f 2017/998/339 2028/998/49 2040/998/49 2029/998/339
f 2018/998/340 2017/998/339 2029/998/339 2030/998/340
f 2019/998/330 2018/998/340 2030/998/340 2031/998/330
f 2020/998/341 2019/998/330 2031/998/330 2032/998/341
f 2021/998/342 2020/998/341 2032/998/341 2033/998/342
f 2022/998/46 2021/998/342 2033/998/342 2034/998/46
f 2023/998/343 2022/998/46 2034/998/46 2035/998/343
f 2024/998/344 2023/998/343 2035/998/343 2036/998/344
f 2025/998/336 2024/998/344 2036/998/344 2037/998/336
f 2026/998/345 2025/998/336 2037/998/336 2038/998/345
f 2027/998/346 2026/998/345 2038/998/345 2039/998/346
f 2028/998/49 2027/998/346 2039/998/346 2040/998/49
f 2029/998/339 2040/998/49 2052/998/49 2041/998/339
f 2030/998/340 2029/998/339 2041/998/339 2042/998/340
f 2031/998/330 2030/998/340 2042/998/340 2043/998/330
f 2032/998/341 2031/998/330 2043/998/330 2044/998/341
f 2033/998/342 2032/998/341 2044/998/341 2045/998/342
f 2034/998/46 2033/998/342 2045/998/342 2046/998/46
f 2035/998/343 2034/998/46 2046/998/46 2047/998/343
f 2036/998/344 2035/998/343 2047/998/343 2048/998/344
f 2037/998/336 2036/998/344 2048/998/344 2049/998/336
f 2038/998/345 2037/998/336 2049/998/336 2050/998/345
f 2039/998/346 2038/998/345 2050/998/345 2051/998/346
f 2040/998/49 2039/998/346 2051/998/346 2052/998/49
f 2041/998/339 2052/998/49 2064/998/49 2053/998/339
f 2042/998/340 2041/998/339 2053/998/339 2054/998/340
f 2043/998/330 2042/998/340 2054/998/340 2055/998/330
f 2044/998/341 2043/998/330 2055/998/330 2056/998/341
f 2045/998/342 2044/998/341 2056/998/341 2057/998/342
f 2046/998/46 2045/998/342 2057/998/342 2058/998/46
f 2047/998/343 2046/998/46 2058/998/46 2059/998/343
f 2048/998/344 2047/998/343 2059/998/343 2060/998/344
f 2049/998/336 2048/998/344 2060/998/344 2061/998/336
f 2050/998/345 2049/998/336 2061/998/336 2062/998/345
f 2051/998/346 2050/998/345 2062/998/345 2063/998/346
f 2052/998/49 2051/998/346 2063/998/346 2064/998/49
f 2053/998/339 2064/998/49 2076/998/49 2065/998/339
f 2054/998/340 2053/998/339 2065/998/339 2066/998/340
f 2055/998/330 2054/998/340 2066/998/340 2067/998/330
f 2056/998/341 2055/998/330 2067/998/330 2068/998/341
f 2057/998/342 2056/998/341 2068/998/341 2069/998/342
f 2058/998/46 2057/998/342 2069/998/342 2070/998/46
f 2059/998/343 2058/998/46 2070/998/46 2071/998/343
f 2060/998/344 2059/998/343 2071/998/343 2072/998/344
f 2061/998/336 2060/998/344 2072/998/344 2073/998/336
f 2062/998/345 2061/998/336 2073/998/336 2074/998/345
f 2063/998/346 2062/998/345 2074/998/345 2075/998/346
f 2064/998/49 2063/998/346 2075/998/346 2076/998/49
f 2065/998/339 2076/998/49 2088/998/49 2077/998/339
f 2066/998/340 2065/998/339 2077/998/339 2078/998/340
f 2067/998/330 2066/998/340 2078/998/340 2079/998/330
f 2068/998/341 2067/998/330 2079/998/330 2080/998/341
f 2069/998/342 2068/998/341 2080/998/341 2081/998/342
f 2070/998/46 2069/998/342 2081/998/342 2082/998/46
f 2071/998/343 2070/998/46 2082/998/46 2083/998/343
f 2072/998/344 2071/998/343 2083/998/343 2084/998/344
f 2073/998/336 2072/998/344 2084/998/344 2085/998/336
f 2074/998/345 2073/998/336 2085/998/336 2086/998/345
f 2075/998/346 2074/998/345 2086/998/345 2087/998/346
f 2076/998/49 2075/998/346 2087/998/346 2088/998/49
f 2077/998/339 2088/998/49 2100/998/49 2089/998/339
f 2078/998/340 2077/998/339 2089/998/339 2090/998/340
f 2079/998/330 2078/998/340 2090/998/340 2091/998/330
f 2080/998/341 2079/998/330 2091/998/330 2092/998/341
f 2081/998/342 2080/998/341 2092/998/341 2093/998/342
f 2082/998/46 2081/998/342 2093/998/342 2094/998/46
f 2083/998/343 2082/998/46 2094/998/46 2095/998/343
f 2084/998/344 2083/998/343 2095/998/343 2096/998/344
f 2085/998/336 2084/998/344 2096/998/344 2097/998/336
f 2086/998/345 2085/998/336 2097/998/336 2098/998/345
f 2087/998/346 2086/998/345 2098/998/345 2099/998/346
f 2088/998/49 2087/998/346 2099/998/346 2100/998/49
f 2089/998/339 2100/998/49 2112/998/328 2101/998/327
f 2090/998/340 2089/998/339 2101/998/327 2102/998/329
f 2091/998/330 2090/998/340 2102/998/329 2103/998/330
f 2092/998/341 2091/998/330 2103/998/330 2104/998/331
f 2093/998/342 2092/998/341 2104/998/331 2105/998/332
f 2094/998/46 2093/998/342 2105/998/332 2106/998/333
f 2095/998/343 2094/998/46 2106/998/333 2107/998/334
f 2096/998/344 2095/998/343 2107/998/334 2108/998/335
f 2097/998/336 2096/998/344 2108/998/335 2109/998/336
f 2098/998/345 2097/998/336 2109/998/336 2110/998/337
f 2099/998/346 2098/998/345 2110/998/337 2111/998/338
f 2100/998/49 2099/998/346 2111/998/338 2112/998/328
f 2101/998/327 2112/998/328 2124/998/316 2113/998/315
f 2102/998/329 2101/998/327 2113/998/315 2114/998/317
f 2103/998/330 2102/998/329 2114/998/317 2115/998/318
f 2104/998/331 2103/998/330 2115/998/318 2116/998/319
f 2105/998/332 2104/998/331 2116/998/319 2117/998/320
f 2106/998/333 2105/998/332 2117/998/320 2118/998/321
f 2107/998/334 2106/998/333 2118/998/321 2119/998/322
f 2108/998/335 2107/998/334 2119/998/322 2120/998/323
f 2109/998/336 2108/998/335 2120/998/323 2121/998/324
f 2110/998/337 2109/998/336 2121/998/324 2122/998/325
f 2111/998/338 2110/998/337 2122/998/325 2123/998/326
f 2112/998/328 2111/998/338 2123/998/326 2124/998/316
f 2113/998/315 2124/998/316 2136/998/304 2125/998/656
f 2114/998/317 2113/998/315 2125/998/656 2126/998/305
f 2115/998/318 2114/998/317 2126/998/305 2127/998/306
f 2116/998/319 2115/998/318 2127/998/306 2128/998/307
f 2117/998/320 2116/998/319 2128/998/307 2129/998/308
f 2118/998/321 2117/998/320 2129/998/308 2130/998/309
f 2119/998/322 2118/998/321 2130/998/309 2131/998/310
f 2120/998/323 2119/998/322 2131/998/310 2132/998/311
f 2121/998/324 2120/998/323 2132/998/311 2133/998/312
f 2122/998/325 2121/998/324 2133/998/312 2134/998/657
f 2123/998/326 2122/998/325 2134/998/657 2135/998/314
f 2124/998/316 2123/998/326 2135/998/314 2136/998/304
f 2125/998/656 2136/998/304 2148/998/658 2137/998/291
f 2126/998/305 2125/998/656 2137/998/291 2138/998/293
f 2127/998/306 2126/998/305 2138/998/293 2139/998/294
f 2128/998/307 2127/998/306 2139/998/294 2140/998/659
f 2129/998/308 2128/998/307 2140/998/659 2141/998/296
f 2130/998/309 2129/998/308 2141/998/296 2142/998/297
f 2131/998/310 2130/998/309 2142/998/297 2143/998/298
f 2132/998/311 2131/998/310 2143/998/298 2144/998/299
f 2133/998/312 2132/998/311 2144/998/299 2145/998/300
f 2134/998/657 2133/998/312 2145/998/300 2146/998/301
f 2135/998/314 2134/998/657 2146/998/301 2147/998/660
f 2136/998/304 2135/998/314 2147/998/660 2148/998/658
f 2137/998/291 2148/998/658 2160/998/280 2149/998/661
f 2138/998/293 2137/998/291 2149/998/661 2150/998/662
f 2139/998/294 2138/998/293 2150/998/662 2151/998/282
f 2140/998/659 2139/998/294 2151/998/282 2152/998/283
f 2141/998/296 2140/998/659 2152/998/283 2153/998/284
f 2142/998/297 2141/998/296 2153/998/284 2154/998/285
f 2143/998/298 2142/998/297 2154/998/285 2155/998/663
f 2144/998/299 2143/998/298 2155/998/663 2156/998/287
f 2145/998/300 2144/998/299 2156/998/287 2157/998/288
f 2146/998/301 2145/998/300 2157/998/288 2158/998/289
f 2147/998/660 2146/998/301 2158/998/289 2159/998/664
f 2148/998/658 2147/998/660 2159/998/664 2160/998/280
f 2149/998/661 2160/998/280 2172/998/268 2161/998/267
f 2150/998/662 2149/998/661 2161/998/267 2162/998/269
f 2151/998/282 2150/998/662 2162/998/269 2163/998/270
f 2152/998/283 2151/998/282 2163/998/270 2164/998/665
f 2153/998/284 2152/998/283 2164/998/665 2165/998/272
f 2154/998/285 2153/998/284 2165/998/272 2166/998/273
f 2155/998/663 2154/998/285 2166/998/273 2167/998/274
f 2156/998/287 2155/998/663 2167/998/274 2168/998/275
f 2157/998/288 2156/998/287 2168/998/275 2169/998/276
f 2158/998/289 2157/998/288 2169/998/276 2170/998/277
f 2159/998/664 2158/998/289 2170/998/277 2171/998/278
f 2160/998/280 2159/998/664 2171/998/278 2172/998/268
f 2161/998/267 2172/998/268 2184/998/256 2173/998/255
f 2162/998/269 2161/998/267 2173/998/255 2174/998/257
f 2163/998/270 2162/998/269 2174/998/257 2175/998/258
f 2164/998/665 2163/998/270 2175/998/258 2176/998/259
f 2165/998/272 2164/998/665 2176/998/259 2177/998/260
f 2166/998/273 2165/998/272 2177/998/260 2178/998/666
f 2167/998/274 2166/998/273 2178/998/666 2179/998/262
f 2168/998/275 2167/998/274 2179/998/262 2180/998/263
f 2169/998/276 2168/998/275 2180/998/263 2181/998/264
f 2170/998/277 2169/998/276 2181/998/264 2182/998/265
f 2171/998/278 2170/998/277 2182/998/265 2183/998/266
f 2172/998/268 2171/998/278 2183/998/266 2184/998/256
f 2173/998/255 2184/998/256 2196/998/244 2185/998/243
f 2174/998/257 2173/998/255 2185/998/243 2186/998/667
f 2175/998/258 2174/998/257 2186/998/667 2187/998/246
f 2176/998/259 2175/998/258 2187/998/246 2188/998/247
f 2177/998/260 2176/998/259 2188/998/247 2189/998/248
f 2178/998/666 2177/998/260 2189/998/248 2190/998/249
f 2179/998/262 2178/998/666 2190/998/249 2191/998/250
f 2180/998/263 2179/998/262 2191/998/250 2192/998/251
f 2181/998/264 2180/998/263 2192/998/251 2193/998/668
f 2182/998/265 2181/998/264 2193/998/668 2194/998/253
f 2183/998/266 2182/998/265 2194/998/253 2195/998/254
f 2184/998/256 2183/998/266 2195/998/254 2196/998/244
f 2185/998/243 2196/998/244 2208/998/232 2197/998/231
f 2186/998/667 2185/998/243 2197/998/231 2198/998/233
f 2187/998/246 2186/998/667 2198/998/233 2199/998/234
f 2188/998/247 2187/998/246 2199/998/234 2200/998/235
f 2189/998/248 2188/998/247 2200/998/235 2201/998/236
f 2190/998/249 2189/998/248 2201/998/236 2202/998/237
f 2191/998/250 2190/998/249 2202/998/237 2203/998/238
f 2192/998/251 2191/998/250 2203/998/238 2204/998/239
f 2193/998/668 2192/998/251 2204/998/239 2205/998/240
f 2194/998/253 2193/998/668 2205/998/240 2206/998/241
f 2195/998/254 2194/998/253 2206/998/241 2207/998/242
f 2196/998/244 2195/998/254 2207/998/242 2208/998/232
f 2197/998/231 2208/998/232 2220/998/220 2209/998/219
f 2198/998/233 2197/998/231 2209/998/219 2210/998/221
f 2199/998/234 2198/998/233 2210/998/221 2211/998/222
f 2200/998/235 2199/998/234 2211/998/222 2212/998/223
f 2201/998/236 2200/998/235 2212/998/223 2213/998/224
f 2202/998/237 2201/998/236 2213/998/224 2214/998/225
f 2203/998/238 2202/998/237 2214/998/225 2215/998/226
f 2204/998/239 2203/998/238 2215/998/226 2216/998/227
f 2205/998/240 2204/998/239 2216/998/227 2217/998/228
f 2206/998/241 2205/998/240 2217/998/228 2218/998/229
f 2207/998/242 2206/998/241 2218/998/229 2219/998/230
f 2208/998/232 2207/998/242 2219/998/230 2220/998/220
f 2209/998/219 2220/998/220 2232/998/208 2221/998/207
f 2210/998/221 2209/998/219 2221/998/207 2222/998/209
f 2211/998/222 2210/998/221 2222/998/209 2223/998/210
f 2212/998/223 2211/998/222 2223/998/210 2224/998/211
f 2213/998/224 2212/998/223 2224/998/211 2225/998/212
f 2214/998/225 2213/998/224 2225/998/212 2226/998/213
f 2215/998/226 2214/998/225 2226/998/213 2227/998/214
f 2216/998/227 2215/998/226 2227/998/214 2228/998/215
f 2217/998/228 2216/998/227 2228/998/215 2229/998/216
f 2218/998/229 2217/998/228 2229/998/216 2230/998/217
f 2219/998/230 2218/998/229 2230/998/217 2231/998/218
f 2220/998/220 2219/998/230 2231/998/218 2232/998/208
f 2221/998/207 2232/998/208 2244/998/196 2233/998/195
f 2222/998/209 2221/998/207 2233/998/195 2234/998/669
f 2223/998/210 2222/998/209 2234/998/669 2235/998/198
f 2224/998/211 2223/998/210 2235/998/198 2236/998/199
f 2225/998/212 2224/998/211 2236/998/199 2237/998/200
f 2226/998/213 2225/998/212 2237/998/200 2238/998/201
f 2227/998/214 2226/998/213 2238/998/201 2239/998/202
f 2228/998/215 2227/998/214 2239/998/202 2240/998/203
f 2229/998/216 2228/998/215 2240/998/203 2241/998/204
f 2230/998/217 2229/998/216 2241/998/204 2242/998/205
f 2231/998/218 2230/998/217 2242/998/205 2243/998/206
f 2232/998/208 2231/998/218 2243/998/206 2244/998/196
f 2233/998/195 2244/998/196 2256/998/184 2245/998/183
f 2234/998/669 2233/998/195 2245/998/183 2246/998/670
f 2235/998/198 2234/998/669 2246/998/670 2247/998/186
f 2236/998/199 2235/998/198 2247/998/186 2248/998/187
f 2237/998/200 2236/998/199 2248/998/187 2249/998/188
f 2238/998/201 2237/998/200 2249/998/188 2250/998/189
f 2239/998/202 2238/998/201 2250/998/189 2251/998/190
f 2240/998/203 2239/998/202 2251/998/190 2252/998/191
f 2241/998/204 2240/998/203 2252/998/191 2253/998/192
f 2242/998/205 2241/998/204 2253/998/192 2254/998/193
f 2243/998/206 2242/998/205 2254/998/193 2255/998/194
f 2244/998/196 2243/998/206 2255/998/194 2256/998/184
f 2245/998/183 2256/998/184 2268/998/172 2257/998/171
f 2246/998/670 2245/998/183 2257/998/171 2258/998/173
f 2247/998/186 2246/998/670 2258/998/173 2259/998/174
f 2248/998/187 2247/998/186 2259/998/174 2260/998/175
f 2249/998/188 2248/998/187 2260/998/175 2261/998/176
f 2250/998/189 2249/998/188 2261/998/176 2262/998/177
f 2251/998/190 2250/998/189 2262/998/177 2263/998/178
f 2252/998/191 2251/998/190 2263/998/178 2264/998/671
f 2253/998/192 2252/998/191 2264/998/671 2265/998/672
f 2254/998/193 2253/998/192 2265/998/672 2266/998/181
f 2255/998/194 2254/998/193 2266/998/181 2267/998/182
f 2256/998/184 2255/998/194 2267/998/182 2268/998/172
f 2257/998/171 2268/998/172 2280/998/160 2269/998/159
f 2258/998/173 2257/998/171 2269/998/159 2270/998/161
f 2259/998/174 2258/998/173 2270/998/161 2271/998/162
f 2260/998/175 2259/998/174 2271/998/162 2272/998/673
f 2261/998/176 2260/998/175 2272/998/673 2273/998/164
f 2262/998/177 2261/998/176 2273/998/164 2274/998/165
f 2263/998/178 2262/998/177 2274/998/165 2275/998/674
f 2264/998/671 2263/998/178 2275/998/674 2276/998/167
f 2265/998/672 2264/998/671 2276/998/167 2277/998/168
f 2266/998/181 2265/998/672 2277/998/168 2278/998/169
f 2267/998/182 2266/998/181 2278/998/169 2279/998/170
f 2268/998/172 2267/998/182 2279/998/170 2280/998/160
f 2269/998/159 2280/998/160 2292/998/148 2281/998/147
f 2270/998/161 2269/998/159 2281/998/147 2282/998/149
f 2271/998/162 2270/998/161 2282/998/149 2283/998/150
f 2272/998/673 2271/998/162 2283/998/150 2284/998/675
f 2273/998/164 2272/998/673 2284/998/675 2285/998/676
f 2274/998/165 2273/998/164 2285/998/676 2286/998/677
f 2275/998/674 2274/998/165 2286/998/677 2287/998/154
f 2276/998/167 2275/998/674 2287/998/154 2288/998/155
f 2277/998/168 2276/998/167 2288/998/155 2289/998/156
f 2278/998/169 2277/998/168 2289/998/156 2290/998/157
f 2279/998/170 2278/998/169 2290/998/157 2291/998/158
f 2280/998/160 2279/998/170 2291/998/158 2292/998/148
f 2281/998/147 2292/998/148 2304/998/136 2293/998/135
f 2282/998/149 2281/998/147 2293/998/135 2294/998/678
f 2283/998/150 2282/998/149 2294/998/678 2295/998/679
f 2284/998/675 2283/998/150 2295/998/679 2296/998/680
f 2285/998/676 2284/998/675 2296/998/680 2297/998/140
f 2286/998/677 2285/998/676 2297/998/140 2298/998/141
f 2287/998/154 2286/998/677 2298/998/141 2299/998/142
f 2288/998/155 2287/998/154 2299/998/142 2300/998/143
f 2289/998/156 2288/998/155 2300/998/143 2301/998/681
f 2290/998/157 2289/998/156 2301/998/681 2302/998/145
f 2291/998/158 2290/998/157 2302/998/145 2303/998/682
f 2292/998/148 2291/998/158 2303/998/682 2304/998/136
f 2293/998/135 2304/998/136 2316/998/124 2305/998/123
f 2294/998/678 2293/998/135 2305/998/123 2306/998/125
f 2295/998/679 2294/998/678 2306/998/125 2307/998/126
f 2296/998/680 2295/998/679 2307/998/126 2308/998/127
f 2297/998/140 2296/998/680 2308/998/127 2309/998/128
f 2298/998/141 2297/998/140 2309/998/128 2310/998/129
f 2299/998/142 2298/998/141 2310/998/129 2311/998/130
f 2300/998/143 2299/998/142 2311/998/130 2312/998/131
f 2301/998/681 2300/998/143 2312/998/131 2313/998/132
f 2302/998/145 2301/998/681 2313/998/132 2314/998/133
f 2303/998/682 2302/998/145 2314/998/133 2315/998/134
f 2304/998/136 2303/998/682 2315/998/134 2316/998/124
f 2305/998/123 2316/998/124 2328/998/112 2317/998/111
f 2306/998/125 2305/998/123 2317/998/111 2318/998/113
f 2307/998/126 2306/998/125 2318/998/113 2319/998/114
f 2308/998/127 2307/998/126 2319/998/114 2320/998/115
f 2309/998/128 2308/998/127 2320/998/115 2321/998/116
f 2310/998/129 2309/998/128 2321/998/116 2322/998/117
f 2311/998/130 2310/998/129 2322/998/117 2323/998/118
f 2312/998/131 2311/998/130 2323/998/118 2324/998/119
f 2313/998/132 2312/998/131 2324/998/119 2325/998/683
f 2314/998/133 2313/998/132 2325/998/683 2326/998/121
f 2315/998/134 2314/998/133 2326/998/121 2327/998/122
f 2316/998/124 2315/998/134 2327/998/122 2328/998/112
f 2317/998/111 2328/998/112 2340/998/684 2329/998/99
f 2318/998/113 2317/998/111 2329/998/99 2330/998/101
f 2319/998/114 2318/998/113 2330/998/101 2331/998/102
f 2320/998/115 2319/998/114 2331/998/102 2332/998/103
f 2321/998/116 2320/998/115 2332/998/103 2333/998/104
f 2322/998/117 2321/998/116 2333/998/104 2334/998/105
f 2323/998/118 2322/998/117 2334/998/105 2335/998/106
f 2324/998/119 2323/998/118 2335/998/106 2336/998/107
f 2325/998/683 2324/998/119 2336/998/107 2337/998/108
f 2326/998/121 2325/998/683 2337/998/108 2338/998/109
f 2327/998/122 2326/998/121 2338/998/109 2339/998/110
f 2328/998/112 2327/998/122 2339/998/110 2340/998/684
f 2329/998/99 2340/998/684 2352/998/685 2341/998/87
f 2330/998/101 2329/998/99 2341/998/87 2342/998/89
f 2331/998/102 2330/998/101 2342/998/89 2343/998/90
f 2332/998/103 2331/998/102 2343/998/90 2344/998/91
f 2333/998/104 2332/998/103 2344/998/91 2345/998/92
f 2334/998/105 2333/998/104 2345/998/92 2346/998/93
f 2335/998/106 2334/998/105 2346/998/93 2347/998/94
f 2336/998/107 2335/998/106 2347/998/94 2348/998/95
f 2337/998/108 2336/998/107 2348/998/95 2349/998/96
f 2338/998/109 2337/998/108 2349/998/96 2350/998/97
f 2339/998/110 2338/998/109 2350/998/97 2351/998/98
f 2340/998/684 2339/998/110 2351/998/98 2352/998/685
f 2341/998/87 2352/998/685 2364/998/76 2353/998/75
f 2342/998/89 2341/998/87 2353/998/75 2354/998/77
f 2343/998/90 2342/998/89 2354/998/77 2355/998/78
f 2344/998/91 2343/998/90 2355/998/78 2356/998/79
f 2345/998/92 2344/998/91 2356/998/79 2357/998/80
f 2346/998/93 2345/998/92 2357/998/80 2358/998/81
f 2347/998/94 2346/998/93 2358/998/81 2359/998/82
f 2348/998/95 2347/998/94 2359/998/82 2360/998/83
f 2349/998/96 2348/998/95 2360/998/83 2361/998/84
f 2350/998/97 2349/998/96 2361/998/84 2362/998/85
f 2351/998/98 2350/998/97 2362/998/85 2363/998/86
f 2352/998/685 2351/998/98 2363/998/86 2364/998/76
f 2353/998/75 2364/998/76 2376/998/53 2365/998/52
f 2354/998/77 2353/998/75 2365/998/52 2366/998/56
f 2355/998/78 2354/998/77 2366/998/56 2367/998/58
f 2356/998/79 2355/998/78 2367/998/58 2368/998/60
f 2357/998/80 2356/998/79 2368/998/60 2369/998/62
f 2358/998/81 2357/998/80 2369/998/62 2370/998/64
f 2359/998/82 2358/998/81 2370/998/64 2371/998/66
f 2360/998/83 2359/998/82 2371/998/66 2372/998/68
f 2361/998/84 2360/998/83 2372/998/68 2373/998/70
f 2362/998/85 2361/998/84 2373/998/70 2374/998/72
f 2363/998/86 2362/998/85 2374/998/72 2375/998/74
f 2364/998/76 2363/998/86 2375/998/74 2376/998/53
f 2365/998/52 2376/998/53 2388/998/54 2377/998/51
f 2366/998/56 2365/998/52 2377/998/51 2378/998/55
f 2367/998/58 2366/998/56 2378/998/55 2379/998/57
f 2368/998/60 2367/998/58 2379/998/57 2380/998/59
f 2369/998/62 2368/998/60 2380/998/59 2381/998/61
f 2370/998/64 2369/998/62 2381/998/61 2382/998/63
f 2371/998/66 2370/998/64 2382/998/63 2383/998/65
f 2372/998/68 2371/998/66 2383/998/65 2384/998/67
f 2373/998/70 2372/998/68 2384/998/67 2385/998/69
f 2374/998/72 2373/998/70 2385/998/69 2386/998/71
f 2375/998/74 2374/998/72 2386/998/71 2387/998/73
f 2376/998/53 2375/998/74 2387/998/73 2388/998/54
o Cube.001
v -2.507144 -1.576358 0.542921
v -2.158436 -1.576358 0.541799
v -2.509234 -1.576658 -0.522930
v -2.155332 -1.576915 -0.522468
v -2.507142 -2.801920 0.542923
v -2.158433 -2.801920 0.541795
v -2.510357 -2.801364 -0.522702
v -2.156471 -2.801622 -0.522724
v -2.332821 -1.576354 0.589048
v -2.332821 -2.801925 0.589048
v -2.180292 -1.576362 0.526391
v -2.490366 -1.576915 -0.522729
v -2.174165 -1.576713 -0.522823
v -2.485295 -2.801913 0.527431
v -2.179833 -2.801870 0.525600
v -2.491495 -2.801564 -0.523017
v -2.175322 -2.801364 -0.522498
v -2.332824 -1.576354 0.565981
v -2.332824 -2.801926 0.565981
v -2.178373 -1.576423 -0.499339
v -2.152414 -1.576418 -0.499369
v -2.152915 -2.771792 0.541308
v -2.153066 -1.605352 0.540779
v -2.513229 -2.775311 -0.523263
v -2.513485 -1.605006 -0.523288
v -2.152460 -1.603008 -0.523098
v -2.152205 -2.773268 -0.523127
v -2.510907 -1.605701 0.547200
v -2.511517 -2.771821 0.546629
v -2.154147 -1.606446 0.546306
v -2.154433 -2.772973 0.546312
v -2.332916 -2.771815 0.594536
v -2.332568 -1.605356 0.594341
v -2.487471 -1.603713 -0.523305
v -2.487241 -2.773224 -0.523302
v -2.178216 -2.774565 -0.523146
v -2.178448 -1.605074 -0.523142
v -2.479597 -2.771910 0.523837
v -2.479689 -1.605277 0.524084
v -2.186352 -2.772568 0.524446
v -2.185764 -1.606575 0.523255
v -2.332706 -1.606747 0.560494
v -2.333138 -2.772967 0.560691
v -2.152348 -2.801830 -0.498784
v -2.146542 -1.606574 -0.498125
v -2.178427 -2.801775 -0.499094
v -2.184437 -2.771523 -0.498663
v -2.185320 -1.789614 -0.356114
v -2.146503 -2.594943 -0.352442
v -2.485993 -1.576404 0.522493
v -2.512751 -2.772388 0.541459
v -2.512633 -1.606037 0.542756
v -2.513277 -2.801860 -0.499803
v -2.487315 -2.801856 -0.499760
v -2.481246 -2.771505 -0.499059
v -2.519188 -1.783347 -0.352773
v -2.513343 -1.576449 -0.499219
v -2.487260 -1.576503 -0.499517
v -2.480364 -1.784871 -0.353624
v -2.519149 -2.771702 -0.498559
v -2.418729 -2.801940 0.576003
v -2.418723 -1.576343 0.576006
v -2.410964 -2.801920 0.554451
v -2.483796 -1.576368 0.528871
v -2.471947 -1.606230 0.528141
v -2.472224 -2.772445 0.528121
v -2.475513 -1.605116 0.561552
v -2.478166 -2.771959 0.560791
v -2.168982 -1.576355 0.548306
v -2.168989 -2.801929 0.548308
v -2.187770 -1.576357 0.531432
v -2.188021 -2.801924 0.531589
v -2.193183 -1.606152 0.527936
v -2.214483 -2.772044 0.535224
v -2.162092 -1.605940 0.551106
v -2.188546 -2.771849 0.561164
v -2.158617 -2.801966 0.302593
v -2.159283 -2.801930 0.504005
v -2.165650 -2.801961 0.486873
v -2.180744 -1.576326 0.493131
v -2.155070 -1.606206 0.502659
v -2.153741 -1.606218 0.310865
v -2.162354 -1.605173 0.486020
v -2.181278 -2.801944 0.486899
v -2.153966 -2.773169 0.309228
v -2.155159 -2.772483 0.502729
v -2.162235 -2.772990 0.486273
v -2.185346 -2.595655 0.518960
v -2.185342 -1.791053 0.518773
v -2.159271 -1.576389 0.503718
v -2.158252 -1.576343 0.293789
v -2.165819 -1.576300 0.486059
v -2.507063 -1.576313 0.303861
v -2.506393 -1.576349 0.505773
v -2.500028 -1.576318 0.488621
v -2.484408 -1.576334 0.488649
v -2.480350 -1.780436 0.519898
v -2.510597 -2.772007 0.504342
v -2.511951 -2.772125 0.310954
v -2.503365 -2.772977 0.487866
v -2.506405 -2.801889 0.505478
v -2.507429 -2.801936 0.295024
v -2.499858 -2.801979 0.487806
v -2.484941 -2.801952 0.494867
v -2.480337 -2.586043 0.519924
v -2.510542 -1.605622 0.504740
v -2.511675 -1.605297 0.314167
v -2.503423 -1.605239 0.487969
v -2.252501 -2.801925 0.577060
v -2.403114 -1.576354 0.556048
v -2.262514 -2.801925 0.556029
v -2.169588 -1.575508 0.535898
v -2.169597 -2.802769 0.535967
v -2.308087 -1.575558 0.577791
v -2.309343 -2.802720 0.577898
v -2.165395 -2.802701 -0.496667
v -2.165198 -2.772193 -0.524139
v -2.165366 -1.608119 -0.524185
v -2.500416 -1.607307 -0.524230
v -2.500260 -2.771552 -0.524192
v -2.400468 -1.605345 0.551302
v -2.184057 -1.605016 -0.499558
v -2.265075 -2.771990 0.551069
v -2.415643 -2.771860 0.582051
v -2.146565 -2.772599 -0.499387
v -2.519126 -1.605680 -0.499808
v -2.249735 -1.605476 0.581773
v -2.160908 -2.773109 0.550198
v -2.165391 -1.575578 -0.497274
v -2.481033 -2.773974 0.520173
v -2.481632 -1.605016 -0.499968
v -2.500293 -1.575577 -0.497101
v -2.500299 -2.802700 -0.497710
v -2.400929 -2.771939 0.551005
v -2.414919 -1.605181 0.582025
v -2.505490 -2.771906 0.550107
v -2.494915 -1.575485 0.539764
v -2.494916 -2.802796 0.539656
v -2.252501 -1.576354 0.577060
v -2.262514 -1.576354 0.556029
v -2.264214 -1.605459 0.551073
v -2.250271 -2.771786 0.582100
v -2.172335 -1.575542 0.490390
v -2.184673 -2.774428 0.518367
v -2.159351 -1.605714 0.460049
v -2.172248 -2.802743 0.490849
v -2.159358 -2.772920 0.458222
v -2.184714 -1.602580 0.494661
v -2.493346 -2.802737 0.492131
v -2.493434 -1.575535 0.492597
v -2.506378 -2.772481 0.461025
v -2.480904 -2.776153 0.493110
v -2.481009 -1.603844 0.519722
v -2.506185 -1.605118 0.461755
v -2.149461 -2.772149 -0.013881
v -2.153012 -2.771857 0.518077
v -2.153257 -1.605291 0.517201
v -2.149345 -1.605766 -0.044191
v -2.516223 -1.606128 -0.013395
v -2.512665 -1.606422 0.519854
v -2.512419 -2.772988 0.518973
v -2.516340 -2.772512 -0.043800
vn -0.4468 -0.1750 -0.8774
vn -0.7440 -0.1090 -0.6592
vn -0.8842 -0.1865 -0.4282
vn -0.9895 -0.1039 -0.1009
vn -0.9963 -0.0007 -0.0863
vn -0.0231 0.9992 0.0329
vn 0.0375 0.9984 -0.0426
vn 0.0936 0.9956 -0.0036
vn 0.0191 0.9998 0.0099
vn -0.0634 0.9978 -0.0207
vn -0.0303 0.9961 -0.0827
vn -0.0054 0.9999 -0.0153
vn 0.0035 0.9994 -0.0357
vn -0.0682 0.9976 -0.0124
vn -0.9894 -0.0936 0.1111
vn -0.9817 -0.1904 0.0087
vn -0.9679 -0.0764 0.2396
vn 0.9905 0.0965 0.0979
vn 0.9821 0.1881 0.0069
vn 0.9762 0.0706 0.2050
vn 0.0053 -0.9999 -0.0155
vn -0.0032 -0.9993 -0.0360
vn 0.0682 -0.9976 -0.0125
vn -0.0240 -0.9992 0.0327
vn 0.0617 -0.9978 -0.0232
vn 0.0623 -0.9522 -0.2990
vn 0.0042 0.9996 0.0267
vn 0.0636 0.9488 -0.3095
vn -0.0054 -0.9987 0.0497
vn 0.0041 -0.9997 0.0260
vn 0.0172 -0.9982 0.0576
vn -0.2452 -0.1760 0.9534
vn -0.2319 -0.0844 0.9691
vn -0.3455 -0.1015 0.9329
vn -0.8666 0.1000 -0.4889
vn -0.8603 0.1999 -0.4690
vn -0.9959 0.0899 -0.0078
vn 0.7652 -0.0913 -0.6373
vn 0.9851 -0.1080 -0.1336
vn 0.9963 -0.0008 -0.0861
vn 0.8123 -0.1759 -0.5561
vn 0.9861 0.1649 0.0212
vn 0.9960 0.0849 0.0269
vn 0.9947 0.1029 0.0084
vn -0.2305 0.0846 0.9694
vn -0.2464 0.1748 0.9533
vn -0.3473 0.0999 0.9324
vn -0.0096 -0.0397 -0.9992
vn 0.0042 -0.0164 -0.9999
vn 0.0766 -0.0130 -0.9970
vn 0.0087 0.0353 -0.9993
vn -0.0035 0.0135 -0.9999
vn -0.0696 0.0123 -0.9975
vn 0.9858 0.0988 -0.1358
vn 0.7740 0.1054 -0.6243
vn 0.9963 0.0014 -0.0861
vn -0.0001 0.0133 -0.9999
vn 0.0559 0.0264 -0.9981
vn 0.0669 -0.0105 -0.9977
vn 0.0010 -0.0129 -0.9999
vn -0.0008 0.0881 -0.9961
vn 0.2175 -0.0929 -0.9716
vn 0.2222 0.0867 -0.9711
vn -0.9900 0.0874 -0.1105
vn -0.9722 0.0863 -0.2177
vn -0.9905 -0.0843 -0.1088
vn 0.4468 -0.0938 0.8897
vn 0.4151 -0.1862 0.8905
vn 0.5119 -0.1997 0.8355
vn 0.5166 -0.0983 0.8506
vn -0.4209 0.0925 -0.9024
vn 0.9878 -0.0839 0.1315
vn -0.9803 0.0896 0.1760
vn 0.9621 0.0687 -0.2638
vn 0.9669 0.1518 -0.2051
vn 0.9941 0.0882 -0.0624
vn -0.9989 0.0006 -0.0471
vn -1.0000 0.0020 -0.0034
vn 0.9944 -0.1051 0.0088
vn -0.9805 -0.1734 -0.0920
vn -0.9860 -0.1652 0.0213
vn -0.9960 -0.0849 0.0268
vn -0.9947 -0.1029 0.0084
vn 0.9805 0.1736 -0.0919
vn 0.9903 0.0865 -0.1088
vn -0.9944 0.1051 0.0088
vn -0.9621 -0.0687 -0.2638
vn -0.9668 -0.1526 -0.2048
vn -0.9939 -0.0899 -0.0645
vn 0.3836 0.0879 -0.9193
vn 0.7079 0.2009 -0.6771
vn -0.3645 -0.2069 0.9079
vn -0.4277 -0.0984 0.8986
vn -0.4989 -0.0865 0.8623
vn -0.0088 0.9989 0.0453
vn -0.0600 0.9976 0.0344
vn 0.0100 -0.9962 -0.0860
vn 0.3999 -0.0866 -0.9124
vn 0.2403 -0.1799 -0.9539
vn 0.3404 -0.0878 0.9362
vn 0.4293 0.0958 0.8981
vn -0.2215 -0.0867 -0.9713
vn 0.0018 -0.0889 -0.9960
vn 0.0262 -0.9979 0.0592
vn 0.0185 -0.9998 0.0094
vn 0.0567 -0.9979 0.0308
vn -0.0272 0.9957 -0.0891
vn 0.0099 0.9961 -0.0878
vn 0.9942 -0.0853 -0.0657
vn 0.9627 -0.0693 -0.2617
vn 0.9962 -0.0872 0.0049
vn 0.9901 -0.0848 -0.1119
vn 1.0000 0.0018 -0.0034
vn 0.9866 -0.1633 0.0063
vn -0.9944 0.0849 -0.0631
vn -0.9630 0.0698 -0.2603
vn 0.0062 1.0000 -0.0059
vn 0.1098 0.9939 -0.0088
vn 0.0640 0.9980 0.0004
vn 0.0764 0.9970 -0.0079
vn -0.9914 -0.1304 0.0071
vn 0.9875 0.0675 -0.1425
vn 0.9810 0.1355 -0.1386
vn 0.0021 -1.0000 -0.0053
vn 0.1114 -0.9937 -0.0107
vn 0.0752 -0.9971 -0.0079
vn 0.0650 -0.9979 0.0004
vn 0.9874 -0.0647 -0.1447
vn 0.9778 -0.1420 -0.1542
vn 0.9950 -0.0786 0.0620
vn 0.9945 0.0799 0.0676
vn -0.0052 -1.0000 -0.0061
vn -0.1099 -0.9939 -0.0088
vn -0.0640 -0.9980 0.0004
vn -0.0738 -0.9972 -0.0071
vn -0.0017 1.0000 -0.0051
vn -0.1115 0.9937 -0.0107
vn -0.0727 0.9973 -0.0071
vn -0.0650 0.9979 0.0004
vn -0.9872 -0.0677 -0.1441
vn -0.9811 -0.1353 -0.1384
vn 0.9910 0.1332 0.0095
vn 0.9745 0.1847 -0.1272
vn -0.9878 0.0640 -0.1421
vn -0.9949 0.0787 0.0636
vn -0.9946 -0.0801 0.0662
vn -0.9779 0.1422 -0.1532
vn -0.0118 -0.0340 -0.9994
vn -0.0347 -0.0381 -0.9987
vn -0.0500 -0.0224 -0.9985
vn 0.0135 0.0380 -0.9992
vn 0.0388 0.0425 -0.9983
vn 0.5153 0.1986 0.8337
vn 0.4129 0.1853 0.8917
vn 0.5182 0.0948 0.8500
vn -0.0758 0.0126 -0.9970
vn 0.0011 -0.1738 -0.9848
vn -0.3257 -0.0887 -0.9413
vn -0.4300 0.1816 -0.8844
vn 0.0458 0.9987 -0.0216
vn 0.0305 0.9987 -0.0408
vn 0.0262 0.9979 0.0596
vn 0.0572 0.9979 0.0307
vn -0.0458 -0.9987 -0.0218
vn -0.0303 -0.9987 -0.0412
vn -0.0055 0.9988 0.0493
vn -0.0089 -0.9989 0.0455
vn -0.0608 -0.9976 0.0340
vn -0.0302 -0.9960 -0.0840
vn -0.0274 -0.9955 -0.0902
vn -0.0002 -0.0893 0.9960
vn -0.0004 -0.1791 0.9838
vn 0.2263 0.1693 -0.9592
vn 0.9586 -0.0971 0.2679
vn 0.9822 -0.1878 0.0090
vn -0.0001 0.1762 -0.9843
vn 0.9915 0.0861 -0.0977
vn 0.9805 0.1776 -0.0836
vn 0.0006 0.0897 0.9960
vn -0.0006 0.1795 0.9837
vn -0.0353 -0.0439 -0.9984
vn -0.0544 -0.0242 -0.9982
vn 0.0313 0.0390 -0.9988
vn 0.0479 0.0228 -0.9986
vn 0.9711 -0.0892 -0.2212
vn 0.9740 0.0800 -0.2120
vn -0.9738 -0.0832 -0.2114
vn -0.7058 0.1027 0.7009
vn 0.2398 0.0875 0.9669
vn 0.2377 -0.0904 0.9671
vn -0.8046 0.2360 0.5449
vn -0.9796 0.1729 -0.1027
vn -0.9867 0.1622 0.0057
vn 0.9855 -0.1683 0.0234
vn 0.9769 -0.1919 -0.0944
vn 0.9898 -0.0959 -0.1054
vn 1.0000 -0.0012 0.0041
vn 0.9961 -0.0846 0.0261
vn -0.9716 -0.1523 -0.1809
vn 0.9768 0.0826 -0.1977
vn 0.9741 0.1496 -0.1695
vn -0.0344 -0.9987 -0.0385
vn -0.0061 -0.9994 -0.0331
vn -0.0004 -0.9999 -0.0139
vn -0.0513 -0.9985 -0.0210
vn 0.0639 -0.9979 -0.0102
vn 0.9654 -0.1719 -0.1960
vn 0.9729 -0.0885 -0.2138
vn -0.9643 0.1707 -0.2024
vn -0.9914 -0.0860 -0.0988
vn -0.9805 -0.1775 -0.0844
vn -1.0000 0.0012 0.0041
vn -0.9855 0.1679 0.0227
vn -0.9768 0.1917 -0.0953
vn -0.9897 0.0958 -0.1065
vn -0.9961 0.0847 0.0266
vn 0.0343 0.9987 -0.0388
vn 0.0058 0.9994 -0.0333
vn 0.0004 0.9999 -0.0141
vn 0.0512 0.9985 -0.0212
vn -0.0639 0.9979 -0.0102
vn -0.9764 -0.0828 -0.1996
vn -0.9739 -0.1494 -0.1711
vn 0.9793 -0.1735 -0.1040
vn 0.9649 -0.1683 -0.2016
vn 0.9710 0.1530 -0.1837
vn -0.9724 0.0883 -0.2158
vn -0.9652 0.1714 -0.1977
vn 0.0862 -0.9963 0.0010
vn -0.2225 0.0886 -0.9709
vn 0.0175 0.9982 0.0581
vn -0.0675 -0.9975 -0.0197
vn -0.2235 0.1737 -0.9591
vn -0.2224 -0.1724 -0.9596
vn 0.2334 0.1745 0.9566
vn 0.2314 -0.1807 0.9559
vn -0.0824 0.9966 0.0020
vn 0.9656 -0.1561 -0.2078
vn -0.9659 0.1564 -0.2065
vn -0.0889 -0.9960 0.0016
vn 0.0890 0.9960 0.0020
vt 0.622129 0.750000
vt 0.624506 0.751170
vt 0.625008 0.749503
vt 0.630054 0.748319
vt 0.664252 0.748531
vt 0.125005 0.749769
vt 0.125000 0.750000
vt 0.125000 0.748647
vt 0.624247 0.999997
vt 0.625000 1.000000
vt 0.622160 1.000000
vt 0.874949 0.505586
vt 0.874973 0.500039
vt 0.875000 0.501001
vt 0.369635 0.748856
vt 0.375318 0.749790
vt 0.374325 0.750020
vt 0.869725 0.748620
vt 0.874959 0.749722
vt 0.874305 0.750000
vt 0.374981 0.500903
vt 0.375000 0.500000
vt 0.374810 0.501695
vt 0.377892 0.749601
vt 0.375193 0.749805
vt 0.431602 0.750000
vt 0.518591 0.999972
vt 0.440197 1.000000
vt 0.377494 0.999997
vt 0.500016 0.750228
vt 0.517634 0.750029
vt 0.557471 0.750228
vt 0.438739 0.750228
vt 0.442578 0.756350
vt 0.399429 0.756330
vt 0.873772 0.749849
vt 0.875000 0.749736
vt 0.869192 0.741084
vt 0.374306 0.750000
vt 0.369976 0.748802
vt 0.335203 0.749378
vt 0.874772 0.692871
vt 0.868691 0.696914
vt 0.868783 0.618681
vt 0.442578 0.993902
vt 0.438744 0.999772
vt 0.399429 0.993916
vt 0.625330 0.500480
vt 0.630390 0.500075
vt 0.631063 0.500361
vt 0.125330 0.500428
vt 0.130620 0.500066
vt 0.131062 0.500322
vt 0.130037 0.748656
vt 0.125690 0.750000
vt 0.165561 0.747446
vt 0.869226 0.500074
vt 0.869345 0.500361
vt 0.374345 0.500000
vt 0.369516 0.500031
vt 0.500015 0.993611
vt 0.442186 0.756306
vt 0.442184 0.993897
vt 0.869947 0.505270
vt 0.874344 0.500000
vt 0.630364 0.505277
vt 0.619969 0.755219
vt 0.617162 0.750205
vt 0.625031 0.749749
vt 0.625000 0.750690
vt 0.625000 0.999307
vt 0.618297 0.994500
vt 0.630491 0.748639
vt 0.130419 0.748855
vt 0.868693 0.741265
vt 0.874772 0.741775
vt 0.868880 0.744069
vt 0.834566 0.748349
vt 0.832648 0.539727
vt 0.631286 0.619471
vt 0.625000 0.501056
vt 0.374773 0.692954
vt 0.368704 0.697221
vt 0.368787 0.617983
vt 0.125000 0.500946
vt 0.130053 0.505172
vt 0.131290 0.618782
vt 0.368680 0.741681
vt 0.374772 0.742190
vt 0.368880 0.744485
vt 0.381613 0.994512
vt 0.375000 0.999310
vt 0.375377 1.000000
vt 0.380076 0.755447
vt 0.375437 0.999982
vt 0.500000 0.750000
vt 0.382109 0.755359
vt 0.600636 0.756352
vt 0.618443 0.994488
vt 0.557862 0.756296
vt 0.500015 0.756097
vt 0.623689 0.749539
vt 0.559852 1.000000
vt 0.500000 1.000000
vt 0.631323 0.744051
vt 0.631195 0.741171
vt 0.369192 0.740451
vt 0.369535 0.505180
vt 0.167686 0.540475
vt 0.375000 0.739765
vt 0.131351 0.744485
vt 0.131188 0.741681
vt 0.874972 0.739204
vt 0.874772 0.738130
vt 0.625230 0.738197
vt 0.868844 0.738105
vt 0.625029 0.738860
vt 0.625000 0.738245
vt 0.625000 0.740917
vt 0.625005 0.732496
vt 0.631185 0.738096
vt 0.631106 0.732731
vt 0.868794 0.731936
vt 0.374971 0.739613
vt 0.374772 0.738542
vt 0.125029 0.739741
vt 0.125228 0.738714
vt 0.125228 0.742246
vt 0.125228 0.695246
vt 0.368821 0.738516
vt 0.125000 0.738364
vt 0.131215 0.738502
vt 0.131085 0.732335
vt 0.368777 0.732335
vt 0.369396 0.500272
vt 0.874658 0.500499
vt 0.617184 0.999788
vt 0.625000 0.999306
vt 0.602204 0.756285
vt 0.874752 0.505939
vt 0.375000 0.500890
vt 0.500016 0.999772
vt 0.559852 0.750000
vt 0.500016 0.756359
vt 0.500016 0.750229
vt 0.868431 0.506263
vt 0.500016 0.993866
vt 0.625000 0.500000
vt 0.625684 0.500000
vt 0.125000 0.500000
vt 0.125684 0.500000
vt 0.375362 0.998988
vt 0.557471 0.993842
vt 0.557471 0.756365
vt 0.125690 0.750000
vt 0.125040 0.749777
vt 0.875000 0.739359
vt 0.625248 0.506077
vt 0.631074 0.506170
vt 0.667373 0.540553
vt 0.631060 0.700093
vt 0.625051 0.505719
vt 0.368461 0.505334
vt 0.167375 0.540475
vt 0.125248 0.505975
vt 0.131074 0.506069
vt 0.131121 0.697221
vt 0.125051 0.505615
vt 0.557864 0.993873
vt 0.557471 0.999772
vt 0.874995 0.749708
s 1
usemtl cover.001
f 2460/999/686 2428/1000/687 2403/1001/688
f 2403/1001/688 2428/1000/687 2532/1002/689
f 2532/1002/689 2428/1000/687 2476/1003/690
f 2525/1004/691 2452/1005/692 2438/1006/693
f 2500/1007/694 2399/1008/695 2459/1009/696
f 2517/1010/697 2401/1011/698 2408/1012/699
f 2439/1013/700 2393/1014/701 2417/1015/702
f 2411/1016/703 2390/1017/704 2418/1018/705
f 2521/1019/706 2404/1020/707 2442/1021/708
f 2526/1022/709 2402/1023/710 2451/1024/711
f 2502/1025/712 2498/1026/713 2525/1027/691
f 2398/1028/714 2503/1029/715 2497/1030/716
f 2449/1031/717 2512/1032/718 2456/1033/719
f 2429/1034/720 2399/1035/721 2536/1036/722
f 2426/1037/723 2518/1038/724 2493/1039/725
f 2426/1037/723 2402/1023/726 2518/1038/724
f 2479/1040/727 2470/1041/728 2546/1042/729
f 2523/1043/730 2450/1044/731 2455/1045/732
f 2396/1046/733 2505/1047/734 2415/1048/735
f 2391/1049/736 2507/1050/737 2413/1051/738
f 2541/1052/739 2427/1053/740 2485/1054/741
f 2506/1055/742 2414/1056/743 2415/1048/735
f 2423/1057/744 2508/1058/745 2507/1050/737
f 2430/1059/746 2522/1060/747 2509/1061/748
f 2510/1062/749 2425/1063/750 2435/1064/751
f 2516/1065/752 2458/1066/753 2394/1067/754 2419/1068/755
f 2429/1069/720 2428/1000/687 2461/1070/756
f 2418/1018/705 2410/1071/757 2411/1016/703
f 2417/1015/702 2440/1072/758 2439/1013/700
f 2476/1003/690 2428/1000/687 2429/1034/720
f 2469/1073/759 2478/1074/760 2545/1075/761
f 2477/1076/762 2536/1036/722 2436/1077/763
f 2470/1041/728 2543/1078/764 2546/1042/729
f 2434/1079/765 2532/1002/689 2435/1064/751
f 2490/1080/766 2487/1081/767 2550/1082/768
f 2446/1083/769 2541/1052/739 2519/1084/770
f 2487/1081/767 2547/1085/771 2550/1082/768
f 2486/1086/772 2489/1087/773 2549/1088/774
f 2453/1089/775 2426/1037/723 2427/1090/740
f 2427/1090/740 2452/1091/776 2453/1089/775
f 2393/1014/777 2524/1092/778 2417/1015/779
f 2450/1044/780 2525/1027/691 2389/1093/781
f 2503/1029/715 2451/1024/711 2407/1094/782
f 2454/1095/783 2451/1024/784 2402/1023/726
f 2464/1096/785 2516/1065/752 2463/1097/786
f 2511/1098/787 2431/1099/788 2430/1059/746
f 2458/1066/789 2501/1100/790 2394/1067/791
f 2502/1025/712 2528/1101/792 2406/1102/793
f 2435/1064/751 2476/1003/690 2477/1076/762
f 2544/1103/794 2474/1104/795 2469/1073/759
f 2493/1039/725 2540/1105/796 2443/1106/797
f 2443/1106/797 2447/1107/798 2493/1039/725
f 2447/1107/798 2485/1054/741 2493/1039/725
f 2518/1038/724 2492/1108/799 2540/1105/796
f 2439/1013/700 2548/1109/800 2549/1088/774
f 2548/1109/800 2494/1110/801 2486/1086/772
f 2531/1111/802 2480/1112/803 2479/1040/804
f 2480/1112/803 2531/1111/802 2478/1074/805
f 2532/1002/689 2472/1113/806 2403/1001/688
f 2532/1002/689 2434/1079/765 2472/1113/806
f 2478/1074/760 2471/1114/807 2480/1112/808
f 2534/1115/809 2467/1116/810 2466/1117/811
f 2467/1116/810 2534/1115/809 2465/1118/812
f 2475/1119/813 2467/1116/814 2535/1120/815
f 2475/1119/813 2533/1121/816 2471/1114/807
f 2537/1122/817 2491/1123/818 2490/1080/819
f 2491/1123/818 2537/1122/817 2489/1087/820
f 2538/1124/821 2483/1125/822 2482/1126/823
f 2483/1125/822 2538/1124/821 2481/1127/824
f 2489/1087/773 2488/1128/825 2491/1123/826
f 2541/1052/739 2484/1129/827 2438/1006/828
f 2541/1052/739 2446/1083/769 2484/1129/827
f 2496/1130/829 2542/1131/830 2539/1132/831
f 2496/1130/829 2483/1125/832 2542/1131/830
f 2458/1066/753 2516/1065/752 2464/1096/785
f 2508/1058/745 2404/1020/833 2395/1020/834 2412/1133/835
f 2506/1055/742 2401/1011/836 2392/1134/837 2414/1056/743
f 2508/1058/745 2423/1057/744 2404/1020/833
f 2390/1008/838 2457/1135/839 2463/1097/786 2418/1136/840
f 2506/1055/742 2425/1063/841 2401/1011/836
f 2407/1094/842 2451/1024/784 2522/1060/747 2431/1099/788
f 2460/999/686 2462/1137/843 2428/1000/687
f 2454/1095/783 2522/1060/747 2451/1024/784
f 2429/1069/720 2461/1070/756 2459/1009/844 2399/1008/721
f 2517/1010/697 2409/1138/845 2392/1134/846 2401/1011/698
f 2457/1135/847 2390/1008/848 2500/1007/694
f 2521/1019/706 2441/1139/849 2395/1020/850 2404/1020/707
f 2525/1027/691 2450/1044/780 2397/1140/851 2502/1025/712
f 2449/1031/852 2393/1014/853 2526/1022/709
f 2501/1100/790 2458/1066/789 2497/1030/716 2503/1029/715
f 2502/1025/712 2406/1102/793 2498/1026/713
f 2525/1027/691 2498/1026/713 2452/1091/692
f 2460/999/854 2501/1100/790 2503/1029/715 2499/1141/855
f 2503/1029/715 2407/1094/782 2499/1141/855
f 2420/1142/856 2512/1032/718 2449/1031/717 2398/1143/857
f 2498/1026/858 2509/1061/748 2453/1089/775 2452/1091/776
f 2410/1071/757 2419/1068/859 2394/1067/860
f 2406/1102/861 2430/1059/746 2509/1061/748 2498/1026/858
f 2546/1042/729 2433/1144/862 2409/1138/863 2479/1040/727
f 2477/1076/762 2429/1034/720 2536/1036/722
f 2450/1044/731 2523/1043/730 2421/1145/864 2397/1140/865
f 2405/1146/866 2424/1147/867 2505/1047/734 2396/1046/733
f 2400/1148/868 2422/1149/869 2507/1050/737 2391/1049/736
f 2427/1053/740 2541/1052/739 2438/1006/828 2452/1005/776
f 2506/1055/742 2505/1047/734 2424/1147/867 2425/1063/841
f 2505/1047/734 2506/1055/742 2415/1048/735
f 2412/1133/835 2413/1051/738 2507/1050/737 2508/1058/745
f 2422/1149/869 2423/1057/744 2507/1050/737
f 2454/1095/783 2453/1089/775 2509/1061/748 2522/1060/747
f 2519/1084/770 2443/1106/797 2423/1057/870 2422/1149/871
f 2430/1059/746 2431/1099/788 2522/1060/747
f 2436/1077/763 2510/1062/749 2435/1064/751
f 2425/1063/750 2424/1147/872 2435/1064/751
f 2456/1033/719 2455/1045/732 2416/1150/873 2524/1092/778
f 2443/1106/797 2519/1084/770 2447/1107/798
f 2461/1070/756 2428/1000/687 2462/1137/843
f 2464/1096/785 2463/1097/786 2515/1151/874 2530/1152/875
f 2416/1150/873 2417/1015/779 2524/1092/778
f 2418/1018/705 2419/1068/859 2410/1071/757
f 2417/1015/702 2416/1153/873 2440/1072/758
f 2530/1152/875 2515/1151/874 2421/1145/864 2420/1142/856
f 2390/1017/704 2411/1016/703 2545/1075/761 2478/1074/760
f 2440/1072/758 2416/1153/873 2389/1154/876
f 2477/1076/762 2476/1003/690 2429/1034/720
f 2408/1012/877 2510/1062/749 2536/1036/722 2468/1155/878
f 2436/1077/763 2536/1036/722 2510/1062/749
f 2543/1078/764 2465/1118/879 2432/1156/880 2513/1157/881
f 2437/1158/882 2433/1144/862 2546/1042/729 2543/1078/764
f 2513/1157/881 2437/1158/882 2543/1078/764
f 2465/1118/879 2543/1078/764 2473/1159/883
f 2424/1147/872 2405/1146/884 2434/1079/765 2435/1064/751
f 2470/1041/728 2473/1159/883 2543/1078/764
f 2435/1064/751 2532/1002/689 2476/1003/690
f 2409/1138/863 2433/1144/862 2414/1056/885 2392/1134/886
f 2405/1146/887 2396/1046/888 2504/1160/889 2434/1079/890
f 2396/1046/888 2432/1156/891 2504/1160/889
f 2432/1156/880 2396/1046/892 2415/1048/893 2513/1157/881
f 2408/1012/877 2401/1011/894 2425/1063/750 2510/1062/749
f 2525/1004/691 2538/1124/821 2482/1126/823 2389/1154/781
f 2415/1048/893 2414/1056/885 2433/1144/862 2513/1157/881
f 2538/1124/821 2525/1004/691 2438/1006/693
f 2550/1082/768 2448/1161/895 2441/1139/896 2490/1080/766
f 2433/1144/862 2437/1158/882 2513/1157/881
f 2536/1036/722 2399/1035/721 2468/1155/878
f 2427/1053/740 2426/1037/723 2493/1039/725 2485/1054/741
f 2485/1054/741 2447/1107/798 2519/1084/770 2541/1052/739
f 2444/1162/897 2448/1161/895 2550/1082/768 2547/1085/771
f 2547/1085/771 2481/1127/898 2445/1163/899 2514/1164/900
f 2487/1081/767 2495/1165/901 2547/1085/771
f 2400/1148/902 2391/1049/903 2520/1166/904 2446/1083/905
f 2514/1164/900 2444/1162/897 2547/1085/771
f 2481/1127/898 2547/1085/771 2495/1165/901
f 2391/1049/903 2445/1163/906 2520/1166/904
f 2441/1139/896 2448/1161/895 2412/1133/907 2395/1020/908
f 2442/1021/909 2404/1020/910 2423/1057/870 2443/1106/797
f 2422/1149/871 2400/1148/911 2446/1083/769 2519/1084/770
f 2413/1051/912 2412/1133/907 2448/1161/895 2514/1164/900
f 2445/1163/899 2391/1049/913 2413/1051/912 2514/1164/900
f 2448/1161/895 2444/1162/897 2514/1164/900
f 2393/1014/701 2439/1013/700 2549/1088/774 2489/1087/773
f 2526/1022/709 2393/1014/853 2489/1087/820 2537/1122/817
f 2402/1023/710 2526/1022/709 2537/1122/817 2492/1108/914
f 2420/1142/856 2421/1145/864 2523/1043/730 2512/1032/718
f 2512/1032/718 2523/1043/730 2455/1045/732 2456/1033/719
f 2389/1093/876 2416/1150/873 2455/1045/732 2450/1044/731
f 2453/1089/775 2454/1095/783 2426/1037/723
f 2456/1033/719 2524/1092/778 2393/1014/777 2449/1031/717
f 2526/1022/709 2503/1029/715 2398/1028/714 2449/1031/852
f 2419/1068/755 2418/1136/840 2463/1097/786 2516/1065/752
f 2503/1029/715 2526/1022/709 2451/1024/711
f 2426/1037/723 2454/1095/783 2402/1023/726
f 2511/1098/787 2529/1167/915 2461/1070/756 2462/1137/843
f 2529/1167/915 2511/1098/787 2430/1059/746
f 2500/1007/694 2502/1025/712 2527/1168/916 2457/1135/847
f 2501/1100/790 2460/999/854 2403/1001/917
f 2397/1140/851 2527/1168/916 2502/1025/712
f 2459/1009/696 2528/1101/792 2502/1025/712 2500/1007/694
f 2529/1167/915 2430/1059/746 2406/1102/861 2528/1101/918
f 2461/1070/756 2529/1167/915 2528/1101/918 2459/1009/844
f 2511/1098/787 2499/1141/919 2407/1094/842 2431/1099/788
f 2462/1137/843 2460/999/686 2499/1141/919 2511/1098/787
f 2457/1135/839 2527/1168/920 2515/1151/874 2463/1097/786
f 2527/1168/920 2397/1140/865 2421/1145/864 2515/1151/874
f 2420/1142/856 2398/1143/857 2497/1030/921 2530/1152/875
f 2530/1152/875 2497/1030/921 2458/1066/753 2464/1096/785
f 2517/1010/697 2531/1111/802 2479/1040/804 2409/1138/845
f 2468/1155/922 2531/1111/802 2517/1010/697 2408/1012/699
f 2394/1067/860 2466/1117/923 2544/1103/794 2410/1071/757
f 2436/1077/763 2435/1064/751 2477/1076/762
f 2474/1104/795 2544/1103/794 2466/1117/923
f 2504/1160/889 2432/1156/891 2465/1118/812 2534/1115/809
f 2500/1169/694 2390/1017/848 2478/1074/805 2531/1111/802
f 2504/1160/889 2534/1115/809 2434/1079/890
f 2399/1035/695 2500/1169/694 2531/1111/802 2468/1155/922
f 2544/1103/794 2545/1075/761 2411/1016/703 2410/1071/757
f 2545/1075/761 2544/1103/794 2469/1073/759
f 2442/1021/909 2443/1106/797 2540/1105/796 2492/1108/799
f 2389/1154/876 2482/1126/924 2548/1109/800 2440/1072/758
f 2494/1110/801 2548/1109/800 2482/1126/924
f 2521/1019/706 2537/1122/817 2490/1080/819 2441/1139/849
f 2492/1108/914 2537/1122/817 2521/1019/706 2442/1021/708
f 2520/1166/904 2445/1163/906 2481/1127/824 2538/1124/821
f 2493/1039/725 2518/1038/724 2540/1105/796
f 2518/1038/724 2402/1023/726 2492/1108/799
f 2549/1088/774 2548/1109/800 2486/1086/772
f 2439/1013/700 2440/1072/758 2548/1109/800
f 2479/1040/727 2480/1112/808 2533/1121/816 2470/1041/728
f 2520/1166/904 2538/1124/821 2446/1083/905
f 2478/1074/760 2469/1073/759 2471/1114/807
f 2471/1114/807 2533/1121/816 2480/1112/808
f 2475/1119/813 2474/1104/795 2466/1117/923 2467/1116/814
f 2403/1001/917 2472/1113/925 2534/1115/809
f 2534/1115/809 2472/1113/925 2434/1079/890
f 2465/1118/879 2473/1159/883 2535/1120/815 2467/1116/814
f 2471/1114/807 2469/1073/759 2474/1104/795 2475/1119/813
f 2470/1041/728 2533/1121/816 2535/1120/815 2473/1159/883
f 2475/1119/813 2535/1120/815 2533/1121/816
f 2490/1080/766 2491/1123/826 2539/1132/831 2487/1081/767
f 2438/1006/693 2484/1129/926 2538/1124/821
f 2538/1124/821 2484/1129/926 2446/1083/905
f 2489/1087/773 2486/1086/772 2488/1128/825
f 2488/1128/825 2539/1132/831 2491/1123/826
f 2496/1130/829 2488/1128/825 2486/1086/772 2494/1110/801
f 2495/1165/901 2487/1081/767 2539/1132/831 2542/1131/830
f 2488/1128/825 2496/1130/829 2539/1132/831
f 2496/1130/829 2494/1110/801 2482/1126/924 2483/1125/832
f 2481/1127/898 2495/1165/901 2542/1131/830 2483/1125/832
f 2501/1100/790 2534/1115/809 2466/1117/811 2394/1067/791
f 2534/1115/809 2501/1100/790 2403/1001/917
o Cube.002
v -2.479432 -1.595621 0.523796
v -2.186471 -1.595621 0.523872
v -2.480368 -1.596352 -0.493816
v -2.185320 -1.596352 -0.493816
v -2.479432 -2.782657 0.524153
v -2.186471 -2.782657 0.524229
v -2.480368 -2.781837 -0.493959
v -2.185320 -2.781837 -0.493959
v -2.333062 -1.595621 0.560221
v -2.333062 -1.596352 -0.458197
v -2.333062 -2.781837 -0.458339
v -2.333062 -2.782657 0.560221
v -2.214584 -1.595621 0.534976
v -2.214584 -1.596352 -0.483441
v -2.214584 -2.781837 -0.483584
v -2.214584 -2.782657 0.534976
v -2.451976 -1.596352 -0.483750
v -2.451976 -2.781837 -0.483893
v -2.451976 -2.782657 0.534667
v -2.451975 -1.595621 0.534667
v -2.185320 -2.782657 0.352370
v -2.480368 -2.782657 0.352370
v -2.185320 -2.782657 -0.319308
v -2.480368 -2.782596 -0.469574
v -2.480367 -2.754298 -0.494733
v -2.185319 -2.754346 -0.494729
v -2.333101 -2.754358 -0.459112
v -2.214879 -2.754279 -0.484257
v -2.452262 -2.754416 -0.484760
v -2.480368 -1.795545 -0.494800
v -2.333044 -1.624684 -0.459133
v -2.214461 -1.624683 -0.484418
v -2.451834 -1.624734 -0.484639
v -2.185320 -1.595621 -0.319016
v -2.480368 -1.595672 -0.469014
v -2.185320 -1.595621 0.351064
v -2.480249 -1.595621 0.500207
v -2.191755 -1.595621 0.526738
v -2.480368 -1.622350 -0.494677
v -2.185466 -2.782657 0.501241
v -2.474560 -2.782657 0.526561
v -2.400944 -1.595621 0.550684
v -2.265398 -1.596352 -0.467521
v -2.265398 -2.781837 -0.467664
v -2.265398 -2.782657 0.550896
v -2.332893 -1.595714 -0.432345
v -2.265398 -1.595621 0.550896
v -2.191755 -2.782657 0.526784
v -2.185320 -1.595713 -0.470575
v -2.400944 -1.596352 -0.467734
v -2.400944 -2.781837 -0.467876
v -2.400944 -2.782657 0.550684
v -2.474560 -1.595621 0.526516
v -2.480249 -2.782657 0.501231
v -2.354782 -2.782554 -0.435890
v -2.185320 -2.782555 -0.470938
v -2.265467 -2.754285 -0.468420
v -2.401012 -2.754396 -0.468664
v -2.185320 -1.622350 -0.494677
v -2.400911 -1.624733 -0.468663
v -2.265369 -1.624687 -0.468464
v -2.480368 -1.595621 0.351064
v -2.185466 -1.595621 0.500217
v -2.265398 -2.782555 -0.444948
v -2.185320 -1.795530 -0.494800
vn -0.0000 -1.0000 -0.0000
vn 0.0003 0.9999 -0.0119
vn 0.0008 0.7766 -0.6300
vn 0.1434 0.7610 -0.6328
vn -0.0001 1.0000 -0.0003
vn 0.0055 0.9998 -0.0174
vn 0.2095 0.7476 -0.6303
vn 0.2505 0.6619 -0.7065
vn -0.0001 -1.0000 -0.0004
vn -0.0005 -0.7724 -0.6352
vn 0.0016 -0.9999 -0.0146
vn 0.1443 -0.7587 -0.6352
vn 0.0063 -0.9998 -0.0194
vn 0.2106 -0.7451 -0.6329
vn 0.2514 -0.6589 -0.7090
vn 0.3331 0.0167 -0.9428
vn 0.3163 0.0154 -0.9485
vn 0.3349 -0.0000 -0.9422
vn -0.0000 1.0000 -0.0000
vn -0.0056 0.9998 -0.0176
vn -0.2505 0.6618 -0.7066
vn -0.2093 0.7474 -0.6305
vn 0.2203 -0.0137 -0.9753
vn 0.0014 -0.0141 -0.9999
vn 0.3172 -0.0133 -0.9483
vn -0.2107 -0.7461 -0.6316
vn -0.1420 -0.7598 -0.6344
vn -0.2185 -0.0137 -0.9757
vn -0.3167 -0.0133 -0.9484
vn -0.1424 0.7610 -0.6329
vn -0.2513 -0.6589 -0.7090
vn -0.3344 -0.0132 -0.9423
vn 0.3346 -0.0131 -0.9423
vn -0.0065 -0.9998 -0.0192
vn -0.0032 -0.9999 -0.0158
vn -0.2187 0.0161 -0.9757
vn -0.3162 0.0154 -0.9486
vn 0.0013 0.0165 -0.9999
vn 0.2201 0.0161 -0.9753
vn -0.3347 -0.0000 -0.9423
vn -0.3332 0.0167 -0.9427
vt 0.750466 0.285768
vt 0.750855 0.285768
vt 0.751244 0.294686
vt 0.751244 0.285768
vt 0.751244 0.290227
vt 0.414034 0.473660
vt 0.417874 0.473557
vt 0.417874 0.559839
vt 0.751244 0.383983
vt 0.751244 0.473280
vt 0.416599 0.286933
vt 0.417428 0.660651
vt 0.417874 0.624703
vt 0.417932 0.660792
vt 0.751244 0.653537
vt 0.751244 0.657164
vt 0.750855 0.660792
vt 0.585681 0.286903
vt 0.750466 0.660792
vt 0.584610 0.473557
vt 0.588425 0.500677
vt 0.584610 0.559839
vt 0.585020 0.660653
vt 0.584610 0.624703
vt 0.584588 0.660792
vt 0.418240 0.660792
vt 0.421999 0.624703
vt 0.418547 0.660792
vt 0.251276 0.285768
vt 0.251842 0.285768
vt 0.251276 0.290227
vt 0.252409 0.285768
vt 0.251276 0.294686
vt 0.251276 0.383983
vt 0.251276 0.473280
vt 0.251276 0.657164
vt 0.251276 0.653537
vt 0.251842 0.660792
vt 0.417438 0.285890
vt 0.417932 0.285768
vt 0.417874 0.322965
vt 0.751244 0.563409
vt 0.580638 0.559839
vt 0.580632 0.473557
vt 0.580640 0.624703
vt 0.584610 0.322965
vt 0.584610 0.387553
vt 0.580622 0.387553
vt 0.580621 0.322965
vt 0.417874 0.387553
vt 0.584588 0.285768
vt 0.584239 0.285768
vt 0.584239 0.660792
vt 0.751244 0.660792
vt 0.585012 0.285890
vt 0.588425 0.387553
vt 0.421992 0.387553
vt 0.421992 0.322965
vt 0.421992 0.473557
vt 0.421999 0.559839
vt 0.418548 0.285768
vt 0.418240 0.285768
vt 0.252409 0.660792
vt 0.251276 0.563408
vt 0.251276 0.660792
s 1
usemtl pages.001
f 2571/1170/927 2590/1171/927 2566/1172/927
f 2590/1171/927 2556/1173/927 2598/1174/927
f 2596/1175/928 2560/1176/929 2600/1177/930
f 2571/1170/927 2595/1178/927 2562/1179/927
f 2571/1170/927 2566/1172/927 2595/1178/927
f 2584/1180/931 2596/1175/928 2585/1181/932
f 2585/1181/932 2567/1182/933 2553/1183/934
f 2569/1184/927 2591/1185/927 2604/1186/927
f 2573/1187/935 2571/1170/927 2572/1188/927
f 2561/1189/936 2605/1190/937 2601/1191/938
f 2605/1190/937 2573/1187/935 2574/1192/939
f 2568/1193/940 2574/1192/939 2557/1194/941
f 2589/1195/942 2583/1196/943 2580/1197/944
f 2552/1198/945 2613/1199/945 2588/1200/945
f 2613/1199/945 2586/1201/945 2563/1202/945
f 2563/1202/945 2586/1201/945 2597/1203/945
f 2597/1203/945 2586/1201/945 2559/1204/945
f 2603/1205/945 2570/1206/945 2587/1207/945
f 2599/1208/946 2554/1209/947 2564/1210/948
f 2602/1211/927 2572/1188/927 2571/1170/927 2562/1179/927
f 2566/1172/927 2590/1171/927 2598/1174/927
f 2572/1188/927 2602/1211/927 2569/1184/927
f 2601/1191/938 2608/1212/949 2577/1213/950 2561/1189/936
f 2568/1193/940 2579/1214/951 2608/1212/949 2601/1191/938
f 2600/1177/930 2567/1182/933 2585/1181/932 2596/1175/928
f 2565/1215/952 2594/1216/953 2607/1217/954 2578/1218/955
f 2594/1216/953 2561/1189/936 2577/1213/950 2607/1217/954
f 2593/1219/956 2596/1175/928 2599/1208/946 2564/1210/948
f 2558/1220/957 2565/1215/952 2578/1218/955 2576/1221/958
f 2584/1180/931 2599/1208/946 2596/1175/928
f 2557/1194/941 2575/1222/959 2579/1214/951 2568/1193/940
f 2596/1175/928 2593/1219/956 2560/1176/929
f 2574/1192/939 2568/1193/940 2601/1191/938 2605/1190/937
f 2572/1188/927 2569/1184/927 2604/1186/927
f 2604/1186/927 2591/1185/927 2555/1223/927
f 2574/1192/939 2573/1187/935 2572/1188/927
f 2565/1215/952 2558/1220/957 2606/1224/960
f 2614/1225/961 2605/1190/937 2561/1189/936 2594/1216/953
f 2606/1224/960 2614/1225/961 2594/1216/953 2565/1215/952
f 2575/1222/959 2580/1197/944 2583/1196/943 2579/1214/951
f 2614/1225/961 2606/1224/960 2573/1187/935
f 2605/1190/937 2614/1225/961 2573/1187/935
f 2607/1217/954 2611/1226/962 2582/1227/963 2578/1218/955
f 2577/1213/950 2581/1228/964 2611/1226/962 2607/1217/954
f 2608/1212/949 2610/1229/965 2581/1228/964 2577/1213/950
f 2579/1214/951 2583/1196/943 2610/1229/965 2608/1212/949
f 2578/1218/955 2582/1227/963 2615/1230/966 2576/1221/958
f 2582/1227/963 2564/1210/948 2554/1209/947 2609/1231/967
f 2610/1229/965 2583/1196/943 2567/1182/933 2600/1177/930
f 2609/1231/967 2615/1230/966 2582/1227/963
f 2581/1228/964 2610/1229/965 2600/1177/930 2560/1176/929
f 2581/1228/964 2560/1176/929 2593/1219/956 2611/1226/962
f 2611/1226/962 2593/1219/956 2564/1210/948 2582/1227/963
f 2583/1196/943 2589/1195/942 2553/1183/934 2567/1182/933
f 2586/1201/945 2612/1232/945 2592/1233/945 2559/1204/945
f 2612/1232/945 2584/1180/931 2585/1181/932
f 2586/1201/945 2584/1180/931 2612/1232/945
f 2588/1200/945 2613/1199/945 2563/1202/945
f 2570/1206/945 2592/1233/945 2612/1232/945
f 2551/1234/945 2603/1205/945 2587/1207/945
f 2587/1207/945 2570/1206/945 2612/1232/945
o Cube.007
v 3.534656 4.930606 0.544998
v 3.889612 4.930624 0.546071
v 3.534438 3.707743 0.545544
v 3.890277 3.707412 0.544431
v 3.713417 4.932382 0.592091
v 3.715425 3.705878 0.592932
v 3.865438 4.932480 0.527725
v 3.556544 4.932044 -0.522754
v 3.868243 4.931458 -0.523546
v 3.559153 3.705682 0.527369
v 3.865318 3.705693 0.527965
v 3.556432 3.706744 -0.523499
v 3.868046 3.706159 -0.522568
v 3.712912 4.930081 0.561964
v 3.728567 3.707352 0.563669
v 3.894352 4.931839 -0.521720
v 3.533130 4.931477 -0.523602
v 3.891495 3.706728 -0.523301
v 3.564575 4.902143 0.524342
v 3.860703 3.736717 -0.498662
v 3.860666 4.901458 -0.498042
v 3.898846 3.736823 -0.498314
v 3.530239 3.706362 -0.521928
v 3.563893 3.736735 -0.499058
v 3.525742 4.901378 -0.498747
v 3.563920 4.901472 -0.498486
v 3.621369 3.707660 0.578805
v 3.624187 4.930810 0.578847
v 3.633945 3.707275 0.550786
v 3.559288 4.932532 0.528192
v 3.859990 3.735899 0.524468
v 3.802744 3.735854 0.580483
v 3.890790 4.903523 0.505006
v 3.892224 4.903860 0.283166
v 3.892641 3.735454 0.259110
v 3.891259 3.736372 0.506833
v 3.882247 3.706459 0.487977
v 3.882356 4.931676 0.487932
v 3.533827 3.734738 0.506606
v 3.532355 3.734291 0.282313
v 3.542192 3.706532 0.489905
v 3.564641 3.736934 0.524407
v 3.533317 4.902013 0.509054
v 3.532019 4.902628 0.266300
v 3.542418 4.931751 0.489447
v 3.645016 4.930838 0.553446
v 3.780064 3.736250 0.551070
v 3.796312 4.930821 0.579488
v 3.783527 4.930828 0.552557
v 3.859958 4.901007 0.524091
vn -0.0011 0.7415 0.6710
vn 0.2809 0.9376 -0.2049
vn -0.1876 0.6955 0.6936
vn 0.1796 0.7080 -0.6830
vn 0.0080 -0.7341 0.6790
vn -0.2897 -0.9327 -0.2146
vn 0.0450 -0.9983 0.0360
vn -0.5011 -0.6587 -0.5613
vn -0.4946 0.6325 -0.5961
vn 0.5066 -0.6405 -0.5772
vn 0.5664 0.6314 -0.5296
vn -0.0023 0.7427 -0.6696
vn 0.1900 -0.6948 -0.6936
vn -0.9906 0.0745 -0.1149
vn -0.9893 -0.0825 -0.1202
vn 0.1800 0.6981 0.6930
vn 0.2631 -0.1437 0.9540
vn 0.6431 0.6272 0.4394
vn 0.8077 -0.0992 -0.5812
vn 0.8087 0.0972 -0.5801
vn -0.8027 -0.0705 -0.5922
vn 0.5022 0.6587 -0.5602
vn 0.9894 0.0831 -0.1189
vn -0.6368 -0.7689 -0.0564
vn 0.2851 -0.9369 -0.2022
vn -0.6510 -0.6257 0.4297
vn -0.6490 0.6278 0.4297
vn -0.0481 -0.7678 -0.6388
vn 0.8335 -0.1111 0.5413
vn -0.2759 -0.0199 -0.9610
vn 0.0444 0.9985 0.0330
vn -0.1807 0.7055 -0.6852
vn 0.6365 0.7693 -0.0552
vn -0.8048 0.1056 -0.5840
vn 0.9775 -0.0468 -0.2057
vn 0.9915 -0.0815 -0.1013
vn 0.9902 -0.0735 -0.1186
vn -0.9789 0.0478 -0.1988
vn -0.9915 0.0815 -0.1012
vn -0.5641 -0.6309 -0.5327
vn -0.9764 -0.0485 -0.2104
vn -0.1889 -0.6927 0.6961
vn 0.9922 0.1230 0.0198
vn -0.0295 -0.7312 -0.6815
vn -0.5051 0.6404 -0.5786
vn 0.9848 -0.1250 -0.1204
vn -0.7865 0.2262 -0.5746
vn 0.9774 0.0519 -0.2047
vn 0.9919 -0.1261 0.0180
vn 0.9897 -0.0941 -0.1080
vn -0.9895 0.0943 -0.1092
vn -0.9923 -0.1225 0.0198
vn -0.9918 0.1262 0.0181
vn -0.0395 0.9992 0.0016
vn 0.0380 -0.9993 0.0011
vt 0.500014 0.999621
vt 0.375458 1.000000
vt 0.438666 0.999437
vt 0.440304 0.999672
vt 0.512187 0.752185
vt 0.624576 0.749570
vt 0.624340 0.749834
vt 0.625012 0.500158
vt 0.874918 0.500071
vt 0.625406 0.500640
vt 0.874412 0.500793
vt 0.500001 0.999512
vt 0.431997 0.750235
vt 0.869578 0.505611
vt 0.630364 0.505277
vt 0.557471 0.999445
vt 0.562755 0.756363
vt 0.624229 0.999904
vt 0.374289 0.750291
vt 0.375484 0.998959
vt 0.625112 0.750755
vt 0.125012 0.500156
vt 0.127318 0.749564
vt 0.130424 0.505520
vt 0.374625 0.739778
vt 0.375300 0.749612
vt 0.375225 0.749817
vt 0.375432 0.999919
vt 0.516597 0.750812
vt 0.557862 0.756296
vt 0.624612 1.000000
vt 0.559753 0.999695
vt 0.874617 0.739362
vt 0.875000 0.749572
vt 0.874024 0.749818
vt 0.631230 0.741963
vt 0.625156 0.738567
vt 0.874867 0.749725
vt 0.369535 0.505180
vt 0.131236 0.742503
vt 0.125156 0.749773
vt 0.125392 0.739776
vt 0.374737 0.500191
vt 0.368713 0.742146
vt 0.125000 0.749690
vt 0.438619 0.750691
vt 0.868698 0.690809
vt 0.374957 0.500051
vt 0.125411 0.500589
vt 0.868725 0.741747
vt 0.631095 0.687585
vt 0.631323 0.506407
vt 0.131322 0.506305
vt 0.368711 0.690822
vt 0.131146 0.685756
vt 0.624341 0.998834
s 1
usemtl cover.001
f 2620/1235/968 2645/1236/969 2643/1237/970
f 2620/1235/968 2661/1238/971 2645/1236/969
f 2621/1239/972 2626/1240/973 2619/1241/974
f 2628/1242/975 2624/1243/976 2633/1244/977
f 2624/1243/976 2631/1245/978 2633/1244/977
f 2629/1246/979 2644/1247/980 2661/1238/971
f 2636/1248/981 2624/1243/976 2635/1249/982
f 2663/1250/983 2647/1251/984 2617/1252/985
f 2657/1253/986 2634/1254/987 2661/1238/971 2644/1247/980
f 2628/1242/975 2646/1255/988 2635/1249/982
f 2623/1256/989 2634/1257/987 2641/1258/990
f 2656/1259/991 2625/1260/992 2618/1261/993
f 2643/1237/970 2645/1236/969 2616/1262/994
f 2621/1239/972 2644/1247/980 2630/1263/995
f 2657/1253/986 2644/1247/980 2625/1260/992
f 2647/1251/984 2619/1241/996 2617/1252/985
f 2662/1264/997 2630/1263/995 2629/1246/979
f 2620/1235/968 2622/1265/998 2664/1266/999
f 2620/1235/968 2664/1266/999 2629/1246/979
f 2619/1241/996 2647/1251/984 2621/1239/972
f 2653/1267/1000 2631/1245/978 2622/1268/998
f 2635/1249/982 2646/1255/988 2665/1269/1001
f 2651/1270/1002 2619/1241/996 2652/1271/1003
f 2653/1267/1000 2622/1268/998 2617/1272/985
f 2639/1273/1004 2641/1258/990 2657/1253/986
f 2641/1258/990 2634/1257/987 2657/1253/986
f 2658/1274/1005 2616/1275/994 2660/1276/1006
f 2656/1259/991 2638/1277/1007 2625/1260/992
f 2618/1261/993 2658/1274/1005 2654/1278/1008
f 2646/1255/988 2628/1242/975 2626/1240/973
f 2634/1257/987 2623/1256/989 2645/1279/969
f 2642/1280/1009 2618/1261/993 2625/1260/992
f 2620/1235/968 2629/1246/979 2661/1238/971
f 2621/1239/972 2630/1263/995 2626/1240/973
f 2634/1254/987 2645/1236/969 2661/1238/971
f 2631/1245/978 2653/1267/1000 2649/1281/1010
f 2623/1256/989 2627/1282/1011 2632/1283/1012
f 2632/1283/1012 2627/1282/1011 2638/1277/1007
f 2641/1258/990 2639/1273/1004 2627/1282/1013 2623/1256/989
f 2629/1246/979 2630/1263/995 2644/1247/980
f 2624/1243/976 2628/1242/975 2635/1249/982
f 2642/1280/1009 2643/1237/970 2616/1262/994 2618/1261/993
f 2647/1251/984 2663/1250/983 2620/1235/968 2621/1239/972
f 2624/1243/976 2636/1248/981 2665/1269/1001 2622/1268/1014
f 2648/1284/1015 2653/1267/1000 2617/1272/985
f 2650/1285/1016 2652/1271/1003 2633/1244/977 2637/1286/1017
f 2637/1286/1017 2631/1245/978 2649/1281/1010 2650/1285/1016
f 2640/1287/1018 2638/1277/1007 2655/1288/1019 2659/1289/1020
f 2660/1276/1021 2616/1275/994 2645/1279/969
f 2631/1245/978 2637/1286/1017 2633/1244/977
f 2638/1277/1007 2656/1259/991 2655/1288/1019
f 2659/1289/1020 2660/1276/1006 2632/1283/1012 2640/1287/1018
f 2621/1239/972 2620/1235/968 2643/1237/970 2642/1280/1009
f 2638/1277/1007 2640/1287/1018 2632/1283/1012
f 2654/1278/1008 2656/1259/991 2618/1261/993
f 2662/1264/997 2664/1266/999 2665/1290/1001 2646/1255/988
f 2621/1239/972 2642/1280/1009 2625/1260/992
f 2621/1239/972 2625/1260/992 2644/1247/980
f 2664/1266/999 2662/1264/997 2629/1246/979
f 2622/1265/998 2620/1235/968 2663/1250/983 2617/1252/985
f 2646/1255/988 2626/1240/973 2630/1263/995 2662/1264/997
f 2664/1266/999 2622/1265/1014 2665/1290/1001
f 2628/1242/975 2633/1244/977 2652/1271/1022 2626/1240/973
f 2631/1245/978 2624/1243/976 2622/1268/998
f 2636/1248/981 2635/1249/982 2665/1269/1001
f 2651/1270/1002 2648/1284/1015 2617/1272/985 2619/1241/996
f 2627/1282/1013 2639/1273/1004 2657/1253/986 2625/1260/992
f 2623/1256/989 2632/1283/1012 2660/1276/1021 2645/1279/969
f 2638/1277/1007 2627/1282/1011 2625/1260/992
f 2618/1261/993 2616/1275/994 2658/1274/1005
f 2653/1267/1000 2648/1284/1015 2651/1270/1002 2652/1271/1003
f 2649/1281/1010 2653/1267/1000 2652/1271/1003 2650/1285/1016
f 2660/1276/1006 2656/1259/991 2654/1278/1008 2658/1274/1005
f 2659/1289/1020 2655/1288/1019 2656/1259/991 2660/1276/1006
f 2652/1271/1022 2619/1241/974 2626/1240/973
o Cube.003
v -0.573442 0.069422 0.516328
v -0.280481 0.069422 0.516404
v -0.574379 0.068691 -0.501284
v -0.279331 0.068691 -0.501284
v -0.573442 -1.117614 0.516685
v -0.280481 -1.117614 0.516761
v -0.574378 -1.116793 -0.501427
v -0.279330 -1.116793 -0.501427
v -0.427072 0.069422 0.552753
v -0.427073 0.068691 -0.465665
v -0.427072 -1.116793 -0.465807
v -0.427072 -1.117614 0.552753
v -0.308594 0.069422 0.527508
v -0.308595 0.068691 -0.490909
v -0.308594 -1.116793 -0.491052
v -0.308594 -1.117614 0.527508
v -0.545987 0.068691 -0.491218
v -0.545986 -1.116793 -0.491361
v -0.545986 -1.117614 0.527199
v -0.545986 0.069422 0.527199
v -0.279330 -1.117614 0.344902
v -0.574378 -1.117614 0.344902
v -0.279330 -1.117614 -0.326776
v -0.574378 -1.117553 -0.477042
v -0.574378 -1.089254 -0.502201
v -0.279330 -1.089303 -0.502197
v -0.427111 -1.089314 -0.466580
v -0.308890 -1.089236 -0.491725
v -0.546273 -1.089372 -0.492228
v -0.574379 -0.130502 -0.502268
v -0.427055 0.040360 -0.466601
v -0.308471 0.040361 -0.491886
v -0.545845 0.040309 -0.492107
v -0.279331 0.069422 -0.326484
v -0.574379 0.069372 -0.476482
v -0.279330 0.069422 0.343596
v -0.574259 0.069422 0.492739
v -0.285765 0.069422 0.519270
v -0.574379 0.042693 -0.502145
v -0.279476 -1.117614 0.493773
v -0.568570 -1.117614 0.519093
v -0.494955 0.069422 0.543216
v -0.359409 0.068691 -0.474989
v -0.359408 -1.116793 -0.475132
v -0.359408 -1.117614 0.543428
v -0.426904 0.069329 -0.439813
v -0.359409 0.069422 0.543428
v -0.285765 -1.117614 0.519316
v -0.279331 0.069331 -0.478043
v -0.494955 0.068691 -0.475202
v -0.494954 -1.116793 -0.475344
v -0.494954 -1.117614 0.543216
v -0.568570 0.069422 0.519048
v -0.574259 -1.117614 0.493763
v -0.448792 -1.117511 -0.443359
v -0.279330 -1.117512 -0.478406
v -0.359478 -1.089242 -0.475888
v -0.495023 -1.089353 -0.476132
v -0.279331 0.042693 -0.502145
v -0.494921 0.040311 -0.476131
v -0.359380 0.040357 -0.475932
v -0.574378 0.069422 0.343596
v -0.279476 0.069422 0.492749
v -0.359408 -1.117512 -0.452416
v -0.279331 -0.130486 -0.502268
vn -0.0000 -1.0000 -0.0000
vn 0.0003 0.9999 -0.0119
vn 0.0008 0.7766 -0.6300
vn 0.1434 0.7610 -0.6328
vn -0.0001 1.0000 -0.0003
vn 0.0055 0.9998 -0.0174
vn 0.2095 0.7476 -0.6303
vn 0.2505 0.6619 -0.7065
vn -0.0001 -1.0000 -0.0004
vn -0.0005 -0.7724 -0.6352
vn 0.0016 -0.9999 -0.0146
vn 0.1443 -0.7587 -0.6352
vn 0.0063 -0.9998 -0.0194
vn 0.2106 -0.7451 -0.6329
vn 0.2514 -0.6589 -0.7090
vn 0.3331 0.0167 -0.9428
vn 0.3163 0.0154 -0.9485
vn 0.3349 -0.0000 -0.9422
vn -0.0000 1.0000 -0.0000
vn -0.0056 0.9998 -0.0176
vn -0.2505 0.6618 -0.7066
vn -0.2093 0.7474 -0.6305
vn 0.2203 -0.0137 -0.9753
vn 0.0014 -0.0141 -0.9999
vn 0.3172 -0.0133 -0.9483
vn -0.2107 -0.7461 -0.6316
vn -0.1420 -0.7598 -0.6344
vn -0.2185 -0.0137 -0.9757
vn -0.3167 -0.0133 -0.9484
vn -0.1424 0.7610 -0.6329
vn -0.2513 -0.6589 -0.7090
vn -0.3344 -0.0132 -0.9423
vn 0.3346 -0.0131 -0.9423
vn -0.0065 -0.9998 -0.0192
vn -0.0032 -0.9999 -0.0158
vn -0.2187 0.0161 -0.9757
vn -0.3162 0.0154 -0.9486
vn 0.0013 0.0165 -0.9999
vn 0.2201 0.0161 -0.9753
vn -0.3347 -0.0000 -0.9423
vn -0.3332 0.0167 -0.9427
vt 0.750466 0.285768
vt 0.750855 0.285768
vt 0.751244 0.294686
vt 0.751244 0.285768
vt 0.751244 0.290227
vt 0.414034 0.473660
vt 0.417874 0.473557
vt 0.417874 0.559839
vt 0.751244 0.383983
vt 0.751244 0.473280
vt 0.416599 0.286933
vt 0.417428 0.660651
vt 0.417874 0.624703
vt 0.417932 0.660792
vt 0.751244 0.653537
vt 0.751244 0.657164
vt 0.750855 0.660792
vt 0.585681 0.286903
vt 0.750466 0.660792
vt 0.584610 0.473557
vt 0.588425 0.500677
vt 0.584610 0.559839
vt 0.585020 0.660653
vt 0.584610 0.624703
vt 0.584588 0.660792
vt 0.418240 0.660792
vt 0.421999 0.624703
vt 0.418547 0.660792
vt 0.251276 0.285768
vt 0.251842 0.285768
vt 0.251276 0.290227
vt 0.252409 0.285768
vt 0.251276 0.294686
vt 0.251276 0.383983
vt 0.251276 0.473280
vt 0.251276 0.657164
vt 0.251276 0.653537
vt 0.251842 0.660792
vt 0.417438 0.285890
vt 0.417932 0.285768
vt 0.417874 0.322965
vt 0.751244 0.563409
vt 0.580638 0.559839
vt 0.580632 0.473557
vt 0.580640 0.624703
vt 0.584610 0.322965
vt 0.584610 0.387553
vt 0.580622 0.387553
vt 0.580621 0.322965
vt 0.417874 0.387553
vt 0.584588 0.285768
vt 0.584239 0.285768
vt 0.584239 0.660792
vt 0.751244 0.660792
vt 0.585012 0.285890
vt 0.588425 0.387553
vt 0.421992 0.387553
vt 0.421992 0.322965
vt 0.421992 0.473557
vt 0.421999 0.559839
vt 0.418548 0.285768
vt 0.418240 0.285768
vt 0.252409 0.660792
vt 0.251276 0.563408
vt 0.251276 0.660792
s 1
usemtl pages.002
f 2686/1291/1023 2705/1292/1023 2681/1293/1023
f 2705/1292/1023 2671/1294/1023 2713/1295/1023
f 2711/1296/1024 2675/1297/1025 2715/1298/1026
f 2686/1291/1023 2710/1299/1023 2677/1300/1023
f 2686/1291/1023 2681/1293/1023 2710/1299/1023
f 2699/1301/1027 2711/1296/1024 2700/1302/1028
f 2700/1302/1028 2682/1303/1029 2668/1304/1030
f 2684/1305/1023 2706/1306/1023 2719/1307/1023
f 2688/1308/1031 2686/1291/1023 2687/1309/1023
f 2676/1310/1032 2720/1311/1033 2716/1312/1034
f 2720/1311/1033 2688/1308/1031 2689/1313/1035
f 2683/1314/1036 2689/1313/1035 2672/1315/1037
f 2704/1316/1038 2698/1317/1039 2695/1318/1040
f 2667/1319/1041 2728/1320/1041 2703/1321/1041
f 2728/1320/1041 2701/1322/1041 2678/1323/1041
f 2678/1323/1041 2701/1322/1041 2712/1324/1041
f 2712/1324/1041 2701/1322/1041 2674/1325/1041
f 2718/1326/1041 2685/1327/1041 2702/1328/1041
f 2714/1329/1042 2669/1330/1043 2679/1331/1044
f 2717/1332/1023 2687/1309/1023 2686/1291/1023 2677/1300/1023
f 2681/1293/1023 2705/1292/1023 2713/1295/1023
f 2687/1309/1023 2717/1332/1023 2684/1305/1023
f 2716/1312/1034 2723/1333/1045 2692/1334/1046 2676/1310/1032
f 2683/1314/1036 2694/1335/1047 2723/1333/1045 2716/1312/1034
f 2715/1298/1026 2682/1303/1029 2700/1302/1028 2711/1296/1024
f 2680/1336/1048 2709/1337/1049 2722/1338/1050 2693/1339/1051
f 2709/1337/1049 2676/1310/1032 2692/1334/1046 2722/1338/1050
f 2708/1340/1052 2711/1296/1024 2714/1329/1042 2679/1331/1044
f 2673/1341/1053 2680/1336/1048 2693/1339/1051 2691/1342/1054
f 2699/1301/1027 2714/1329/1042 2711/1296/1024
f 2672/1315/1037 2690/1343/1055 2694/1335/1047 2683/1314/1036
f 2711/1296/1024 2708/1340/1052 2675/1297/1025
f 2689/1313/1035 2683/1314/1036 2716/1312/1034 2720/1311/1033
f 2687/1309/1023 2684/1305/1023 2719/1307/1023
f 2719/1307/1023 2706/1306/1023 2670/1344/1023
f 2689/1313/1035 2688/1308/1031 2687/1309/1023
f 2680/1336/1048 2673/1341/1053 2721/1345/1056
f 2729/1346/1057 2720/1311/1033 2676/1310/1032 2709/1337/1049
f 2721/1345/1056 2729/1346/1057 2709/1337/1049 2680/1336/1048
f 2690/1343/1055 2695/1318/1040 2698/1317/1039 2694/1335/1047
f 2729/1346/1057 2721/1345/1056 2688/1308/1031
f 2720/1311/1033 2729/1346/1057 2688/1308/1031
f 2722/1338/1050 2726/1347/1058 2697/1348/1059 2693/1339/1051
f 2692/1334/1046 2696/1349/1060 2726/1347/1058 2722/1338/1050
f 2723/1333/1045 2725/1350/1061 2696/1349/1060 2692/1334/1046
f 2694/1335/1047 2698/1317/1039 2725/1350/1061 2723/1333/1045
f 2693/1339/1051 2697/1348/1059 2730/1351/1062 2691/1342/1054
f 2697/1348/1059 2679/1331/1044 2669/1330/1043 2724/1352/1063
f 2725/1350/1061 2698/1317/1039 2682/1303/1029 2715/1298/1026
f 2724/1352/1063 2730/1351/1062 2697/1348/1059
f 2696/1349/1060 2725/1350/1061 2715/1298/1026 2675/1297/1025
f 2696/1349/1060 2675/1297/1025 2708/1340/1052 2726/1347/1058
f 2726/1347/1058 2708/1340/1052 2679/1331/1044 2697/1348/1059
f 2698/1317/1039 2704/1316/1038 2668/1304/1030 2682/1303/1029
f 2701/1322/1041 2727/1353/1041 2707/1354/1041 2674/1325/1041
f 2727/1353/1041 2699/1301/1027 2700/1302/1028
f 2701/1322/1041 2699/1301/1027 2727/1353/1041
f 2703/1321/1041 2728/1320/1041 2678/1323/1041
f 2685/1327/1041 2707/1354/1041 2727/1353/1041
f 2666/1355/1041 2718/1326/1041 2702/1328/1041
f 2702/1328/1041 2685/1327/1041 2727/1353/1041
o Cube.004
v -0.601155 0.088686 0.535453
v -0.252446 0.088685 0.534331
v -0.603244 0.088386 -0.530398
v -0.249343 0.088129 -0.529936
v -0.601152 -1.136877 0.535455
v -0.252444 -1.136877 0.534327
v -0.604367 -1.136320 -0.530170
v -0.250482 -1.136578 -0.530192
v -0.426831 0.088690 0.581580
v -0.426831 -1.136881 0.581580
v -0.274302 0.088681 0.518923
v -0.584377 0.088129 -0.530197
v -0.268176 0.088330 -0.530291
v -0.579306 -1.136870 0.519963
v -0.273844 -1.136826 0.518132
v -0.585505 -1.136521 -0.530485
v -0.269332 -1.136320 -0.529966
v -0.426834 0.088690 0.558513
v -0.426834 -1.136882 0.558513
v -0.272384 0.088621 -0.506807
v -0.246425 0.088625 -0.506837
v -0.246925 -1.106749 0.533840
v -0.247077 0.059692 0.533311
v -0.607239 -1.110267 -0.530731
v -0.607495 0.060038 -0.530756
v -0.246470 0.062036 -0.530566
v -0.246215 -1.108224 -0.530595
v -0.604917 0.059342 0.539732
v -0.605528 -1.106777 0.539161
v -0.248157 0.058598 0.538838
v -0.248443 -1.107930 0.538844
v -0.426926 -1.106771 0.587068
v -0.426579 0.059687 0.586873
v -0.581482 0.061330 -0.530773
v -0.581252 -1.108180 -0.530770
v -0.272226 -1.109522 -0.530614
v -0.272458 0.059969 -0.530610
v -0.573607 -1.106866 0.516369
v -0.573699 0.059767 0.516616
v -0.280362 -1.107525 0.516978
v -0.279774 0.058469 0.515787
v -0.426717 0.058297 0.553026
v -0.427148 -1.107923 0.553223
v -0.246359 -1.136786 -0.506252
v -0.240553 0.058469 -0.505593
v -0.272438 -1.136732 -0.506562
v -0.278447 -1.106480 -0.506131
v -0.279330 -0.124571 -0.363582
v -0.240514 -0.929900 -0.359910
v -0.580003 0.088640 0.515025
v -0.606762 -1.107345 0.533991
v -0.606643 0.059007 0.535288
v -0.607287 -1.136817 -0.507271
v -0.581326 -1.136813 -0.507228
v -0.575256 -1.106462 -0.506527
v -0.613198 -0.118304 -0.360241
v -0.607353 0.088595 -0.506687
v -0.581271 0.088540 -0.506985
v -0.574374 -0.119828 -0.361092
v -0.613159 -1.106658 -0.506027
v -0.512740 -1.136896 0.568535
v -0.512734 0.088700 0.568538
v -0.504975 -1.136877 0.546983
v -0.577806 0.088676 0.521403
v -0.565957 0.058814 0.520673
v -0.566234 -1.107402 0.520653
v -0.569523 0.059927 0.554084
v -0.572176 -1.106915 0.553323
v -0.262992 0.088688 0.540838
v -0.262999 -1.136886 0.540840
v -0.281780 0.088687 0.523964
v -0.282032 -1.136880 0.524121
v -0.287194 0.058891 0.520468
v -0.308493 -1.107000 0.527756
v -0.256102 0.059103 0.543638
v -0.282557 -1.106805 0.553696
v -0.252628 -1.136922 0.295125
v -0.253293 -1.136886 0.496537
v -0.259661 -1.136917 0.479405
v -0.274754 0.088717 0.485663
v -0.249081 0.058837 0.495191
v -0.247751 0.058825 0.303397
v -0.256364 0.059871 0.478552
v -0.275288 -1.136901 0.479431
v -0.247977 -1.108126 0.301760
v -0.249169 -1.107439 0.495261
v -0.256245 -1.107946 0.478805
v -0.279356 -0.930611 0.511492
v -0.279352 -0.126009 0.511305
v -0.253281 0.088654 0.496250
v -0.252262 0.088700 0.286321
v -0.259830 0.088744 0.478591
v -0.601073 0.088730 0.296393
v -0.600404 0.088694 0.498305
v -0.594038 0.088726 0.481153
v -0.578419 0.088709 0.481181
v -0.574360 -0.115392 0.512430
v -0.604607 -1.106963 0.496874
v -0.605962 -1.107082 0.303486
v -0.597376 -1.107934 0.480398
v -0.600416 -1.136846 0.498010
v -0.601440 -1.136892 0.287556
v -0.593869 -1.136935 0.480338
v -0.578952 -1.136909 0.487399
v -0.574348 -0.920999 0.512456
v -0.604552 0.059422 0.497272
v -0.605685 0.059747 0.306699
v -0.597433 0.059805 0.480501
v -0.346511 -1.136881 0.569592
v -0.497124 0.088690 0.548580
v -0.356524 -1.136881 0.548561
v -0.263599 0.089535 0.528430
v -0.263608 -1.137726 0.528499
v -0.402097 0.089485 0.570323
v -0.403353 -1.137676 0.570430
v -0.259405 -1.137658 -0.504135
v -0.259208 -1.107149 -0.531607
v -0.259376 0.056924 -0.531653
v -0.594426 0.057736 -0.531698
v -0.594270 -1.106508 -0.531660
v -0.494478 0.059699 0.543834
v -0.278067 0.060028 -0.507026
v -0.359085 -1.106947 0.543601
v -0.509653 -1.106817 0.574583
v -0.240576 -1.107556 -0.506855
v -0.613136 0.059364 -0.507276
v -0.343745 0.059568 0.574305
v -0.254919 -1.108066 0.542730
v -0.259401 0.089465 -0.504742
v -0.575044 -1.108931 0.512705
v -0.575642 0.060027 -0.507436
v -0.594304 0.089467 -0.504569
v -0.594310 -1.137657 -0.505178
v -0.494939 -1.106896 0.543537
v -0.508929 0.059862 0.574557
v -0.599501 -1.106862 0.542639
v -0.588926 0.089559 0.532296
v -0.588927 -1.137753 0.532188
v -0.346511 0.088690 0.569592
v -0.356524 0.088690 0.548561
v -0.358224 0.059585 0.543605
v -0.344281 -1.106743 0.574632
v -0.266346 0.089502 0.482922
v -0.278684 -1.109385 0.510898
v -0.253362 0.059330 0.452581
v -0.266258 -1.137700 0.483381
v -0.253369 -1.107877 0.450754
v -0.278724 0.062464 0.487193
v -0.587356 -1.137693 0.484663
v -0.587444 0.089508 0.485129
v -0.600389 -1.107438 0.453557
v -0.574915 -1.111109 0.485642
v -0.575020 0.061200 0.512254
v -0.600195 0.059926 0.454287
v -0.243472 -1.107105 -0.021349
v -0.247022 -1.106814 0.510609
v -0.247268 0.059753 0.509733
v -0.243356 0.059278 -0.051659
v -0.610234 0.058916 -0.020863
v -0.606675 0.058622 0.512386
v -0.606429 -1.107944 0.511505
v -0.610350 -1.107469 -0.051268
vn -0.4468 -0.1750 -0.8774
vn -0.7440 -0.1090 -0.6592
vn -0.8842 -0.1865 -0.4282
vn -0.9895 -0.1039 -0.1009
vn -0.9963 -0.0007 -0.0863
vn -0.0231 0.9992 0.0329
vn 0.0375 0.9984 -0.0426
vn 0.0936 0.9956 -0.0036
vn 0.0191 0.9998 0.0099
vn -0.0634 0.9978 -0.0207
vn -0.0303 0.9961 -0.0827
vn -0.0054 0.9999 -0.0153
vn 0.0035 0.9994 -0.0357
vn -0.0682 0.9976 -0.0124
vn -0.9894 -0.0936 0.1111
vn -0.9817 -0.1904 0.0087
vn -0.9679 -0.0764 0.2396
vn 0.9905 0.0965 0.0979
vn 0.9821 0.1881 0.0069
vn 0.9762 0.0706 0.2050
vn 0.0053 -0.9999 -0.0155
vn -0.0032 -0.9993 -0.0360
vn 0.0682 -0.9976 -0.0125
vn -0.0240 -0.9992 0.0327
vn 0.0617 -0.9978 -0.0232
vn 0.0623 -0.9522 -0.2990
vn 0.0042 0.9996 0.0267
vn 0.0636 0.9488 -0.3095
vn -0.0054 -0.9987 0.0497
vn 0.0041 -0.9997 0.0260
vn 0.0172 -0.9982 0.0576
vn -0.2452 -0.1760 0.9534
vn -0.2319 -0.0844 0.9691
vn -0.3455 -0.1015 0.9329
vn -0.8666 0.1000 -0.4889
vn -0.8603 0.1999 -0.4690
vn -0.9959 0.0899 -0.0078
vn 0.7652 -0.0913 -0.6373
vn 0.9851 -0.1080 -0.1336
vn 0.9963 -0.0008 -0.0861
vn 0.8123 -0.1759 -0.5561
vn 0.9861 0.1649 0.0212
vn 0.9960 0.0849 0.0269
vn 0.9947 0.1029 0.0084
vn -0.2305 0.0846 0.9694
vn -0.2464 0.1748 0.9533
vn -0.3473 0.0999 0.9324
vn -0.0096 -0.0397 -0.9992
vn 0.0042 -0.0164 -0.9999
vn 0.0766 -0.0130 -0.9970
vn 0.0087 0.0353 -0.9993
vn -0.0035 0.0135 -0.9999
vn -0.0696 0.0123 -0.9975
vn 0.9858 0.0988 -0.1358
vn 0.7740 0.1054 -0.6243
vn 0.9963 0.0014 -0.0861
vn -0.0001 0.0133 -0.9999
vn 0.0559 0.0264 -0.9981
vn 0.0669 -0.0105 -0.9977
vn 0.0010 -0.0129 -0.9999
vn -0.0008 0.0881 -0.9961
vn 0.2175 -0.0929 -0.9716
vn 0.2222 0.0867 -0.9711
vn -0.9900 0.0874 -0.1105
vn -0.9722 0.0863 -0.2177
vn -0.9905 -0.0843 -0.1088
vn 0.4468 -0.0938 0.8897
vn 0.4151 -0.1862 0.8905
vn 0.5119 -0.1997 0.8355
vn 0.5166 -0.0983 0.8506
vn -0.4209 0.0925 -0.9024
vn 0.9878 -0.0839 0.1315
vn -0.9803 0.0896 0.1760
vn 0.9621 0.0687 -0.2638
vn 0.9669 0.1518 -0.2051
vn 0.9941 0.0882 -0.0624
vn -0.9989 0.0006 -0.0471
vn -1.0000 0.0020 -0.0034
vn 0.9944 -0.1051 0.0088
vn -0.9805 -0.1734 -0.0920
vn -0.9860 -0.1652 0.0213
vn -0.9960 -0.0849 0.0268
vn -0.9947 -0.1029 0.0084
vn 0.9805 0.1736 -0.0919
vn 0.9903 0.0865 -0.1088
vn -0.9944 0.1051 0.0088
vn -0.9621 -0.0687 -0.2638
vn -0.9668 -0.1526 -0.2048
vn -0.9939 -0.0899 -0.0645
vn 0.3836 0.0879 -0.9193
vn 0.7079 0.2009 -0.6771
vn -0.3645 -0.2069 0.9079
vn -0.4277 -0.0984 0.8986
vn -0.4989 -0.0865 0.8623
vn -0.0088 0.9989 0.0453
vn -0.0600 0.9976 0.0344
vn 0.0100 -0.9962 -0.0860
vn 0.3999 -0.0866 -0.9124
vn 0.2403 -0.1799 -0.9539
vn 0.3404 -0.0878 0.9362
vn 0.4293 0.0958 0.8981
vn -0.2215 -0.0867 -0.9713
vn 0.0018 -0.0889 -0.9960
vn 0.0262 -0.9979 0.0592
vn 0.0185 -0.9998 0.0094
vn 0.0567 -0.9979 0.0308
vn -0.0272 0.9957 -0.0891
vn 0.0099 0.9961 -0.0878
vn 0.9942 -0.0853 -0.0657
vn 0.9627 -0.0693 -0.2617
vn 0.9962 -0.0872 0.0049
vn 0.9901 -0.0848 -0.1119
vn 1.0000 0.0018 -0.0034
vn 0.9866 -0.1633 0.0063
vn -0.9944 0.0849 -0.0631
vn -0.9630 0.0698 -0.2603
vn 0.0062 1.0000 -0.0059
vn 0.1098 0.9939 -0.0088
vn 0.0640 0.9980 0.0004
vn 0.0764 0.9970 -0.0079
vn -0.9914 -0.1304 0.0071
vn 0.9875 0.0675 -0.1425
vn 0.9810 0.1355 -0.1386
vn 0.0021 -1.0000 -0.0053
vn 0.1114 -0.9937 -0.0107
vn 0.0752 -0.9971 -0.0079
vn 0.0650 -0.9979 0.0004
vn 0.9874 -0.0647 -0.1447
vn 0.9778 -0.1420 -0.1542
vn 0.9950 -0.0786 0.0620
vn 0.9945 0.0799 0.0676
vn -0.0052 -1.0000 -0.0061
vn -0.1099 -0.9939 -0.0088
vn -0.0640 -0.9980 0.0004
vn -0.0738 -0.9972 -0.0071
vn -0.0017 1.0000 -0.0051
vn -0.1115 0.9937 -0.0107
vn -0.0727 0.9973 -0.0071
vn -0.0650 0.9979 0.0004
vn -0.9872 -0.0677 -0.1441
vn -0.9811 -0.1353 -0.1384
vn 0.9910 0.1332 0.0095
vn 0.9745 0.1847 -0.1272
vn -0.9878 0.0640 -0.1421
vn -0.9949 0.0787 0.0636
vn -0.9946 -0.0801 0.0662
vn -0.9779 0.1422 -0.1532
vn -0.0118 -0.0340 -0.9994
vn -0.0347 -0.0381 -0.9987
vn -0.0500 -0.0224 -0.9985
vn 0.0135 0.0380 -0.9992
vn 0.0388 0.0425 -0.9983
vn 0.5153 0.1986 0.8337
vn 0.4129 0.1853 0.8917
vn 0.5182 0.0948 0.8500
vn -0.0758 0.0126 -0.9970
vn 0.0011 -0.1738 -0.9848
vn -0.3257 -0.0887 -0.9413
vn -0.4300 0.1816 -0.8844
vn 0.0458 0.9987 -0.0216
vn 0.0305 0.9987 -0.0408
vn 0.0262 0.9979 0.0596
vn 0.0572 0.9979 0.0307
vn -0.0458 -0.9987 -0.0218
vn -0.0303 -0.9987 -0.0412
vn -0.0055 0.9988 0.0493
vn -0.0089 -0.9989 0.0455
vn -0.0608 -0.9976 0.0340
vn -0.0302 -0.9960 -0.0840
vn -0.0274 -0.9955 -0.0902
vn -0.0002 -0.0893 0.9960
vn -0.0004 -0.1791 0.9838
vn 0.2263 0.1693 -0.9592
vn 0.9586 -0.0971 0.2679
vn 0.9822 -0.1878 0.0090
vn -0.0001 0.1762 -0.9843
vn 0.9915 0.0861 -0.0977
vn 0.9805 0.1776 -0.0836
vn 0.0006 0.0897 0.9960
vn -0.0006 0.1795 0.9837
vn -0.0353 -0.0439 -0.9984
vn -0.0544 -0.0242 -0.9982
vn 0.0313 0.0390 -0.9988
vn 0.0479 0.0228 -0.9986
vn 0.9711 -0.0892 -0.2212
vn 0.9740 0.0800 -0.2120
vn -0.9738 -0.0832 -0.2114
vn -0.7058 0.1027 0.7009
vn 0.2398 0.0875 0.9669
vn 0.2377 -0.0904 0.9671
vn -0.8046 0.2360 0.5449
vn -0.9796 0.1729 -0.1027
vn -0.9867 0.1622 0.0057
vn 0.9855 -0.1683 0.0234
vn 0.9769 -0.1919 -0.0944
vn 0.9898 -0.0959 -0.1054
vn 1.0000 -0.0012 0.0041
vn 0.9961 -0.0846 0.0261
vn -0.9716 -0.1523 -0.1809
vn 0.9768 0.0826 -0.1977
vn 0.9741 0.1496 -0.1695
vn -0.0344 -0.9987 -0.0385
vn -0.0061 -0.9994 -0.0331
vn -0.0004 -0.9999 -0.0139
vn -0.0513 -0.9985 -0.0210
vn 0.0639 -0.9979 -0.0102
vn 0.9654 -0.1719 -0.1960
vn 0.9729 -0.0885 -0.2138
vn -0.9643 0.1707 -0.2024
vn -0.9914 -0.0860 -0.0988
vn -0.9805 -0.1775 -0.0844
vn -1.0000 0.0012 0.0041
vn -0.9855 0.1679 0.0227
vn -0.9768 0.1917 -0.0953
vn -0.9897 0.0958 -0.1065
vn -0.9961 0.0847 0.0266
vn 0.0343 0.9987 -0.0388
vn 0.0058 0.9994 -0.0333
vn 0.0004 0.9999 -0.0141
vn 0.0512 0.9985 -0.0212
vn -0.0639 0.9979 -0.0102
vn -0.9764 -0.0828 -0.1996
vn -0.9739 -0.1494 -0.1711
vn 0.9793 -0.1735 -0.1040
vn 0.9649 -0.1683 -0.2016
vn 0.9710 0.1530 -0.1837
vn -0.9724 0.0883 -0.2158
vn -0.9652 0.1714 -0.1977
vn 0.0862 -0.9963 0.0010
vn -0.2225 0.0886 -0.9709
vn 0.0175 0.9982 0.0581
vn -0.0675 -0.9975 -0.0197
vn -0.2235 0.1737 -0.9591
vn -0.2224 -0.1724 -0.9596
vn 0.2334 0.1745 0.9566
vn 0.2314 -0.1807 0.9559
vn -0.0824 0.9966 0.0020
vn 0.9656 -0.1561 -0.2078
vn -0.9659 0.1564 -0.2065
vn -0.0889 -0.9960 0.0016
vn 0.0890 0.9960 0.0020
vt 0.622129 0.750000
vt 0.624506 0.751170
vt 0.625008 0.749503
vt 0.630054 0.748319
vt 0.664252 0.748531
vt 0.125005 0.749769
vt 0.125000 0.750000
vt 0.125000 0.748647
vt 0.624247 0.999997
vt 0.625000 1.000000
vt 0.622160 1.000000
vt 0.874949 0.505586
vt 0.874973 0.500039
vt 0.875000 0.501001
vt 0.369635 0.748856
vt 0.375318 0.749790
vt 0.374325 0.750020
vt 0.869725 0.748620
vt 0.874959 0.749722
vt 0.874305 0.750000
vt 0.374981 0.500903
vt 0.375000 0.500000
vt 0.374810 0.501695
vt 0.377892 0.749601
vt 0.375193 0.749805
vt 0.431602 0.750000
vt 0.518591 0.999972
vt 0.440197 1.000000
vt 0.377494 0.999997
vt 0.500016 0.750228
vt 0.517634 0.750029
vt 0.557471 0.750228
vt 0.438739 0.750228
vt 0.442578 0.756350
vt 0.399429 0.756330
vt 0.873772 0.749849
vt 0.875000 0.749736
vt 0.869192 0.741084
vt 0.374306 0.750000
vt 0.369976 0.748802
vt 0.335203 0.749378
vt 0.874772 0.692871
vt 0.868691 0.696914
vt 0.868783 0.618681
vt 0.442578 0.993902
vt 0.438744 0.999772
vt 0.399429 0.993916
vt 0.625330 0.500480
vt 0.630390 0.500075
vt 0.631063 0.500361
vt 0.125330 0.500428
vt 0.130620 0.500066
vt 0.131062 0.500322
vt 0.130037 0.748656
vt 0.125690 0.750000
vt 0.165561 0.747446
vt 0.869226 0.500074
vt 0.869345 0.500361
vt 0.374345 0.500000
vt 0.369516 0.500031
vt 0.500015 0.993611
vt 0.442186 0.756306
vt 0.442184 0.993897
vt 0.869947 0.505270
vt 0.874344 0.500000
vt 0.630364 0.505277
vt 0.619969 0.755219
vt 0.617162 0.750205
vt 0.625031 0.749749
vt 0.625000 0.750690
vt 0.625000 0.999307
vt 0.618297 0.994500
vt 0.630491 0.748639
vt 0.130419 0.748855
vt 0.868693 0.741265
vt 0.874772 0.741775
vt 0.868880 0.744069
vt 0.834566 0.748349
vt 0.832648 0.539727
vt 0.631286 0.619471
vt 0.625000 0.501056
vt 0.374773 0.692954
vt 0.368704 0.697221
vt 0.368787 0.617983
vt 0.125000 0.500946
vt 0.130053 0.505172
vt 0.131290 0.618782
vt 0.368680 0.741681
vt 0.374772 0.742190
vt 0.368880 0.744485
vt 0.381613 0.994512
vt 0.375000 0.999310
vt 0.375377 1.000000
vt 0.380076 0.755447
vt 0.375437 0.999982
vt 0.500000 0.750000
vt 0.382109 0.755359
vt 0.600636 0.756352
vt 0.618443 0.994488
vt 0.557862 0.756296
vt 0.500015 0.756097
vt 0.623689 0.749539
vt 0.559852 1.000000
vt 0.500000 1.000000
vt 0.631323 0.744051
vt 0.631195 0.741171
vt 0.369192 0.740451
vt 0.369535 0.505180
vt 0.167686 0.540475
vt 0.375000 0.739765
vt 0.131351 0.744485
vt 0.131188 0.741681
vt 0.874972 0.739204
vt 0.874772 0.738130
vt 0.625230 0.738197
vt 0.868844 0.738105
vt 0.625029 0.738860
vt 0.625000 0.738245
vt 0.625000 0.740917
vt 0.625005 0.732496
vt 0.631185 0.738096
vt 0.631106 0.732731
vt 0.868794 0.731936
vt 0.374971 0.739613
vt 0.374772 0.738542
vt 0.125029 0.739741
vt 0.125228 0.738714
vt 0.125228 0.742246
vt 0.125228 0.695246
vt 0.368821 0.738516
vt 0.125000 0.738364
vt 0.131215 0.738502
vt 0.131085 0.732335
vt 0.368777 0.732335
vt 0.369396 0.500272
vt 0.874658 0.500499
vt 0.617184 0.999788
vt 0.625000 0.999306
vt 0.602204 0.756285
vt 0.874752 0.505939
vt 0.375000 0.500890
vt 0.500016 0.999772
vt 0.559852 0.750000
vt 0.500016 0.756359
vt 0.500016 0.750229
vt 0.868431 0.506263
vt 0.500016 0.993866
vt 0.625000 0.500000
vt 0.625684 0.500000
vt 0.125000 0.500000
vt 0.125684 0.500000
vt 0.375362 0.998988
vt 0.557471 0.993842
vt 0.557471 0.756365
vt 0.125690 0.750000
vt 0.125040 0.749777
vt 0.875000 0.739359
vt 0.625248 0.506077
vt 0.631074 0.506170
vt 0.667373 0.540553
vt 0.631060 0.700093
vt 0.625051 0.505719
vt 0.368461 0.505334
vt 0.167375 0.540475
vt 0.125248 0.505975
vt 0.131074 0.506069
vt 0.131121 0.697221
vt 0.125051 0.505615
vt 0.557864 0.993873
vt 0.557471 0.999772
vt 0.874995 0.749708
s 1
usemtl cover.002
f 2802/1356/1064 2770/1357/1065 2745/1358/1066
f 2745/1358/1066 2770/1357/1065 2874/1359/1067
f 2874/1359/1067 2770/1357/1065 2818/1360/1068
f 2867/1361/1069 2794/1362/1070 2780/1363/1071
f 2842/1364/1072 2741/1365/1073 2801/1366/1074
f 2859/1367/1075 2743/1368/1076 2750/1369/1077
f 2781/1370/1078 2735/1371/1079 2759/1372/1080
f 2753/1373/1081 2732/1374/1082 2760/1375/1083
f 2863/1376/1084 2746/1377/1085 2784/1378/1086
f 2868/1379/1087 2744/1380/1088 2793/1381/1089
f 2844/1382/1090 2840/1383/1091 2867/1384/1069
f 2740/1385/1092 2845/1386/1093 2839/1387/1094
f 2791/1388/1095 2854/1389/1096 2798/1390/1097
f 2771/1391/1098 2741/1392/1099 2878/1393/1100
f 2768/1394/1101 2860/1395/1102 2835/1396/1103
f 2768/1394/1101 2744/1380/1104 2860/1395/1102
f 2821/1397/1105 2812/1398/1106 2888/1399/1107
f 2865/1400/1108 2792/1401/1109 2797/1402/1110
f 2738/1403/1111 2847/1404/1112 2757/1405/1113
f 2733/1406/1114 2849/1407/1115 2755/1408/1116
f 2883/1409/1117 2769/1410/1118 2827/1411/1119
f 2848/1412/1120 2756/1413/1121 2757/1405/1113
f 2765/1414/1122 2850/1415/1123 2849/1407/1115
f 2772/1416/1124 2864/1417/1125 2851/1418/1126
f 2852/1419/1127 2767/1420/1128 2777/1421/1129
f 2858/1422/1130 2800/1423/1131 2736/1424/1132 2761/1425/1133
f 2771/1426/1098 2770/1357/1065 2803/1427/1134
f 2760/1375/1083 2752/1428/1135 2753/1373/1081
f 2759/1372/1080 2782/1429/1136 2781/1370/1078
f 2818/1360/1068 2770/1357/1065 2771/1391/1098
f 2811/1430/1137 2820/1431/1138 2887/1432/1139
f 2819/1433/1140 2878/1393/1100 2778/1434/1141
f 2812/1398/1106 2885/1435/1142 2888/1399/1107
f 2776/1436/1143 2874/1359/1067 2777/1421/1129
f 2832/1437/1144 2829/1438/1145 2892/1439/1146
f 2788/1440/1147 2883/1409/1117 2861/1441/1148
f 2829/1438/1145 2889/1442/1149 2892/1439/1146
f 2828/1443/1150 2831/1444/1151 2891/1445/1152
f 2795/1446/1153 2768/1394/1101 2769/1447/1118
f 2769/1447/1118 2794/1448/1154 2795/1446/1153
f 2735/1371/1155 2866/1449/1156 2759/1372/1157
f 2792/1401/1158 2867/1384/1069 2731/1450/1159
f 2845/1386/1093 2793/1381/1089 2749/1451/1160
f 2796/1452/1161 2793/1381/1162 2744/1380/1104
f 2806/1453/1163 2858/1422/1130 2805/1454/1164
f 2853/1455/1165 2773/1456/1166 2772/1416/1124
f 2800/1423/1167 2843/1457/1168 2736/1424/1169
f 2844/1382/1090 2870/1458/1170 2748/1459/1171
f 2777/1421/1129 2818/1360/1068 2819/1433/1140
f 2886/1460/1172 2816/1461/1173 2811/1430/1137
f 2835/1396/1103 2882/1462/1174 2785/1463/1175
f 2785/1463/1175 2789/1464/1176 2835/1396/1103
f 2789/1464/1176 2827/1411/1119 2835/1396/1103
f 2860/1395/1102 2834/1465/1177 2882/1462/1174
f 2781/1370/1078 2890/1466/1178 2891/1445/1152
f 2890/1466/1178 2836/1467/1179 2828/1443/1150
f 2873/1468/1180 2822/1469/1181 2821/1397/1182
f 2822/1469/1181 2873/1468/1180 2820/1431/1183
f 2874/1359/1067 2814/1470/1184 2745/1358/1066
f 2874/1359/1067 2776/1436/1143 2814/1470/1184
f 2820/1431/1138 2813/1471/1185 2822/1469/1186
f 2876/1472/1187 2809/1473/1188 2808/1474/1189
f 2809/1473/1188 2876/1472/1187 2807/1475/1190
f 2817/1476/1191 2809/1473/1192 2877/1477/1193
f 2817/1476/1191 2875/1478/1194 2813/1471/1185
f 2879/1479/1195 2833/1480/1196 2832/1437/1197
f 2833/1480/1196 2879/1479/1195 2831/1444/1198
f 2880/1481/1199 2825/1482/1200 2824/1483/1201
f 2825/1482/1200 2880/1481/1199 2823/1484/1202
f 2831/1444/1151 2830/1485/1203 2833/1480/1204
f 2883/1409/1117 2826/1486/1205 2780/1363/1206
f 2883/1409/1117 2788/1440/1147 2826/1486/1205
f 2838/1487/1207 2884/1488/1208 2881/1489/1209
f 2838/1487/1207 2825/1482/1210 2884/1488/1208
f 2800/1423/1131 2858/1422/1130 2806/1453/1163
f 2850/1415/1123 2746/1377/1211 2737/1377/1212 2754/1490/1213
f 2848/1412/1120 2743/1368/1214 2734/1491/1215 2756/1413/1121
f 2850/1415/1123 2765/1414/1122 2746/1377/1211
f 2732/1365/1216 2799/1492/1217 2805/1454/1164 2760/1493/1218
f 2848/1412/1120 2767/1420/1219 2743/1368/1214
f 2749/1451/1220 2793/1381/1162 2864/1417/1125 2773/1456/1166
f 2802/1356/1064 2804/1494/1221 2770/1357/1065
f 2796/1452/1161 2864/1417/1125 2793/1381/1162
f 2771/1426/1098 2803/1427/1134 2801/1366/1222 2741/1365/1099
f 2859/1367/1075 2751/1495/1223 2734/1491/1224 2743/1368/1076
f 2799/1492/1225 2732/1365/1226 2842/1364/1072
f 2863/1376/1084 2783/1496/1227 2737/1377/1228 2746/1377/1085
f 2867/1384/1069 2792/1401/1158 2739/1497/1229 2844/1382/1090
f 2791/1388/1230 2735/1371/1231 2868/1379/1087
f 2843/1457/1168 2800/1423/1167 2839/1387/1094 2845/1386/1093
f 2844/1382/1090 2748/1459/1171 2840/1383/1091
f 2867/1384/1069 2840/1383/1091 2794/1448/1070
f 2802/1356/1232 2843/1457/1168 2845/1386/1093 2841/1498/1233
f 2845/1386/1093 2749/1451/1160 2841/1498/1233
f 2762/1499/1234 2854/1389/1096 2791/1388/1095 2740/1500/1235
f 2840/1383/1236 2851/1418/1126 2795/1446/1153 2794/1448/1154
f 2752/1428/1135 2761/1425/1237 2736/1424/1238
f 2748/1459/1239 2772/1416/1124 2851/1418/1126 2840/1383/1236
f 2888/1399/1107 2775/1501/1240 2751/1495/1241 2821/1397/1105
f 2819/1433/1140 2771/1391/1098 2878/1393/1100
f 2792/1401/1109 2865/1400/1108 2763/1502/1242 2739/1497/1243
f 2747/1503/1244 2766/1504/1245 2847/1404/1112 2738/1403/1111
f 2742/1505/1246 2764/1506/1247 2849/1407/1115 2733/1406/1114
f 2769/1410/1118 2883/1409/1117 2780/1363/1206 2794/1362/1154
f 2848/1412/1120 2847/1404/1112 2766/1504/1245 2767/1420/1219
f 2847/1404/1112 2848/1412/1120 2757/1405/1113
f 2754/1490/1213 2755/1408/1116 2849/1407/1115 2850/1415/1123
f 2764/1506/1247 2765/1414/1122 2849/1407/1115
f 2796/1452/1161 2795/1446/1153 2851/1418/1126 2864/1417/1125
f 2861/1441/1148 2785/1463/1175 2765/1414/1248 2764/1506/1249
f 2772/1416/1124 2773/1456/1166 2864/1417/1125
f 2778/1434/1141 2852/1419/1127 2777/1421/1129
f 2767/1420/1128 2766/1504/1250 2777/1421/1129
f 2798/1390/1097 2797/1402/1110 2758/1507/1251 2866/1449/1156
f 2785/1463/1175 2861/1441/1148 2789/1464/1176
f 2803/1427/1134 2770/1357/1065 2804/1494/1221
f 2806/1453/1163 2805/1454/1164 2857/1508/1252 2872/1509/1253
f 2758/1507/1251 2759/1372/1157 2866/1449/1156
f 2760/1375/1083 2761/1425/1237 2752/1428/1135
f 2759/1372/1080 2758/1510/1251 2782/1429/1136
f 2872/1509/1253 2857/1508/1252 2763/1502/1242 2762/1499/1234
f 2732/1374/1082 2753/1373/1081 2887/1432/1139 2820/1431/1138
f 2782/1429/1136 2758/1510/1251 2731/1511/1254
f 2819/1433/1140 2818/1360/1068 2771/1391/1098
f 2750/1369/1255 2852/1419/1127 2878/1393/1100 2810/1512/1256
f 2778/1434/1141 2878/1393/1100 2852/1419/1127
f 2885/1435/1142 2807/1475/1257 2774/1513/1258 2855/1514/1259
f 2779/1515/1260 2775/1501/1240 2888/1399/1107 2885/1435/1142
f 2855/1514/1259 2779/1515/1260 2885/1435/1142
f 2807/1475/1257 2885/1435/1142 2815/1516/1261
f 2766/1504/1250 2747/1503/1262 2776/1436/1143 2777/1421/1129
f 2812/1398/1106 2815/1516/1261 2885/1435/1142
f 2777/1421/1129 2874/1359/1067 2818/1360/1068
f 2751/1495/1241 2775/1501/1240 2756/1413/1263 2734/1491/1264
f 2747/1503/1265 2738/1403/1266 2846/1517/1267 2776/1436/1268
f 2738/1403/1266 2774/1513/1269 2846/1517/1267
f 2774/1513/1258 2738/1403/1270 2757/1405/1271 2855/1514/1259
f 2750/1369/1255 2743/1368/1272 2767/1420/1128 2852/1419/1127
f 2867/1361/1069 2880/1481/1199 2824/1483/1201 2731/1511/1159
f 2757/1405/1271 2756/1413/1263 2775/1501/1240 2855/1514/1259
f 2880/1481/1199 2867/1361/1069 2780/1363/1071
f 2892/1439/1146 2790/1518/1273 2783/1496/1274 2832/1437/1144
f 2775/1501/1240 2779/1515/1260 2855/1514/1259
f 2878/1393/1100 2741/1392/1099 2810/1512/1256
f 2769/1410/1118 2768/1394/1101 2835/1396/1103 2827/1411/1119
f 2827/1411/1119 2789/1464/1176 2861/1441/1148 2883/1409/1117
f 2786/1519/1275 2790/1518/1273 2892/1439/1146 2889/1442/1149
f 2889/1442/1149 2823/1484/1276 2787/1520/1277 2856/1521/1278
f 2829/1438/1145 2837/1522/1279 2889/1442/1149
f 2742/1505/1280 2733/1406/1281 2862/1523/1282 2788/1440/1283
f 2856/1521/1278 2786/1519/1275 2889/1442/1149
f 2823/1484/1276 2889/1442/1149 2837/1522/1279
f 2733/1406/1281 2787/1520/1284 2862/1523/1282
f 2783/1496/1274 2790/1518/1273 2754/1490/1285 2737/1377/1286
f 2784/1378/1287 2746/1377/1288 2765/1414/1248 2785/1463/1175
f 2764/1506/1249 2742/1505/1289 2788/1440/1147 2861/1441/1148
f 2755/1408/1290 2754/1490/1285 2790/1518/1273 2856/1521/1278
f 2787/1520/1277 2733/1406/1291 2755/1408/1290 2856/1521/1278
f 2790/1518/1273 2786/1519/1275 2856/1521/1278
f 2735/1371/1079 2781/1370/1078 2891/1445/1152 2831/1444/1151
f 2868/1379/1087 2735/1371/1231 2831/1444/1198 2879/1479/1195
f 2744/1380/1088 2868/1379/1087 2879/1479/1195 2834/1465/1292
f 2762/1499/1234 2763/1502/1242 2865/1400/1108 2854/1389/1096
f 2854/1389/1096 2865/1400/1108 2797/1402/1110 2798/1390/1097
f 2731/1450/1254 2758/1507/1251 2797/1402/1110 2792/1401/1109
f 2795/1446/1153 2796/1452/1161 2768/1394/1101
f 2798/1390/1097 2866/1449/1156 2735/1371/1155 2791/1388/1095
f 2868/1379/1087 2845/1386/1093 2740/1385/1092 2791/1388/1230
f 2761/1425/1133 2760/1493/1218 2805/1454/1164 2858/1422/1130
f 2845/1386/1093 2868/1379/1087 2793/1381/1089
f 2768/1394/1101 2796/1452/1161 2744/1380/1104
f 2853/1455/1165 2871/1524/1293 2803/1427/1134 2804/1494/1221
f 2871/1524/1293 2853/1455/1165 2772/1416/1124
f 2842/1364/1072 2844/1382/1090 2869/1525/1294 2799/1492/1225
f 2843/1457/1168 2802/1356/1232 2745/1358/1295
f 2739/1497/1229 2869/1525/1294 2844/1382/1090
f 2801/1366/1074 2870/1458/1170 2844/1382/1090 2842/1364/1072
f 2871/1524/1293 2772/1416/1124 2748/1459/1239 2870/1458/1296
f 2803/1427/1134 2871/1524/1293 2870/1458/1296 2801/1366/1222
f 2853/1455/1165 2841/1498/1297 2749/1451/1220 2773/1456/1166
f 2804/1494/1221 2802/1356/1064 2841/1498/1297 2853/1455/1165
f 2799/1492/1217 2869/1525/1298 2857/1508/1252 2805/1454/1164
f 2869/1525/1298 2739/1497/1243 2763/1502/1242 2857/1508/1252
f 2762/1499/1234 2740/1500/1235 2839/1387/1299 2872/1509/1253
f 2872/1509/1253 2839/1387/1299 2800/1423/1131 2806/1453/1163
f 2859/1367/1075 2873/1468/1180 2821/1397/1182 2751/1495/1223
f 2810/1512/1300 2873/1468/1180 2859/1367/1075 2750/1369/1077
f 2736/1424/1238 2808/1474/1301 2886/1460/1172 2752/1428/1135
f 2778/1434/1141 2777/1421/1129 2819/1433/1140
f 2816/1461/1173 2886/1460/1172 2808/1474/1301
f 2846/1517/1267 2774/1513/1269 2807/1475/1190 2876/1472/1187
f 2842/1526/1072 2732/1374/1226 2820/1431/1183 2873/1468/1180
f 2846/1517/1267 2876/1472/1187 2776/1436/1268
f 2741/1392/1073 2842/1526/1072 2873/1468/1180 2810/1512/1300
f 2886/1460/1172 2887/1432/1139 2753/1373/1081 2752/1428/1135
f 2887/1432/1139 2886/1460/1172 2811/1430/1137
f 2784/1378/1287 2785/1463/1175 2882/1462/1174 2834/1465/1177
f 2731/1511/1254 2824/1483/1302 2890/1466/1178 2782/1429/1136
f 2836/1467/1179 2890/1466/1178 2824/1483/1302
f 2863/1376/1084 2879/1479/1195 2832/1437/1197 2783/1496/1227
f 2834/1465/1292 2879/1479/1195 2863/1376/1084 2784/1378/1086
f 2862/1523/1282 2787/1520/1284 2823/1484/1202 2880/1481/1199
f 2835/1396/1103 2860/1395/1102 2882/1462/1174
f 2860/1395/1102 2744/1380/1104 2834/1465/1177
f 2891/1445/1152 2890/1466/1178 2828/1443/1150
f 2781/1370/1078 2782/1429/1136 2890/1466/1178
f 2821/1397/1105 2822/1469/1186 2875/1478/1194 2812/1398/1106
f 2862/1523/1282 2880/1481/1199 2788/1440/1283
f 2820/1431/1138 2811/1430/1137 2813/1471/1185
f 2813/1471/1185 2875/1478/1194 2822/1469/1186
f 2817/1476/1191 2816/1461/1173 2808/1474/1301 2809/1473/1192
f 2745/1358/1295 2814/1470/1303 2876/1472/1187
f 2876/1472/1187 2814/1470/1303 2776/1436/1268
f 2807/1475/1257 2815/1516/1261 2877/1477/1193 2809/1473/1192
f 2813/1471/1185 2811/1430/1137 2816/1461/1173 2817/1476/1191
f 2812/1398/1106 2875/1478/1194 2877/1477/1193 2815/1516/1261
f 2817/1476/1191 2877/1477/1193 2875/1478/1194
f 2832/1437/1144 2833/1480/1204 2881/1489/1209 2829/1438/1145
f 2780/1363/1071 2826/1486/1304 2880/1481/1199
f 2880/1481/1199 2826/1486/1304 2788/1440/1283
f 2831/1444/1151 2828/1443/1150 2830/1485/1203
f 2830/1485/1203 2881/1489/1209 2833/1480/1204
f 2838/1487/1207 2830/1485/1203 2828/1443/1150 2836/1467/1179
f 2837/1522/1279 2829/1438/1145 2881/1489/1209 2884/1488/1208
f 2830/1485/1203 2838/1487/1207 2881/1489/1209
f 2838/1487/1207 2836/1467/1179 2824/1483/1302 2825/1482/1210
f 2823/1484/1276 2837/1522/1279 2884/1488/1208 2825/1482/1210
f 2843/1457/1168 2876/1472/1187 2808/1474/1189 2736/1424/1169
f 2876/1472/1187 2843/1457/1168 2745/1358/1295
o Cube.005
v -4.578991 1.690645 0.523796
v -4.286031 1.690645 0.523872
v -4.579928 1.689914 -0.493816
v -4.284880 1.689914 -0.493816
v -4.578991 0.503609 0.524153
v -4.286030 0.503609 0.524229
v -4.579927 0.504430 -0.493959
v -4.284880 0.504430 -0.493959
v -4.432621 1.690645 0.560221
v -4.432622 1.689914 -0.458197
v -4.432621 0.504430 -0.458339
v -4.432621 0.503609 0.560221
v -4.314144 1.690645 0.534976
v -4.314144 1.689914 -0.483441
v -4.314144 0.504430 -0.483584
v -4.314143 0.503609 0.534976
v -4.551536 1.689914 -0.483750
v -4.551536 0.504430 -0.483893
v -4.551535 0.503609 0.534667
v -4.551535 1.690645 0.534667
v -4.284879 0.503609 0.352370
v -4.579927 0.503609 0.352370
v -4.284880 0.503609 -0.319308
v -4.579927 0.503670 -0.469573
v -4.579927 0.531968 -0.494733
v -4.284879 0.531920 -0.494729
v -4.432660 0.531908 -0.459111
v -4.314439 0.531987 -0.484257
v -4.551822 0.531851 -0.484760
v -4.579928 1.490721 -0.494800
v -4.432604 1.661582 -0.459133
v -4.314021 1.661583 -0.484418
v -4.551394 1.661532 -0.484638
v -4.284880 1.690645 -0.319015
v -4.579928 1.690595 -0.469014
v -4.284880 1.690645 0.351064
v -4.579809 1.690645 0.500207
v -4.291315 1.690645 0.526738
v -4.579928 1.663916 -0.494677
v -4.285025 0.503609 0.501241
v -4.574120 0.503609 0.526561
v -4.500504 1.690645 0.550684
v -4.364958 1.689914 -0.467521
v -4.364957 0.504430 -0.467664
v -4.364957 0.503609 0.550896
v -4.432453 1.690552 -0.432344
v -4.364958 1.690645 0.550896
v -4.291314 0.503609 0.526784
v -4.284880 1.690553 -0.470574
v -4.500504 1.689914 -0.467734
v -4.500504 0.504430 -0.467876
v -4.500504 0.503609 0.550684
v -4.574120 1.690645 0.526516
v -4.579808 0.503609 0.501231
v -4.454341 0.503712 -0.435890
v -4.284880 0.503711 -0.470937
v -4.365027 0.531981 -0.468419
v -4.500572 0.531870 -0.468663
v -4.284880 1.663916 -0.494677
v -4.500470 1.661533 -0.468662
v -4.364929 1.661580 -0.468463
v -4.579927 1.690645 0.351064
v -4.285026 1.690645 0.500217
v -4.364957 0.503711 -0.444948
v -4.284880 1.490736 -0.494800
vn -0.0000 -1.0000 -0.0000
vn 0.0003 0.9999 -0.0119
vn 0.0008 0.7766 -0.6300
vn 0.1434 0.7610 -0.6328
vn -0.0001 1.0000 -0.0003
vn 0.0055 0.9998 -0.0174
vn 0.2095 0.7476 -0.6303
vn 0.2505 0.6619 -0.7065
vn -0.0001 -1.0000 -0.0004
vn -0.0005 -0.7724 -0.6352
vn 0.0016 -0.9999 -0.0146
vn 0.1443 -0.7587 -0.6352
vn 0.0063 -0.9998 -0.0194
vn 0.2106 -0.7451 -0.6329
vn 0.2514 -0.6589 -0.7090
vn 0.3331 0.0167 -0.9428
vn 0.3163 0.0154 -0.9485
vn 0.3349 -0.0000 -0.9422
vn -0.0000 1.0000 -0.0000
vn -0.0056 0.9998 -0.0176
vn -0.2505 0.6618 -0.7066
vn -0.2093 0.7474 -0.6305
vn 0.2203 -0.0137 -0.9753
vn 0.0014 -0.0141 -0.9999
vn 0.3172 -0.0133 -0.9483
vn -0.2107 -0.7461 -0.6316
vn -0.1420 -0.7598 -0.6344
vn -0.2185 -0.0137 -0.9757
vn -0.3167 -0.0133 -0.9484
vn -0.1424 0.7610 -0.6329
vn -0.2513 -0.6589 -0.7090
vn -0.3344 -0.0132 -0.9423
vn 0.3346 -0.0131 -0.9423
vn -0.0065 -0.9998 -0.0192
vn -0.0032 -0.9999 -0.0158
vn -0.2187 0.0161 -0.9757
vn -0.3162 0.0154 -0.9486
vn 0.0013 0.0165 -0.9999
vn 0.2201 0.0161 -0.9753
vn -0.3347 -0.0000 -0.9423
vn -0.3332 0.0167 -0.9427
vt 0.750466 0.285768
vt 0.750855 0.285768
vt 0.751244 0.294686
vt 0.751244 0.285768
vt 0.751244 0.290227
vt 0.414034 0.473660
vt 0.417874 0.473557
vt 0.417874 0.559839
vt 0.751244 0.383983
vt 0.751244 0.473280
vt 0.416599 0.286933
vt 0.417428 0.660651
vt 0.417874 0.624703
vt 0.417932 0.660792
vt 0.751244 0.653537
vt 0.751244 0.657164
vt 0.750855 0.660792
vt 0.585681 0.286903
vt 0.750466 0.660792
vt 0.584610 0.473557
vt 0.588425 0.500677
vt 0.584610 0.559839
vt 0.585020 0.660653
vt 0.584610 0.624703
vt 0.584588 0.660792
vt 0.418240 0.660792
vt 0.421999 0.624703
vt 0.418547 0.660792
vt 0.251276 0.285768
vt 0.251842 0.285768
vt 0.251276 0.290227
vt 0.252409 0.285768
vt 0.251276 0.294686
vt 0.251276 0.383983
vt 0.251276 0.473280
vt 0.251276 0.657164
vt 0.251276 0.653537
vt 0.251842 0.660792
vt 0.417438 0.285890
vt 0.417932 0.285768
vt 0.417874 0.322965
vt 0.751244 0.563409
vt 0.580638 0.559839
vt 0.580632 0.473557
vt 0.580640 0.624703
vt 0.584610 0.322965
vt 0.584610 0.387553
vt 0.580622 0.387553
vt 0.580621 0.322965
vt 0.417874 0.387553
vt 0.584588 0.285768
vt 0.584239 0.285768
vt 0.584239 0.660792
vt 0.751244 0.660792
vt 0.585012 0.285890
vt 0.588425 0.387553
vt 0.421992 0.387553
vt 0.421992 0.322965
vt 0.421992 0.473557
vt 0.421999 0.559839
vt 0.418548 0.285768
vt 0.418240 0.285768
vt 0.252409 0.660792
vt 0.251276 0.563408
vt 0.251276 0.660792
s 1
usemtl pages.003
f 2913/1527/1305 2932/1528/1305 2908/1529/1305
f 2932/1528/1305 2898/1530/1305 2940/1531/1305
f 2938/1532/1306 2902/1533/1307 2942/1534/1308
f 2913/1527/1305 2937/1535/1305 2904/1536/1305
f 2913/1527/1305 2908/1529/1305 2937/1535/1305
f 2926/1537/1309 2938/1532/1306 2927/1538/1310
f 2927/1538/1310 2909/1539/1311 2895/1540/1312
f 2911/1541/1305 2933/1542/1305 2946/1543/1305
f 2915/1544/1313 2913/1527/1305 2914/1545/1305
f 2903/1546/1314 2947/1547/1315 2943/1548/1316
f 2947/1547/1315 2915/1544/1313 2916/1549/1317
f 2910/1550/1318 2916/1549/1317 2899/1551/1319
f 2931/1552/1320 2925/1553/1321 2922/1554/1322
f 2894/1555/1323 2955/1556/1323 2930/1557/1323
f 2955/1556/1323 2928/1558/1323 2905/1559/1323
f 2905/1559/1323 2928/1558/1323 2939/1560/1323
f 2939/1560/1323 2928/1558/1323 2901/1561/1323
f 2945/1562/1323 2912/1563/1323 2929/1564/1323
f 2941/1565/1324 2896/1566/1325 2906/1567/1326
f 2944/1568/1305 2914/1545/1305 2913/1527/1305 2904/1536/1305
f 2908/1529/1305 2932/1528/1305 2940/1531/1305
f 2914/1545/1305 2944/1568/1305 2911/1541/1305
f 2943/1548/1316 2950/1569/1327 2919/1570/1328 2903/1546/1314
f 2910/1550/1318 2921/1571/1329 2950/1569/1327 2943/1548/1316
f 2942/1534/1308 2909/1539/1311 2927/1538/1310 2938/1532/1306
f 2907/1572/1330 2936/1573/1331 2949/1574/1332 2920/1575/1333
f 2936/1573/1331 2903/1546/1314 2919/1570/1328 2949/1574/1332
f 2935/1576/1334 2938/1532/1306 2941/1565/1324 2906/1567/1326
f 2900/1577/1335 2907/1572/1330 2920/1575/1333 2918/1578/1336
f 2926/1537/1309 2941/1565/1324 2938/1532/1306
f 2899/1551/1319 2917/1579/1337 2921/1571/1329 2910/1550/1318
f 2938/1532/1306 2935/1576/1334 2902/1533/1307
f 2916/1549/1317 2910/1550/1318 2943/1548/1316 2947/1547/1315
f 2914/1545/1305 2911/1541/1305 2946/1543/1305
f 2946/1543/1305 2933/1542/1305 2897/1580/1305
f 2916/1549/1317 2915/1544/1313 2914/1545/1305
f 2907/1572/1330 2900/1577/1335 2948/1581/1338
f 2956/1582/1339 2947/1547/1315 2903/1546/1314 2936/1573/1331
f 2948/1581/1338 2956/1582/1339 2936/1573/1331 2907/1572/1330
f 2917/1579/1337 2922/1554/1322 2925/1553/1321 2921/1571/1329
f 2956/1582/1339 2948/1581/1338 2915/1544/1313
f 2947/1547/1315 2956/1582/1339 2915/1544/1313
f 2949/1574/1332 2953/1583/1340 2924/1584/1341 2920/1575/1333
f 2919/1570/1328 2923/1585/1342 2953/1583/1340 2949/1574/1332
f 2950/1569/1327 2952/1586/1343 2923/1585/1342 2919/1570/1328
f 2921/1571/1329 2925/1553/1321 2952/1586/1343 2950/1569/1327
f 2920/1575/1333 2924/1584/1341 2957/1587/1344 2918/1578/1336
f 2924/1584/1341 2906/1567/1326 2896/1566/1325 2951/1588/1345
f 2952/1586/1343 2925/1553/1321 2909/1539/1311 2942/1534/1308
f 2951/1588/1345 2957/1587/1344 2924/1584/1341
f 2923/1585/1342 2952/1586/1343 2942/1534/1308 2902/1533/1307
f 2923/1585/1342 2902/1533/1307 2935/1576/1334 2953/1583/1340
f 2953/1583/1340 2935/1576/1334 2906/1567/1326 2924/1584/1341
f 2925/1553/1321 2931/1552/1320 2895/1540/1312 2909/1539/1311
f 2928/1558/1323 2954/1589/1323 2934/1590/1323 2901/1561/1323
f 2954/1589/1323 2926/1537/1309 2927/1538/1310
f 2928/1558/1323 2926/1537/1309 2954/1589/1323
f 2930/1557/1323 2955/1556/1323 2905/1559/1323
f 2912/1563/1323 2934/1590/1323 2954/1589/1323
f 2893/1591/1323 2945/1562/1323 2929/1564/1323
f 2929/1564/1323 2912/1563/1323 2954/1589/1323
o Cube.006
v -4.606704 1.709908 0.542922
v -4.257996 1.709908 0.541800
v -4.608793 1.709608 -0.522930
v -4.254892 1.709352 -0.522468
v -4.606701 0.484346 0.542924
v -4.257993 0.484346 0.541796
v -4.609917 0.484902 -0.522702
v -4.256031 0.484645 -0.522724
v -4.432381 1.709912 0.589048
v -4.432380 0.484341 0.589048
v -4.279851 1.709904 0.526392
v -4.589926 1.709351 -0.522729
v -4.273725 1.709553 -0.522822
v -4.584855 0.484353 0.527432
v -4.279393 0.484396 0.525601
v -4.591054 0.484702 -0.523016
v -4.274881 0.484902 -0.522498
v -4.432384 1.709912 0.565981
v -4.432384 0.484341 0.565981
v -4.277933 1.709844 -0.499338
v -4.251974 1.709848 -0.499369
v -4.252474 0.514474 0.541308
v -4.252626 1.680915 0.540779
v -4.612789 0.510955 -0.523263
v -4.613044 1.681261 -0.523287
v -4.252019 1.683259 -0.523098
v -4.251764 0.512998 -0.523126
v -4.610466 1.680565 0.547201
v -4.611077 0.514445 0.546629
v -4.253706 1.679821 0.546306
v -4.253993 0.513293 0.546313
v -4.432475 0.514451 0.594536
v -4.432128 1.680910 0.594341
v -4.587031 1.682553 -0.523305
v -4.586801 0.513042 -0.523301
v -4.277775 0.511701 -0.523145
v -4.278008 1.681192 -0.523141
v -4.579156 0.514357 0.523838
v -4.579248 1.680989 0.524084
v -4.285912 0.513698 0.524447
v -4.285323 1.679691 0.523255
v -4.432266 1.679520 0.560494
v -4.432697 0.513300 0.560692
v -4.251908 0.484436 -0.498783
v -4.246102 1.679692 -0.498125
v -4.277987 0.484491 -0.499094
v -4.283996 0.514743 -0.498662
v -4.284879 1.496652 -0.356114
v -4.246063 0.691323 -0.352442
v -4.585552 1.709862 0.522494
v -4.612311 0.513878 0.541460
v -4.612193 1.680230 0.542756
v -4.612836 0.484406 -0.499803
v -4.586874 0.484410 -0.499760
v -4.580806 0.514761 -0.499059
v -4.618748 1.502919 -0.352773
v -4.612903 1.709817 -0.499219
v -4.586820 1.709763 -0.499516
v -4.579924 1.501395 -0.353623
v -4.618709 0.514565 -0.498558
v -4.518289 0.484326 0.576003
v -4.518283 1.709923 0.576006
v -4.510524 0.484346 0.554452
v -4.583355 1.709898 0.528872
v -4.571507 1.680037 0.528141
v -4.571783 0.513821 0.528121
v -4.575072 1.681150 0.561552
v -4.577725 0.514308 0.560791
v -4.268541 1.709911 0.548307
v -4.268548 0.484337 0.548308
v -4.287330 1.709909 0.531432
v -4.287581 0.484342 0.531590
v -4.292743 1.680114 0.527937
v -4.314042 0.514223 0.535224
v -4.261652 1.680326 0.551106
v -4.288106 0.514417 0.561164
v -4.258177 0.484300 0.302593
v -4.258842 0.484337 0.504005
v -4.265210 0.484305 0.486873
v -4.280303 1.709940 0.493131
v -4.254630 1.680060 0.502660
v -4.253300 1.680048 0.310866
v -4.261913 1.681093 0.486021
v -4.280837 0.484322 0.486899
v -4.253526 0.513097 0.309229
v -4.254718 0.513783 0.502729
v -4.261795 0.513276 0.486273
v -4.284905 0.690611 0.518961
v -4.284902 1.495214 0.518773
v -4.258831 1.709877 0.503718
v -4.257811 1.709923 0.293789
v -4.265379 1.709966 0.486059
v -4.606623 1.709953 0.303861
v -4.605953 1.709917 0.505773
v -4.599587 1.709948 0.488622
v -4.583968 1.709932 0.488649
v -4.579909 1.505830 0.519898
v -4.610156 0.514259 0.504342
v -4.611511 0.514141 0.310954
v -4.602925 0.513289 0.487866
v -4.605965 0.484377 0.505479
v -4.606989 0.484331 0.295025
v -4.599418 0.484287 0.487807
v -4.584501 0.484314 0.494867
v -4.579897 0.700224 0.519924
v -4.610101 1.680644 0.504741
v -4.611235 1.680969 0.314167
v -4.602983 1.681028 0.487969
v -4.352060 0.484341 0.577060
v -4.502674 1.709912 0.556048
v -4.362073 0.484341 0.556029
v -4.269148 1.710758 0.535899
v -4.269157 0.483497 0.535967
v -4.407646 1.710708 0.577792
v -4.408902 0.483546 0.577898
v -4.264954 0.483565 -0.496667
v -4.264757 0.514073 -0.524139
v -4.264925 1.678147 -0.524185
v -4.599975 1.678959 -0.524229
v -4.599819 0.514714 -0.524191
v -4.500027 1.680921 0.551302
v -4.283617 1.681250 -0.499558
v -4.364635 0.514276 0.551070
v -4.515203 0.514406 0.582051
v -4.246125 0.513667 -0.499387
v -4.618685 1.680586 -0.499808
v -4.349294 1.680791 0.581773
v -4.260468 0.513157 0.550199
v -4.264950 1.710688 -0.497274
v -4.580593 0.512292 0.520174
v -4.581191 1.681250 -0.499967
v -4.599853 1.710689 -0.497101
v -4.599859 0.483566 -0.497710
v -4.500488 0.514327 0.551006
v -4.514478 1.681085 0.582025
v -4.605050 0.514360 0.550108
v -4.594475 1.710781 0.539765
v -4.594476 0.483470 0.539657
v -4.352061 1.709912 0.577060
v -4.362073 1.709912 0.556029
v -4.363773 1.680807 0.551074
v -4.349830 0.514480 0.582100
v -4.271895 1.710724 0.490391
v -4.284233 0.511838 0.518367
v -4.258911 1.680552 0.460049
v -4.271807 0.483523 0.490849
v -4.258918 0.513346 0.458222
v -4.284274 1.683687 0.494661
v -4.592905 0.483529 0.492132
v -4.592993 1.710731 0.492597
v -4.605938 0.513785 0.461025
v -4.580464 0.510113 0.493110
v -4.580569 1.682423 0.519723
v -4.605744 1.681149 0.461755
v -4.249021 0.514117 -0.013881
v -4.252571 0.514409 0.518078
v -4.252817 1.680976 0.517202
v -4.248905 1.680500 -0.044190
v -4.615783 1.680138 -0.013395
v -4.612224 1.679844 0.519854
v -4.611978 0.513279 0.518974
v -4.615900 0.513754 -0.043800
vn -0.4468 -0.1750 -0.8774
vn -0.7440 -0.1090 -0.6592
vn -0.8842 -0.1865 -0.4282
vn -0.9895 -0.1039 -0.1009
vn -0.9963 -0.0007 -0.0863
vn -0.0231 0.9992 0.0329
vn 0.0375 0.9984 -0.0426
vn 0.0936 0.9956 -0.0036
vn 0.0191 0.9998 0.0099
vn -0.0634 0.9978 -0.0207
vn -0.0303 0.9961 -0.0827
vn -0.0054 0.9999 -0.0153
vn 0.0035 0.9994 -0.0357
vn -0.0682 0.9976 -0.0124
vn -0.9894 -0.0936 0.1111
vn -0.9817 -0.1904 0.0087
vn -0.9679 -0.0764 0.2396
vn 0.9905 0.0965 0.0979
vn 0.9821 0.1881 0.0069
vn 0.9762 0.0706 0.2050
vn 0.0053 -0.9999 -0.0155
vn -0.0032 -0.9993 -0.0360
vn 0.0682 -0.9976 -0.0125
vn -0.0240 -0.9992 0.0327
vn 0.0617 -0.9978 -0.0232
vn 0.0623 -0.9522 -0.2990
vn 0.0042 0.9996 0.0267
vn 0.0636 0.9488 -0.3095
vn -0.0054 -0.9987 0.0497
vn 0.0041 -0.9997 0.0260
vn 0.0172 -0.9982 0.0576
vn -0.2452 -0.1760 0.9534
vn -0.2319 -0.0844 0.9691
vn -0.3455 -0.1015 0.9329
vn -0.8666 0.1000 -0.4889
vn -0.8603 0.1999 -0.4690
vn -0.9959 0.0899 -0.0078
vn 0.7652 -0.0913 -0.6373
vn 0.9851 -0.1080 -0.1336
vn 0.9963 -0.0008 -0.0861
vn 0.8123 -0.1759 -0.5561
vn 0.9861 0.1649 0.0212
vn 0.9960 0.0849 0.0269
vn 0.9947 0.1029 0.0084
vn -0.2305 0.0846 0.9694
vn -0.2464 0.1748 0.9533
vn -0.3473 0.0999 0.9324
vn -0.0096 -0.0397 -0.9992
vn 0.0042 -0.0164 -0.9999
vn 0.0766 -0.0130 -0.9970
vn 0.0087 0.0353 -0.9993
vn -0.0035 0.0135 -0.9999
vn -0.0696 0.0123 -0.9975
vn 0.9858 0.0988 -0.1358
vn 0.7740 0.1054 -0.6243
vn 0.9963 0.0014 -0.0861
vn -0.0001 0.0133 -0.9999
vn 0.0559 0.0264 -0.9981
vn 0.0669 -0.0105 -0.9977
vn 0.0010 -0.0129 -0.9999
vn -0.0008 0.0881 -0.9961
vn 0.2175 -0.0929 -0.9716
vn 0.2222 0.0867 -0.9711
vn -0.9900 0.0874 -0.1105
vn -0.9722 0.0863 -0.2177
vn -0.9905 -0.0843 -0.1088
vn 0.4468 -0.0938 0.8897
vn 0.4151 -0.1862 0.8905
vn 0.5119 -0.1997 0.8355
vn 0.5166 -0.0983 0.8506
vn -0.4209 0.0925 -0.9024
vn 0.9878 -0.0839 0.1315
vn -0.9803 0.0896 0.1760
vn 0.9621 0.0687 -0.2638
vn 0.9669 0.1518 -0.2051
vn 0.9941 0.0882 -0.0624
vn -0.9989 0.0006 -0.0471
vn -1.0000 0.0020 -0.0034
vn 0.9944 -0.1051 0.0088
vn -0.9805 -0.1734 -0.0920
vn -0.9860 -0.1652 0.0213
vn -0.9960 -0.0849 0.0268
vn -0.9947 -0.1029 0.0084
vn 0.9805 0.1736 -0.0919
vn 0.9903 0.0865 -0.1088
vn -0.9944 0.1051 0.0088
vn -0.9621 -0.0687 -0.2638
vn -0.9668 -0.1526 -0.2048
vn -0.9939 -0.0899 -0.0645
vn 0.3836 0.0879 -0.9193
vn 0.7079 0.2009 -0.6771
vn -0.3645 -0.2069 0.9079
vn -0.4277 -0.0984 0.8986
vn -0.4989 -0.0865 0.8623
vn -0.0088 0.9989 0.0453
vn -0.0600 0.9976 0.0344
vn 0.0100 -0.9962 -0.0860
vn 0.3999 -0.0866 -0.9124
vn 0.2403 -0.1799 -0.9539
vn 0.3404 -0.0878 0.9362
vn 0.4293 0.0958 0.8981
vn -0.2215 -0.0867 -0.9713
vn 0.0018 -0.0889 -0.9960
vn 0.0262 -0.9979 0.0592
vn 0.0185 -0.9998 0.0094
vn 0.0567 -0.9979 0.0308
vn -0.0272 0.9957 -0.0891
vn 0.0099 0.9961 -0.0878
vn 0.9942 -0.0853 -0.0657
vn 0.9627 -0.0693 -0.2617
vn 0.9962 -0.0872 0.0049
vn 0.9901 -0.0848 -0.1119
vn 1.0000 0.0018 -0.0034
vn 0.9866 -0.1633 0.0063
vn -0.9944 0.0849 -0.0631
vn -0.9630 0.0698 -0.2603
vn 0.0062 1.0000 -0.0059
vn 0.1098 0.9939 -0.0088
vn 0.0640 0.9980 0.0004
vn 0.0764 0.9970 -0.0079
vn -0.9914 -0.1304 0.0071
vn 0.9875 0.0675 -0.1425
vn 0.9810 0.1355 -0.1386
vn 0.0021 -1.0000 -0.0053
vn 0.1114 -0.9937 -0.0107
vn 0.0752 -0.9971 -0.0079
vn 0.0650 -0.9979 0.0004
vn 0.9874 -0.0647 -0.1447
vn 0.9778 -0.1420 -0.1542
vn 0.9950 -0.0786 0.0620
vn 0.9945 0.0799 0.0676
vn -0.0052 -1.0000 -0.0061
vn -0.1099 -0.9939 -0.0088
vn -0.0640 -0.9980 0.0004
vn -0.0738 -0.9972 -0.0071
vn -0.0017 1.0000 -0.0051
vn -0.1115 0.9937 -0.0107
vn -0.0727 0.9973 -0.0071
vn -0.0650 0.9979 0.0004
vn -0.9872 -0.0677 -0.1441
vn -0.9811 -0.1353 -0.1384
vn 0.9910 0.1332 0.0095
vn 0.9745 0.1847 -0.1272
vn -0.9878 0.0640 -0.1421
vn -0.9949 0.0787 0.0636
vn -0.9946 -0.0801 0.0662
vn -0.9779 0.1422 -0.1532
vn -0.0118 -0.0340 -0.9994
vn -0.0347 -0.0381 -0.9987
vn -0.0500 -0.0224 -0.9985
vn 0.0135 0.0380 -0.9992
vn 0.0388 0.0425 -0.9983
vn 0.5153 0.1986 0.8337
vn 0.4129 0.1853 0.8917
vn 0.5182 0.0948 0.8500
vn -0.0758 0.0126 -0.9970
vn 0.0011 -0.1738 -0.9848
vn -0.3257 -0.0887 -0.9413
vn -0.4300 0.1816 -0.8844
vn 0.0458 0.9987 -0.0216
vn 0.0305 0.9987 -0.0408
vn 0.0262 0.9979 0.0596
vn 0.0572 0.9979 0.0307
vn -0.0458 -0.9987 -0.0218
vn -0.0303 -0.9987 -0.0412
vn -0.0055 0.9988 0.0493
vn -0.0089 -0.9989 0.0455
vn -0.0608 -0.9976 0.0340
vn -0.0302 -0.9960 -0.0840
vn -0.0274 -0.9955 -0.0902
vn -0.0002 -0.0893 0.9960
vn -0.0004 -0.1791 0.9838
vn 0.2263 0.1693 -0.9592
vn 0.9586 -0.0971 0.2679
vn 0.9822 -0.1878 0.0090
vn -0.0001 0.1762 -0.9843
vn 0.9915 0.0861 -0.0977
vn 0.9805 0.1776 -0.0836
vn 0.0006 0.0897 0.9960
vn -0.0006 0.1795 0.9837
vn -0.0353 -0.0439 -0.9984
vn -0.0544 -0.0242 -0.9982
vn 0.0313 0.0390 -0.9988
vn 0.0479 0.0228 -0.9986
vn 0.9711 -0.0892 -0.2212
vn 0.9740 0.0800 -0.2120
vn -0.9738 -0.0832 -0.2114
vn -0.7058 0.1027 0.7009
vn 0.2398 0.0875 0.9669
vn 0.2377 -0.0904 0.9671
vn -0.8046 0.2360 0.5449
vn -0.9796 0.1729 -0.1027
vn -0.9867 0.1622 0.0057
vn 0.9855 -0.1683 0.0234
vn 0.9769 -0.1919 -0.0944
vn 0.9898 -0.0959 -0.1054
vn 1.0000 -0.0012 0.0041
vn 0.9961 -0.0846 0.0261
vn -0.9716 -0.1523 -0.1809
vn 0.9768 0.0826 -0.1977
vn 0.9741 0.1496 -0.1695
vn -0.0344 -0.9987 -0.0385
vn -0.0061 -0.9994 -0.0331
vn -0.0004 -0.9999 -0.0139
vn -0.0513 -0.9985 -0.0210
vn 0.0639 -0.9979 -0.0102
vn 0.9654 -0.1719 -0.1960
vn 0.9729 -0.0885 -0.2138
vn -0.9643 0.1707 -0.2024
vn -0.9914 -0.0860 -0.0988
vn -0.9805 -0.1775 -0.0844
vn -1.0000 0.0012 0.0041
vn -0.9855 0.1679 0.0227
vn -0.9768 0.1917 -0.0953
vn -0.9897 0.0958 -0.1065
vn -0.9961 0.0847 0.0266
vn 0.0343 0.9987 -0.0388
vn 0.0058 0.9994 -0.0333
vn 0.0004 0.9999 -0.0141
vn 0.0512 0.9985 -0.0212
vn -0.0639 0.9979 -0.0102
vn -0.9764 -0.0828 -0.1996
vn -0.9739 -0.1494 -0.1711
vn 0.9793 -0.1735 -0.1040
vn 0.9649 -0.1683 -0.2016
vn 0.9710 0.1530 -0.1837
vn -0.9724 0.0883 -0.2158
vn -0.9652 0.1714 -0.1977
vn 0.0862 -0.9963 0.0010
vn -0.2225 0.0886 -0.9709
vn 0.0175 0.9982 0.0581
vn -0.0675 -0.9975 -0.0197
vn -0.2235 0.1737 -0.9591
vn -0.2224 -0.1724 -0.9596
vn 0.2334 0.1745 0.9566
vn 0.2314 -0.1807 0.9559
vn -0.0824 0.9966 0.0020
vn 0.9656 -0.1561 -0.2078
vn -0.9659 0.1564 -0.2065
vn -0.0889 -0.9960 0.0016
vn 0.0890 0.9960 0.0020
vt 0.622129 0.750000
vt 0.624506 0.751170
vt 0.625008 0.749503
vt 0.630054 0.748319
vt 0.664252 0.748531
vt 0.125005 0.749769
vt 0.125000 0.750000
vt 0.125000 0.748647
vt 0.624247 0.999997
vt 0.625000 1.000000
vt 0.622160 1.000000
vt 0.874949 0.505586
vt 0.874973 0.500039
vt 0.875000 0.501001
vt 0.369635 0.748856
vt 0.375318 0.749790
vt 0.374325 0.750020
vt 0.869725 0.748620
vt 0.874959 0.749722
vt 0.874305 0.750000
vt 0.374981 0.500903
vt 0.375000 0.500000
vt 0.374810 0.501695
vt 0.377892 0.749601
vt 0.375193 0.749805
vt 0.431602 0.750000
vt 0.518591 0.999972
vt 0.440197 1.000000
vt 0.377494 0.999997
vt 0.500016 0.750228
vt 0.517634 0.750029
vt 0.557471 0.750228
vt 0.438739 0.750228
vt 0.442578 0.756350
vt 0.399429 0.756330
vt 0.873772 0.749849
vt 0.875000 0.749736
vt 0.869192 0.741084
vt 0.374306 0.750000
vt 0.369976 0.748802
vt 0.335203 0.749378
vt 0.874772 0.692871
vt 0.868691 0.696914
vt 0.868783 0.618681
vt 0.442578 0.993902
vt 0.438744 0.999772
vt 0.399429 0.993916
vt 0.625330 0.500480
vt 0.630390 0.500075
vt 0.631063 0.500361
vt 0.125330 0.500428
vt 0.130620 0.500066
vt 0.131062 0.500322
vt 0.130037 0.748656
vt 0.125690 0.750000
vt 0.165561 0.747446
vt 0.869226 0.500074
vt 0.869345 0.500361
vt 0.374345 0.500000
vt 0.369516 0.500031
vt 0.500015 0.993611
vt 0.442186 0.756306
vt 0.442184 0.993897
vt 0.869947 0.505270
vt 0.874344 0.500000
vt 0.630364 0.505277
vt 0.619969 0.755219
vt 0.617162 0.750205
vt 0.625031 0.749749
vt 0.625000 0.750690
vt 0.625000 0.999307
vt 0.618297 0.994500
vt 0.630491 0.748639
vt 0.130419 0.748855
vt 0.868693 0.741265
vt 0.874772 0.741775
vt 0.868880 0.744069
vt 0.834566 0.748349
vt 0.832648 0.539727
vt 0.631286 0.619471
vt 0.625000 0.501056
vt 0.374773 0.692954
vt 0.368704 0.697221
vt 0.368787 0.617983
vt 0.125000 0.500946
vt 0.130053 0.505172
vt 0.131290 0.618782
vt 0.368680 0.741681
vt 0.374772 0.742190
vt 0.368880 0.744485
vt 0.381613 0.994512
vt 0.375000 0.999310
vt 0.375377 1.000000
vt 0.380076 0.755447
vt 0.375437 0.999982
vt 0.500000 0.750000
vt 0.382109 0.755359
vt 0.600636 0.756352
vt 0.618443 0.994488
vt 0.557862 0.756296
vt 0.500015 0.756097
vt 0.623689 0.749539
vt 0.559852 1.000000
vt 0.500000 1.000000
vt 0.631323 0.744051
vt 0.631195 0.741171
vt 0.369192 0.740451
vt 0.369535 0.505180
vt 0.167686 0.540475
vt 0.375000 0.739765
vt 0.131351 0.744485
vt 0.131188 0.741681
vt 0.874972 0.739204
vt 0.874772 0.738130
vt 0.625230 0.738197
vt 0.868844 0.738105
vt 0.625029 0.738860
vt 0.625000 0.738245
vt 0.625000 0.740917
vt 0.625005 0.732496
vt 0.631185 0.738096
vt 0.631106 0.732731
vt 0.868794 0.731936
vt 0.374971 0.739613
vt 0.374772 0.738542
vt 0.125029 0.739741
vt 0.125228 0.738714
vt 0.125228 0.742246
vt 0.125228 0.695246
vt 0.368821 0.738516
vt 0.125000 0.738364
vt 0.131215 0.738502
vt 0.131085 0.732335
vt 0.368777 0.732335
vt 0.369396 0.500272
vt 0.874658 0.500499
vt 0.617184 0.999788
vt 0.625000 0.999306
vt 0.602204 0.756285
vt 0.874752 0.505939
vt 0.375000 0.500890
vt 0.500016 0.999772
vt 0.559852 0.750000
vt 0.500016 0.756359
vt 0.500016 0.750229
vt 0.868431 0.506263
vt 0.500016 0.993866
vt 0.625000 0.500000
vt 0.625684 0.500000
vt 0.125000 0.500000
vt 0.125684 0.500000
vt 0.375362 0.998988
vt 0.557471 0.993842
vt 0.557471 0.756365
vt 0.125690 0.750000
vt 0.125040 0.749777
vt 0.875000 0.739359
vt 0.625248 0.506077
vt 0.631074 0.506170
vt 0.667373 0.540553
vt 0.631060 0.700093
vt 0.625051 0.505719
vt 0.368461 0.505334
vt 0.167375 0.540475
vt 0.125248 0.505975
vt 0.131074 0.506069
vt 0.131121 0.697221
vt 0.125051 0.505615
vt 0.557864 0.993873
vt 0.557471 0.999772
vt 0.874995 0.749708
s 1
usemtl cover.003
f 3029/1592/1346 2997/1593/1347 2972/1594/1348
f 2972/1594/1348 2997/1593/1347 3101/1595/1349
f 3101/1595/1349 2997/1593/1347 3045/1596/1350
f 3094/1597/1351 3021/1598/1352 3007/1599/1353
f 3069/1600/1354 2968/1601/1355 3028/1602/1356
f 3086/1603/1357 2970/1604/1358 2977/1605/1359
f 3008/1606/1360 2962/1607/1361 2986/1608/1362
f 2980/1609/1363 2959/1610/1364 2987/1611/1365
f 3090/1612/1366 2973/1613/1367 3011/1614/1368
f 3095/1615/1369 2971/1616/1370 3020/1617/1371
f 3071/1618/1372 3067/1619/1373 3094/1620/1351
f 2967/1621/1374 3072/1622/1375 3066/1623/1376
f 3018/1624/1377 3081/1625/1378 3025/1626/1379
f 2998/1627/1380 2968/1628/1381 3105/1629/1382
f 2995/1630/1383 3087/1631/1384 3062/1632/1385
f 2995/1630/1383 2971/1616/1386 3087/1631/1384
f 3048/1633/1387 3039/1634/1388 3115/1635/1389
f 3092/1636/1390 3019/1637/1391 3024/1638/1392
f 2965/1639/1393 3074/1640/1394 2984/1641/1395
f 2960/1642/1396 3076/1643/1397 2982/1644/1398
f 3110/1645/1399 2996/1646/1400 3054/1647/1401
f 3075/1648/1402 2983/1649/1403 2984/1641/1395
f 2992/1650/1404 3077/1651/1405 3076/1643/1397
f 2999/1652/1406 3091/1653/1407 3078/1654/1408
f 3079/1655/1409 2994/1656/1410 3004/1657/1411
f 3085/1658/1412 3027/1659/1413 2963/1660/1414 2988/1661/1415
f 2998/1662/1380 2997/1593/1347 3030/1663/1416
f 2987/1611/1365 2979/1664/1417 2980/1609/1363
f 2986/1608/1362 3009/1665/1418 3008/1606/1360
f 3045/1596/1350 2997/1593/1347 2998/1627/1380
f 3038/1666/1419 3047/1667/1420 3114/1668/1421
f 3046/1669/1422 3105/1629/1382 3005/1670/1423
f 3039/1634/1388 3112/1671/1424 3115/1635/1389
f 3003/1672/1425 3101/1595/1349 3004/1657/1411
f 3059/1673/1426 3056/1674/1427 3119/1675/1428
f 3015/1676/1429 3110/1645/1399 3088/1677/1430
f 3056/1674/1427 3116/1678/1431 3119/1675/1428
f 3055/1679/1432 3058/1680/1433 3118/1681/1434
f 3022/1682/1435 2995/1630/1383 2996/1683/1400
f 2996/1683/1400 3021/1684/1436 3022/1682/1435
f 2962/1607/1437 3093/1685/1438 2986/1608/1439
f 3019/1637/1440 3094/1620/1351 2958/1686/1441
f 3072/1622/1375 3020/1617/1371 2976/1687/1442
f 3023/1688/1443 3020/1617/1444 2971/1616/1386
f 3033/1689/1445 3085/1658/1412 3032/1690/1446
f 3080/1691/1447 3000/1692/1448 2999/1652/1406
f 3027/1659/1449 3070/1693/1450 2963/1660/1451
f 3071/1618/1372 3097/1694/1452 2975/1695/1453
f 3004/1657/1411 3045/1596/1350 3046/1669/1422
f 3113/1696/1454 3043/1697/1455 3038/1666/1419
f 3062/1632/1385 3109/1698/1456 3012/1699/1457
f 3012/1699/1457 3016/1700/1458 3062/1632/1385
f 3016/1700/1458 3054/1647/1401 3062/1632/1385
f 3087/1631/1384 3061/1701/1459 3109/1698/1456
f 3008/1606/1360 3117/1702/1460 3118/1681/1434
f 3117/1702/1460 3063/1703/1461 3055/1679/1432
f 3100/1704/1462 3049/1705/1463 3048/1633/1464
f 3049/1705/1463 3100/1704/1462 3047/1667/1465
f 3101/1595/1349 3041/1706/1466 2972/1594/1348
f 3101/1595/1349 3003/1672/1425 3041/1706/1466
f 3047/1667/1420 3040/1707/1467 3049/1705/1468
f 3103/1708/1469 3036/1709/1470 3035/1710/1471
f 3036/1709/1470 3103/1708/1469 3034/1711/1472
f 3044/1712/1473 3036/1709/1474 3104/1713/1475
f 3044/1712/1473 3102/1714/1476 3040/1707/1467
f 3106/1715/1477 3060/1716/1478 3059/1673/1479
f 3060/1716/1478 3106/1715/1477 3058/1680/1480
f 3107/1717/1481 3052/1718/1482 3051/1719/1483
f 3052/1718/1482 3107/1717/1481 3050/1720/1484
f 3058/1680/1433 3057/1721/1485 3060/1716/1486
f 3110/1645/1399 3053/1722/1487 3007/1599/1488
f 3110/1645/1399 3015/1676/1429 3053/1722/1487
f 3065/1723/1489 3111/1724/1490 3108/1725/1491
f 3065/1723/1489 3052/1718/1492 3111/1724/1490
f 3027/1659/1413 3085/1658/1412 3033/1689/1445
f 3077/1651/1405 2973/1613/1493 2964/1613/1494 2981/1726/1495
f 3075/1648/1402 2970/1604/1496 2961/1727/1497 2983/1649/1403
f 3077/1651/1405 2992/1650/1404 2973/1613/1493
f 2959/1601/1498 3026/1728/1499 3032/1690/1446 2987/1729/1500
f 3075/1648/1402 2994/1656/1501 2970/1604/1496
f 2976/1687/1502 3020/1617/1444 3091/1653/1407 3000/1692/1448
f 3029/1592/1346 3031/1730/1503 2997/1593/1347
f 3023/1688/1443 3091/1653/1407 3020/1617/1444
f 2998/1662/1380 3030/1663/1416 3028/1602/1504 2968/1601/1381
f 3086/1603/1357 2978/1731/1505 2961/1727/1506 2970/1604/1358
f 3026/1728/1507 2959/1601/1508 3069/1600/1354
f 3090/1612/1366 3010/1732/1509 2964/1613/1510 2973/1613/1367
f 3094/1620/1351 3019/1637/1440 2966/1733/1511 3071/1618/1372
f 3018/1624/1512 2962/1607/1513 3095/1615/1369
f 3070/1693/1450 3027/1659/1449 3066/1623/1376 3072/1622/1375
f 3071/1618/1372 2975/1695/1453 3067/1619/1373
f 3094/1620/1351 3067/1619/1373 3021/1684/1352
f 3029/1592/1514 3070/1693/1450 3072/1622/1375 3068/1734/1515
f 3072/1622/1375 2976/1687/1442 3068/1734/1515
f 2989/1735/1516 3081/1625/1378 3018/1624/1377 2967/1736/1517
f 3067/1619/1518 3078/1654/1408 3022/1682/1435 3021/1684/1436
f 2979/1664/1417 2988/1661/1519 2963/1660/1520
f 2975/1695/1521 2999/1652/1406 3078/1654/1408 3067/1619/1518
f 3115/1635/1389 3002/1737/1522 2978/1731/1523 3048/1633/1387
f 3046/1669/1422 2998/1627/1380 3105/1629/1382
f 3019/1637/1391 3092/1636/1390 2990/1738/1524 2966/1733/1525
f 2974/1739/1526 2993/1740/1527 3074/1640/1394 2965/1639/1393
f 2969/1741/1528 2991/1742/1529 3076/1643/1397 2960/1642/1396
f 2996/1646/1400 3110/1645/1399 3007/1599/1488 3021/1598/1436
f 3075/1648/1402 3074/1640/1394 2993/1740/1527 2994/1656/1501
f 3074/1640/1394 3075/1648/1402 2984/1641/1395
f 2981/1726/1495 2982/1644/1398 3076/1643/1397 3077/1651/1405
f 2991/1742/1529 2992/1650/1404 3076/1643/1397
f 3023/1688/1443 3022/1682/1435 3078/1654/1408 3091/1653/1407
f 3088/1677/1430 3012/1699/1457 2992/1650/1530 2991/1742/1531
f 2999/1652/1406 3000/1692/1448 3091/1653/1407
f 3005/1670/1423 3079/1655/1409 3004/1657/1411
f 2994/1656/1410 2993/1740/1532 3004/1657/1411
f 3025/1626/1379 3024/1638/1392 2985/1743/1533 3093/1685/1438
f 3012/1699/1457 3088/1677/1430 3016/1700/1458
f 3030/1663/1416 2997/1593/1347 3031/1730/1503
f 3033/1689/1445 3032/1690/1446 3084/1744/1534 3099/1745/1535
f 2985/1743/1533 2986/1608/1439 3093/1685/1438
f 2987/1611/1365 2988/1661/1519 2979/1664/1417
f 2986/1608/1362 2985/1746/1533 3009/1665/1418
f 3099/1745/1535 3084/1744/1534 2990/1738/1524 2989/1735/1516
f 2959/1610/1364 2980/1609/1363 3114/1668/1421 3047/1667/1420
f 3009/1665/1418 2985/1746/1533 2958/1747/1536
f 3046/1669/1422 3045/1596/1350 2998/1627/1380
f 2977/1605/1537 3079/1655/1409 3105/1629/1382 3037/1748/1538
f 3005/1670/1423 3105/1629/1382 3079/1655/1409
f 3112/1671/1424 3034/1711/1539 3001/1749/1540 3082/1750/1541
f 3006/1751/1542 3002/1737/1522 3115/1635/1389 3112/1671/1424
f 3082/1750/1541 3006/1751/1542 3112/1671/1424
f 3034/1711/1539 3112/1671/1424 3042/1752/1543
f 2993/1740/1532 2974/1739/1544 3003/1672/1425 3004/1657/1411
f 3039/1634/1388 3042/1752/1543 3112/1671/1424
f 3004/1657/1411 3101/1595/1349 3045/1596/1350
f 2978/1731/1523 3002/1737/1522 2983/1649/1545 2961/1727/1546
f 2974/1739/1547 2965/1639/1548 3073/1753/1549 3003/1672/1550
f 2965/1639/1548 3001/1749/1551 3073/1753/1549
f 3001/1749/1540 2965/1639/1552 2984/1641/1553 3082/1750/1541
f 2977/1605/1537 2970/1604/1554 2994/1656/1410 3079/1655/1409
f 3094/1597/1351 3107/1717/1481 3051/1719/1483 2958/1747/1441
f 2984/1641/1553 2983/1649/1545 3002/1737/1522 3082/1750/1541
f 3107/1717/1481 3094/1597/1351 3007/1599/1353
f 3119/1675/1428 3017/1754/1555 3010/1732/1556 3059/1673/1426
f 3002/1737/1522 3006/1751/1542 3082/1750/1541
f 3105/1629/1382 2968/1628/1381 3037/1748/1538
f 2996/1646/1400 2995/1630/1383 3062/1632/1385 3054/1647/1401
f 3054/1647/1401 3016/1700/1458 3088/1677/1430 3110/1645/1399
f 3013/1755/1557 3017/1754/1555 3119/1675/1428 3116/1678/1431
f 3116/1678/1431 3050/1720/1558 3014/1756/1559 3083/1757/1560
f 3056/1674/1427 3064/1758/1561 3116/1678/1431
f 2969/1741/1562 2960/1642/1563 3089/1759/1564 3015/1676/1565
f 3083/1757/1560 3013/1755/1557 3116/1678/1431
f 3050/1720/1558 3116/1678/1431 3064/1758/1561
f 2960/1642/1563 3014/1756/1566 3089/1759/1564
f 3010/1732/1556 3017/1754/1555 2981/1726/1567 2964/1613/1568
f 3011/1614/1569 2973/1613/1570 2992/1650/1530 3012/1699/1457
f 2991/1742/1531 2969/1741/1571 3015/1676/1429 3088/1677/1430
f 2982/1644/1572 2981/1726/1567 3017/1754/1555 3083/1757/1560
f 3014/1756/1559 2960/1642/1573 2982/1644/1572 3083/1757/1560
f 3017/1754/1555 3013/1755/1557 3083/1757/1560
f 2962/1607/1361 3008/1606/1360 3118/1681/1434 3058/1680/1433
f 3095/1615/1369 2962/1607/1513 3058/1680/1480 3106/1715/1477
f 2971/1616/1370 3095/1615/1369 3106/1715/1477 3061/1701/1574
f 2989/1735/1516 2990/1738/1524 3092/1636/1390 3081/1625/1378
f 3081/1625/1378 3092/1636/1390 3024/1638/1392 3025/1626/1379
f 2958/1686/1536 2985/1743/1533 3024/1638/1392 3019/1637/1391
f 3022/1682/1435 3023/1688/1443 2995/1630/1383
f 3025/1626/1379 3093/1685/1438 2962/1607/1437 3018/1624/1377
f 3095/1615/1369 3072/1622/1375 2967/1621/1374 3018/1624/1512
f 2988/1661/1415 2987/1729/1500 3032/1690/1446 3085/1658/1412
f 3072/1622/1375 3095/1615/1369 3020/1617/1371
f 2995/1630/1383 3023/1688/1443 2971/1616/1386
f 3080/1691/1447 3098/1760/1575 3030/1663/1416 3031/1730/1503
f 3098/1760/1575 3080/1691/1447 2999/1652/1406
f 3069/1600/1354 3071/1618/1372 3096/1761/1576 3026/1728/1507
f 3070/1693/1450 3029/1592/1514 2972/1594/1577
f 2966/1733/1511 3096/1761/1576 3071/1618/1372
f 3028/1602/1356 3097/1694/1452 3071/1618/1372 3069/1600/1354
f 3098/1760/1575 2999/1652/1406 2975/1695/1521 3097/1694/1578
f 3030/1663/1416 3098/1760/1575 3097/1694/1578 3028/1602/1504
f 3080/1691/1447 3068/1734/1579 2976/1687/1502 3000/1692/1448
f 3031/1730/1503 3029/1592/1346 3068/1734/1579 3080/1691/1447
f 3026/1728/1499 3096/1761/1580 3084/1744/1534 3032/1690/1446
f 3096/1761/1580 2966/1733/1525 2990/1738/1524 3084/1744/1534
f 2989/1735/1516 2967/1736/1517 3066/1623/1581 3099/1745/1535
f 3099/1745/1535 3066/1623/1581 3027/1659/1413 3033/1689/1445
f 3086/1603/1357 3100/1704/1462 3048/1633/1464 2978/1731/1505
f 3037/1748/1582 3100/1704/1462 3086/1603/1357 2977/1605/1359
f 2963/1660/1520 3035/1710/1583 3113/1696/1454 2979/1664/1417
f 3005/1670/1423 3004/1657/1411 3046/1669/1422
f 3043/1697/1455 3113/1696/1454 3035/1710/1583
f 3073/1753/1549 3001/1749/1551 3034/1711/1472 3103/1708/1469
f 3069/1762/1354 2959/1610/1508 3047/1667/1465 3100/1704/1462
f 3073/1753/1549 3103/1708/1469 3003/1672/1550
f 2968/1628/1355 3069/1762/1354 3100/1704/1462 3037/1748/1582
f 3113/1696/1454 3114/1668/1421 2980/1609/1363 2979/1664/1417
f 3114/1668/1421 3113/1696/1454 3038/1666/1419
f 3011/1614/1569 3012/1699/1457 3109/1698/1456 3061/1701/1459
f 2958/1747/1536 3051/1719/1584 3117/1702/1460 3009/1665/1418
f 3063/1703/1461 3117/1702/1460 3051/1719/1584
f 3090/1612/1366 3106/1715/1477 3059/1673/1479 3010/1732/1509
f 3061/1701/1574 3106/1715/1477 3090/1612/1366 3011/1614/1368
f 3089/1759/1564 3014/1756/1566 3050/1720/1484 3107/1717/1481
f 3062/1632/1385 3087/1631/1384 3109/1698/1456
f 3087/1631/1384 2971/1616/1386 3061/1701/1459
f 3118/1681/1434 3117/1702/1460 3055/1679/1432
f 3008/1606/1360 3009/1665/1418 3117/1702/1460
f 3048/1633/1387 3049/1705/1468 3102/1714/1476 3039/1634/1388
f 3089/1759/1564 3107/1717/1481 3015/1676/1565
f 3047/1667/1420 3038/1666/1419 3040/1707/1467
f 3040/1707/1467 3102/1714/1476 3049/1705/1468
f 3044/1712/1473 3043/1697/1455 3035/1710/1583 3036/1709/1474
f 2972/1594/1577 3041/1706/1585 3103/1708/1469
f 3103/1708/1469 3041/1706/1585 3003/1672/1550
f 3034/1711/1539 3042/1752/1543 3104/1713/1475 3036/1709/1474
f 3040/1707/1467 3038/1666/1419 3043/1697/1455 3044/1712/1473
f 3039/1634/1388 3102/1714/1476 3104/1713/1475 3042/1752/1543
f 3044/1712/1473 3104/1713/1475 3102/1714/1476
f 3059/1673/1426 3060/1716/1486 3108/1725/1491 3056/1674/1427
f 3007/1599/1353 3053/1722/1586 3107/1717/1481
f 3107/1717/1481 3053/1722/1586 3015/1676/1565
f 3058/1680/1433 3055/1679/1432 3057/1721/1485
f 3057/1721/1485 3108/1725/1491 3060/1716/1486
f 3065/1723/1489 3057/1721/1485 3055/1679/1432 3063/1703/1461
f 3064/1758/1561 3056/1674/1427 3108/1725/1491 3111/1724/1490
f 3057/1721/1485 3065/1723/1489 3108/1725/1491
f 3065/1723/1489 3063/1703/1461 3051/1719/1584 3052/1718/1492
f 3050/1720/1558 3064/1758/1561 3111/1724/1490 3052/1718/1492
f 3070/1693/1450 3103/1708/1469 3035/1710/1471 2963/1660/1451
f 3103/1708/1469 3070/1693/1450 2972/1594/1577
o Cube.008
v 0.288143 -1.591677 0.523796
v 0.581104 -1.591677 0.523872
v 0.287207 -1.592408 -0.493816
v 0.582255 -1.592408 -0.493816
v 0.288144 -2.778713 0.524153
v 0.581105 -2.778713 0.524229
v 0.287208 -2.777892 -0.493959
v 0.582256 -2.777892 -0.493959
v 0.434514 -1.591677 0.560221
v 0.434513 -1.592408 -0.458197
v 0.434514 -2.777892 -0.458339
v 0.434514 -2.778713 0.560221
v 0.552992 -1.591677 0.534976
v 0.552991 -1.592408 -0.483441
v 0.552992 -2.777892 -0.483584
v 0.552992 -2.778713 0.534976
v 0.315599 -1.592408 -0.483750
v 0.315600 -2.777892 -0.483893
v 0.315600 -2.778713 0.534667
v 0.315600 -1.591677 0.534667
v 0.582256 -2.778713 0.352370
v 0.287208 -2.778713 0.352370
v 0.582256 -2.778713 -0.319308
v 0.287207 -2.778652 -0.469574
v 0.287208 -2.750353 -0.494733
v 0.582256 -2.750402 -0.494729
v 0.434475 -2.750413 -0.459112
v 0.552696 -2.750335 -0.484257
v 0.315313 -2.750471 -0.484760
v 0.287207 -1.791601 -0.494800
v 0.434531 -1.620739 -0.459133
v 0.553115 -1.620738 -0.484418
v 0.315741 -1.620790 -0.484639
v 0.582255 -1.591677 -0.319016
v 0.287207 -1.591727 -0.469014
v 0.582255 -1.591677 0.351064
v 0.287326 -1.591677 0.500207
v 0.575820 -1.591677 0.526738
v 0.287207 -1.618406 -0.494677
v 0.582110 -2.778713 0.501241
v 0.293016 -2.778713 0.526561
v 0.366631 -1.591677 0.550684
v 0.502177 -1.592408 -0.467521
v 0.502177 -2.777892 -0.467664
v 0.502178 -2.778713 0.550896
v 0.434682 -1.591770 -0.432345
v 0.502177 -1.591677 0.550896
v 0.575821 -2.778713 0.526784
v 0.582255 -1.591769 -0.470575
v 0.366631 -1.592408 -0.467734
v 0.366632 -2.777892 -0.467876
v 0.366632 -2.778713 0.550684
v 0.293015 -1.591677 0.526516
v 0.287327 -2.778713 0.501231
v 0.412794 -2.778610 -0.435890
v 0.582256 -2.778611 -0.470938
v 0.502108 -2.750340 -0.468420
v 0.366563 -2.750452 -0.468664
v 0.582255 -1.618406 -0.494677
v 0.366665 -1.620788 -0.468663
v 0.502206 -1.620742 -0.468464
v 0.287207 -1.591677 0.351064
v 0.582109 -1.591677 0.500217
v 0.502178 -2.778611 -0.444948
v 0.582255 -1.791586 -0.494800
vn -0.0000 -1.0000 -0.0000
vn 0.0003 0.9999 -0.0119
vn 0.0008 0.7766 -0.6300
vn 0.1434 0.7610 -0.6328
vn -0.0001 1.0000 -0.0003
vn 0.0055 0.9998 -0.0174
vn 0.2095 0.7476 -0.6303
vn 0.2505 0.6619 -0.7065
vn -0.0001 -1.0000 -0.0004
vn -0.0005 -0.7724 -0.6352
vn 0.0016 -0.9999 -0.0146
vn 0.1443 -0.7587 -0.6352
vn 0.0063 -0.9998 -0.0194
vn 0.2106 -0.7451 -0.6329
vn 0.2514 -0.6589 -0.7090
vn 0.3331 0.0167 -0.9428
vn 0.3163 0.0154 -0.9485
vn 0.3349 -0.0000 -0.9422
vn -0.0000 1.0000 -0.0000
vn -0.0056 0.9998 -0.0176
vn -0.2505 0.6618 -0.7066
vn -0.2093 0.7474 -0.6305
vn 0.2203 -0.0137 -0.9753
vn 0.0014 -0.0141 -0.9999
vn 0.3172 -0.0133 -0.9483
vn -0.2107 -0.7461 -0.6316
vn -0.1420 -0.7598 -0.6344
vn -0.2185 -0.0137 -0.9757
vn -0.3167 -0.0133 -0.9484
vn -0.1424 0.7610 -0.6329
vn -0.2513 -0.6589 -0.7090
vn -0.3344 -0.0132 -0.9423
vn 0.3346 -0.0131 -0.9423
vn -0.0065 -0.9998 -0.0192
vn -0.0032 -0.9999 -0.0158
vn -0.2187 0.0161 -0.9757
vn -0.3162 0.0154 -0.9486
vn 0.0013 0.0165 -0.9999
vn 0.2201 0.0161 -0.9753
vn -0.3347 -0.0000 -0.9423
vn -0.3332 0.0167 -0.9427
vt 0.750466 0.285768
vt 0.750855 0.285768
vt 0.751244 0.294686
vt 0.751244 0.285768
vt 0.751244 0.290227
vt 0.414034 0.473660
vt 0.417874 0.473557
vt 0.417874 0.559839
vt 0.751244 0.383983
vt 0.751244 0.473280
vt 0.416599 0.286933
vt 0.417428 0.660651
vt 0.417874 0.624703
vt 0.417932 0.660792
vt 0.751244 0.653537
vt 0.751244 0.657164
vt 0.750855 0.660792
vt 0.585681 0.286903
vt 0.750466 0.660792
vt 0.584610 0.473557
vt 0.588425 0.500677
vt 0.584610 0.559839
vt 0.585020 0.660653
vt 0.584610 0.624703
vt 0.584588 0.660792
vt 0.418240 0.660792
vt 0.421999 0.624703
vt 0.418547 0.660792
vt 0.251276 0.285768
vt 0.251842 0.285768
vt 0.251276 0.290227
vt 0.252409 0.285768
vt 0.251276 0.294686
vt 0.251276 0.383983
vt 0.251276 0.473280
vt 0.251276 0.657164
vt 0.251276 0.653537
vt 0.251842 0.660792
vt 0.417438 0.285890
vt 0.417932 0.285768
vt 0.417874 0.322965
vt 0.751244 0.563409
vt 0.580638 0.559839
vt 0.580632 0.473557
vt 0.580640 0.624703
vt 0.584610 0.322965
vt 0.584610 0.387553
vt 0.580622 0.387553
vt 0.580621 0.322965
vt 0.417874 0.387553
vt 0.584588 0.285768
vt 0.584239 0.285768
vt 0.584239 0.660792
vt 0.751244 0.660792
vt 0.585012 0.285890
vt 0.588425 0.387553
vt 0.421992 0.387553
vt 0.421992 0.322965
vt 0.421992 0.473557
vt 0.421999 0.559839
vt 0.418548 0.285768
vt 0.418240 0.285768
vt 0.252409 0.660792
vt 0.251276 0.563408
vt 0.251276 0.660792
s 1
usemtl pages.003
f 3140/1763/1587 3159/1764/1587 3135/1765/1587
f 3159/1764/1587 3125/1766/1587 3167/1767/1587
f 3165/1768/1588 3129/1769/1589 3169/1770/1590
f 3140/1763/1587 3164/1771/1587 3131/1772/1587
f 3140/1763/1587 3135/1765/1587 3164/1771/1587
f 3153/1773/1591 3165/1768/1588 3154/1774/1592
f 3154/1774/1592 3136/1775/1593 3122/1776/1594
f 3138/1777/1587 3160/1778/1587 3173/1779/1587
f 3142/1780/1595 3140/1763/1587 3141/1781/1587
f 3130/1782/1596 3174/1783/1597 3170/1784/1598
f 3174/1783/1597 3142/1780/1595 3143/1785/1599
f 3137/1786/1600 3143/1785/1599 3126/1787/1601
f 3158/1788/1602 3152/1789/1603 3149/1790/1604
f 3121/1791/1605 3182/1792/1605 3157/1793/1605
f 3182/1792/1605 3155/1794/1605 3132/1795/1605
f 3132/1795/1605 3155/1794/1605 3166/1796/1605
f 3166/1796/1605 3155/1794/1605 3128/1797/1605
f 3172/1798/1605 3139/1799/1605 3156/1800/1605
f 3168/1801/1606 3123/1802/1607 3133/1803/1608
f 3171/1804/1587 3141/1781/1587 3140/1763/1587 3131/1772/1587
f 3135/1765/1587 3159/1764/1587 3167/1767/1587
f 3141/1781/1587 3171/1804/1587 3138/1777/1587
f 3170/1784/1598 3177/1805/1609 3146/1806/1610 3130/1782/1596
f 3137/1786/1600 3148/1807/1611 3177/1805/1609 3170/1784/1598
f 3169/1770/1590 3136/1775/1593 3154/1774/1592 3165/1768/1588
f 3134/1808/1612 3163/1809/1613 3176/1810/1614 3147/1811/1615
f 3163/1809/1613 3130/1782/1596 3146/1806/1610 3176/1810/1614
f 3162/1812/1616 3165/1768/1588 3168/1801/1606 3133/1803/1608
f 3127/1813/1617 3134/1808/1612 3147/1811/1615 3145/1814/1618
f 3153/1773/1591 3168/1801/1606 3165/1768/1588
f 3126/1787/1601 3144/1815/1619 3148/1807/1611 3137/1786/1600
f 3165/1768/1588 3162/1812/1616 3129/1769/1589
f 3143/1785/1599 3137/1786/1600 3170/1784/1598 3174/1783/1597
f 3141/1781/1587 3138/1777/1587 3173/1779/1587
f 3173/1779/1587 3160/1778/1587 3124/1816/1587
f 3143/1785/1599 3142/1780/1595 3141/1781/1587
f 3134/1808/1612 3127/1813/1617 3175/1817/1620
f 3183/1818/1621 3174/1783/1597 3130/1782/1596 3163/1809/1613
f 3175/1817/1620 3183/1818/1621 3163/1809/1613 3134/1808/1612
f 3144/1815/1619 3149/1790/1604 3152/1789/1603 3148/1807/1611
f 3183/1818/1621 3175/1817/1620 3142/1780/1595
f 3174/1783/1597 3183/1818/1621 3142/1780/1595
f 3176/1810/1614 3180/1819/1622 3151/1820/1623 3147/1811/1615
f 3146/1806/1610 3150/1821/1624 3180/1819/1622 3176/1810/1614
f 3177/1805/1609 3179/1822/1625 3150/1821/1624 3146/1806/1610
f 3148/1807/1611 3152/1789/1603 3179/1822/1625 3177/1805/1609
f 3147/1811/1615 3151/1820/1623 3184/1823/1626 3145/1814/1618
f 3151/1820/1623 3133/1803/1608 3123/1802/1607 3178/1824/1627
f 3179/1822/1625 3152/1789/1603 3136/1775/1593 3169/1770/1590
f 3178/1824/1627 3184/1823/1626 3151/1820/1623
f 3150/1821/1624 3179/1822/1625 3169/1770/1590 3129/1769/1589
f 3150/1821/1624 3129/1769/1589 3162/1812/1616 3180/1819/1622
f 3180/1819/1622 3162/1812/1616 3133/1803/1608 3151/1820/1623
f 3152/1789/1603 3158/1788/1602 3122/1776/1594 3136/1775/1593
f 3155/1794/1605 3181/1825/1605 3161/1826/1605 3128/1797/1605
f 3181/1825/1605 3153/1773/1591 3154/1774/1592
f 3155/1794/1605 3153/1773/1591 3181/1825/1605
f 3157/1793/1605 3182/1792/1605 3132/1795/1605
f 3139/1799/1605 3161/1826/1605 3181/1825/1605
f 3120/1827/1605 3172/1798/1605 3156/1800/1605
f 3156/1800/1605 3139/1799/1605 3181/1825/1605
o Cube.009
v 0.260431 -1.572413 0.542921
v 0.609140 -1.572414 0.541799
v 0.258342 -1.572713 -0.522930
v 0.612243 -1.572970 -0.522468
v 0.260434 -2.797976 0.542923
v 0.609142 -2.797976 0.541795
v 0.257218 -2.797420 -0.522702
v 0.611104 -2.797677 -0.522724
v 0.434754 -1.572410 0.589048
v 0.434755 -2.797980 0.589048
v 0.587284 -1.572418 0.526391
v 0.277209 -1.572970 -0.522729
v 0.593410 -1.572769 -0.522823
v 0.282280 -2.797969 0.527431
v 0.587742 -2.797925 0.525600
v 0.276081 -2.797620 -0.523017
v 0.592254 -2.797420 -0.522498
v 0.434751 -1.572410 0.565981
v 0.434752 -2.797981 0.565981
v 0.589202 -1.572478 -0.499339
v 0.615161 -1.572474 -0.499369
v 0.614661 -2.767848 0.541308
v 0.614509 -1.601407 0.540779
v 0.254347 -2.771367 -0.523263
v 0.254091 -1.601061 -0.523288
v 0.615116 -1.599063 -0.523098
v 0.615371 -2.769323 -0.523127
v 0.256669 -1.601757 0.547200
v 0.256058 -2.767877 0.546629
v 0.613429 -1.602501 0.546306
v 0.613143 -2.769029 0.546312
v 0.434660 -2.767870 0.594536
v 0.435007 -1.601412 0.594341
v 0.280104 -1.599769 -0.523305
v 0.280334 -2.769279 -0.523302
v 0.589360 -2.770621 -0.523146
v 0.589128 -1.601130 -0.523142
v 0.287978 -2.767965 0.523837
v 0.287887 -1.601332 0.524084
v 0.581224 -2.768624 0.524446
v 0.581812 -1.602631 0.523255
v 0.434869 -1.602802 0.560494
v 0.434438 -2.769022 0.560691
v 0.615227 -2.797885 -0.498784
v 0.621033 -1.602630 -0.498125
v 0.589148 -2.797831 -0.499094
v 0.583139 -2.767579 -0.498663
v 0.582256 -1.785670 -0.356114
v 0.621072 -2.590999 -0.352442
v 0.281583 -1.572459 0.522493
v 0.254824 -2.768444 0.541459
v 0.254942 -1.602092 0.542756
v 0.254299 -2.797916 -0.499803
v 0.280260 -2.797912 -0.499760
v 0.286330 -2.767561 -0.499059
v 0.248387 -1.779403 -0.352773
v 0.254233 -1.572505 -0.499219
v 0.280315 -1.572559 -0.499517
v 0.287212 -1.780927 -0.353624
v 0.248427 -2.767757 -0.498559
v 0.348846 -2.797996 0.576003
v 0.348852 -1.572399 0.576006
v 0.356611 -2.797976 0.554451
v 0.283780 -1.572423 0.528871
v 0.295629 -1.602285 0.528141
v 0.295352 -2.768501 0.528121
v 0.292063 -1.601172 0.561552
v 0.289410 -2.768014 0.560791
v 0.598594 -1.572411 0.548306
v 0.598587 -2.797985 0.548308
v 0.579806 -1.572412 0.531432
v 0.579554 -2.797979 0.531589
v 0.574392 -1.602208 0.527936
v 0.553093 -2.768099 0.535224
v 0.605484 -1.601996 0.551106
v 0.579029 -2.767905 0.561164
v 0.608958 -2.798022 0.302593
v 0.608293 -2.797985 0.504005
v 0.601925 -2.798017 0.486873
v 0.586831 -1.572382 0.493131
v 0.612505 -1.602262 0.502659
v 0.613835 -1.602274 0.310865
v 0.605222 -1.601228 0.486020
v 0.586298 -2.798000 0.486899
v 0.613609 -2.769225 0.309228
v 0.612417 -2.768538 0.502729
v 0.605341 -2.769046 0.486273
v 0.582230 -2.591711 0.518960
v 0.582234 -1.787108 0.518773
v 0.608305 -1.572445 0.503718
v 0.609324 -1.572399 0.293789
v 0.601756 -1.572356 0.486059
v 0.260512 -1.572369 0.303861
v 0.261182 -1.572405 0.505773
v 0.267548 -1.572374 0.488621
v 0.283167 -1.572390 0.488649
v 0.287226 -1.776491 0.519898
v 0.256979 -2.768063 0.504342
v 0.255624 -2.768181 0.310954
v 0.264210 -2.769033 0.487866
v 0.261170 -2.797945 0.505478
v 0.260146 -2.797991 0.295024
v 0.267717 -2.798034 0.487806
v 0.282634 -2.798008 0.494867
v 0.287238 -2.582098 0.519924
v 0.257034 -1.601678 0.504740
v 0.255900 -1.601352 0.314167
v 0.264153 -1.601294 0.487969
v 0.515075 -2.797980 0.577060
v 0.364461 -1.572410 0.556048
v 0.505062 -2.797980 0.556029
v 0.597987 -1.571564 0.535898
v 0.597978 -2.798825 0.535967
v 0.459489 -1.571614 0.577791
v 0.458233 -2.798775 0.577898
v 0.602181 -2.798757 -0.496667
v 0.602378 -2.768249 -0.524139
v 0.602210 -1.604175 -0.524185
v 0.267160 -1.603363 -0.524230
v 0.267316 -2.767608 -0.524192
v 0.367108 -1.601400 0.551302
v 0.583518 -1.601072 -0.499558
v 0.502501 -2.768046 0.551069
v 0.351933 -2.767916 0.582051
v 0.621010 -2.768655 -0.499387
v 0.248450 -1.601735 -0.499808
v 0.517841 -1.601531 0.581773
v 0.606667 -2.769165 0.550198
v 0.602185 -1.571634 -0.497274
v 0.286542 -2.770030 0.520173
v 0.285944 -1.601072 -0.499968
v 0.267282 -1.571633 -0.497101
v 0.267276 -2.798756 -0.497710
v 0.366647 -2.767995 0.551005
v 0.352657 -1.601237 0.582025
v 0.262085 -2.767962 0.550107
v 0.272660 -1.571540 0.539764
v 0.272659 -2.798852 0.539656
v 0.515074 -1.572410 0.577060
v 0.505062 -1.572410 0.556029
v 0.503362 -1.601514 0.551073
v 0.517305 -2.767842 0.582100
v 0.595240 -1.571597 0.490390
v 0.582902 -2.770484 0.518367
v 0.608224 -1.601769 0.460049
v 0.595328 -2.798799 0.490849
v 0.608217 -2.768976 0.458222
v 0.582862 -1.598635 0.494661
v 0.274230 -2.798792 0.492131
v 0.274142 -1.571591 0.492597
v 0.261197 -2.768537 0.461025
v 0.286671 -2.772208 0.493110
v 0.286566 -1.599899 0.519722
v 0.261391 -1.601173 0.461755
v 0.618114 -2.768204 -0.013881
v 0.614564 -2.767913 0.518077
v 0.614318 -1.601346 0.517201
v 0.618230 -1.601821 -0.044191
v 0.251352 -1.602183 -0.013395
v 0.254911 -1.602478 0.519854
v 0.255157 -2.769043 0.518973
v 0.251236 -2.768568 -0.043800
vn -0.4468 -0.1750 -0.8774
vn -0.7440 -0.1090 -0.6592
vn -0.8842 -0.1865 -0.4282
vn -0.9895 -0.1039 -0.1009
vn -0.9963 -0.0007 -0.0863
vn -0.0231 0.9992 0.0329
vn 0.0375 0.9984 -0.0426
vn 0.0936 0.9956 -0.0036
vn 0.0191 0.9998 0.0099
vn -0.0634 0.9978 -0.0207
vn -0.0303 0.9961 -0.0827
vn -0.0054 0.9999 -0.0153
vn 0.0035 0.9994 -0.0357
vn -0.0682 0.9976 -0.0124
vn -0.9894 -0.0936 0.1111
vn -0.9817 -0.1904 0.0087
vn -0.9679 -0.0764 0.2396
vn 0.9905 0.0965 0.0979
vn 0.9821 0.1881 0.0069
vn 0.9762 0.0706 0.2050
vn 0.0053 -0.9999 -0.0155
vn -0.0032 -0.9993 -0.0360
vn 0.0682 -0.9976 -0.0125
vn -0.0240 -0.9992 0.0327
vn 0.0617 -0.9978 -0.0232
vn 0.0623 -0.9522 -0.2990
vn 0.0042 0.9996 0.0267
vn 0.0636 0.9488 -0.3095
vn -0.0054 -0.9987 0.0497
vn 0.0041 -0.9997 0.0260
vn 0.0172 -0.9982 0.0576
vn -0.2452 -0.1760 0.9534
vn -0.2319 -0.0844 0.9691
vn -0.3455 -0.1015 0.9329
vn -0.8666 0.1000 -0.4889
vn -0.8603 0.1999 -0.4690
vn -0.9959 0.0899 -0.0078
vn 0.7652 -0.0913 -0.6373
vn 0.9851 -0.1080 -0.1336
vn 0.9963 -0.0008 -0.0861
vn 0.8123 -0.1759 -0.5561
vn 0.9861 0.1649 0.0212
vn 0.9960 0.0849 0.0269
vn 0.9947 0.1029 0.0084
vn -0.2305 0.0846 0.9694
vn -0.2464 0.1748 0.9533
vn -0.3473 0.0999 0.9324
vn -0.0096 -0.0397 -0.9992
vn 0.0042 -0.0164 -0.9999
vn 0.0766 -0.0130 -0.9970
vn 0.0087 0.0353 -0.9993
vn -0.0035 0.0135 -0.9999
vn -0.0696 0.0123 -0.9975
vn 0.9858 0.0988 -0.1358
vn 0.7740 0.1054 -0.6243
vn 0.9963 0.0014 -0.0861
vn -0.0001 0.0133 -0.9999
vn 0.0559 0.0264 -0.9981
vn 0.0669 -0.0105 -0.9977
vn 0.0010 -0.0129 -0.9999
vn -0.0008 0.0881 -0.9961
vn 0.2175 -0.0929 -0.9716
vn 0.2222 0.0867 -0.9711
vn -0.9900 0.0874 -0.1105
vn -0.9722 0.0863 -0.2177
vn -0.9905 -0.0843 -0.1088
vn 0.4468 -0.0938 0.8897
vn 0.4151 -0.1862 0.8905
vn 0.5119 -0.1997 0.8355
vn 0.5166 -0.0983 0.8506
vn -0.4209 0.0925 -0.9024
vn 0.9878 -0.0839 0.1315
vn -0.9803 0.0896 0.1760
vn 0.9621 0.0687 -0.2638
vn 0.9669 0.1518 -0.2051
vn 0.9941 0.0882 -0.0624
vn -0.9989 0.0006 -0.0471
vn -1.0000 0.0020 -0.0034
vn 0.9944 -0.1051 0.0088
vn -0.9805 -0.1734 -0.0920
vn -0.9860 -0.1652 0.0213
vn -0.9960 -0.0849 0.0268
vn -0.9947 -0.1029 0.0084
vn 0.9805 0.1736 -0.0919
vn 0.9903 0.0865 -0.1088
vn -0.9944 0.1051 0.0088
vn -0.9621 -0.0687 -0.2638
vn -0.9668 -0.1526 -0.2048
vn -0.9939 -0.0899 -0.0645
vn 0.3836 0.0879 -0.9193
vn 0.7079 0.2009 -0.6771
vn -0.3645 -0.2069 0.9079
vn -0.4277 -0.0984 0.8986
vn -0.4989 -0.0865 0.8623
vn -0.0088 0.9989 0.0453
vn -0.0600 0.9976 0.0344
vn 0.0100 -0.9962 -0.0860
vn 0.3999 -0.0866 -0.9124
vn 0.2403 -0.1799 -0.9539
vn 0.3404 -0.0878 0.9362
vn 0.4293 0.0958 0.8981
vn -0.2215 -0.0867 -0.9713
vn 0.0018 -0.0889 -0.9960
vn 0.0262 -0.9979 0.0592
vn 0.0185 -0.9998 0.0094
vn 0.0567 -0.9979 0.0308
vn -0.0272 0.9957 -0.0891
vn 0.0099 0.9961 -0.0878
vn 0.9942 -0.0853 -0.0657
vn 0.9627 -0.0693 -0.2617
vn 0.9962 -0.0872 0.0049
vn 0.9901 -0.0848 -0.1119
vn 1.0000 0.0018 -0.0034
vn 0.9866 -0.1633 0.0063
vn -0.9944 0.0849 -0.0631
vn -0.9630 0.0698 -0.2603
vn 0.0062 1.0000 -0.0059
vn 0.1098 0.9939 -0.0088
vn 0.0640 0.9980 0.0004
vn 0.0764 0.9970 -0.0079
vn -0.9914 -0.1304 0.0071
vn 0.9875 0.0675 -0.1425
vn 0.9810 0.1355 -0.1386
vn 0.0021 -1.0000 -0.0053
vn 0.1114 -0.9937 -0.0107
vn 0.0752 -0.9971 -0.0079
vn 0.0650 -0.9979 0.0004
vn 0.9874 -0.0647 -0.1447
vn 0.9778 -0.1420 -0.1542
vn 0.9950 -0.0786 0.0620
vn 0.9945 0.0799 0.0676
vn -0.0052 -1.0000 -0.0061
vn -0.1099 -0.9939 -0.0088
vn -0.0640 -0.9980 0.0004
vn -0.0738 -0.9972 -0.0071
vn -0.0017 1.0000 -0.0051
vn -0.1115 0.9937 -0.0107
vn -0.0727 0.9973 -0.0071
vn -0.0650 0.9979 0.0004
vn -0.9872 -0.0677 -0.1441
vn -0.9811 -0.1353 -0.1384
vn 0.9910 0.1332 0.0095
vn 0.9745 0.1847 -0.1272
vn -0.9878 0.0640 -0.1421
vn -0.9949 0.0787 0.0636
vn -0.9946 -0.0801 0.0662
vn -0.9779 0.1422 -0.1532
vn -0.0118 -0.0340 -0.9994
vn -0.0347 -0.0381 -0.9987
vn -0.0500 -0.0224 -0.9985
vn 0.0135 0.0380 -0.9992
vn 0.0388 0.0425 -0.9983
vn 0.5153 0.1986 0.8337
vn 0.4129 0.1853 0.8917
vn 0.5182 0.0948 0.8500
vn -0.0758 0.0126 -0.9970
vn 0.0011 -0.1738 -0.9848
vn -0.3257 -0.0887 -0.9413
vn -0.4300 0.1816 -0.8844
vn 0.0458 0.9987 -0.0216
vn 0.0305 0.9987 -0.0408
vn 0.0262 0.9979 0.0596
vn 0.0572 0.9979 0.0307
vn -0.0458 -0.9987 -0.0218
vn -0.0303 -0.9987 -0.0412
vn -0.0055 0.9988 0.0493
vn -0.0089 -0.9989 0.0455
vn -0.0608 -0.9976 0.0340
vn -0.0302 -0.9960 -0.0840
vn -0.0274 -0.9955 -0.0902
vn -0.0002 -0.0893 0.9960
vn -0.0004 -0.1791 0.9838
vn 0.2263 0.1693 -0.9592
vn 0.9586 -0.0971 0.2679
vn 0.9822 -0.1878 0.0090
vn -0.0001 0.1762 -0.9843
vn 0.9915 0.0861 -0.0977
vn 0.9805 0.1776 -0.0836
vn 0.0006 0.0897 0.9960
vn -0.0006 0.1795 0.9837
vn -0.0353 -0.0439 -0.9984
vn -0.0544 -0.0242 -0.9982
vn 0.0313 0.0390 -0.9988
vn 0.0479 0.0228 -0.9986
vn 0.9711 -0.0892 -0.2212
vn 0.9740 0.0800 -0.2120
vn -0.9738 -0.0832 -0.2114
vn -0.7058 0.1027 0.7009
vn 0.2398 0.0875 0.9669
vn 0.2377 -0.0904 0.9671
vn -0.8046 0.2360 0.5449
vn -0.9796 0.1729 -0.1027
vn -0.9867 0.1622 0.0057
vn 0.9855 -0.1683 0.0234
vn 0.9769 -0.1919 -0.0944
vn 0.9898 -0.0959 -0.1054
vn 1.0000 -0.0012 0.0041
vn 0.9961 -0.0846 0.0261
vn -0.9716 -0.1523 -0.1809
vn 0.9768 0.0826 -0.1977
vn 0.9741 0.1496 -0.1695
vn -0.0344 -0.9987 -0.0385
vn -0.0061 -0.9994 -0.0331
vn -0.0004 -0.9999 -0.0139
vn -0.0513 -0.9985 -0.0210
vn 0.0639 -0.9979 -0.0102
vn 0.9654 -0.1719 -0.1960
vn 0.9729 -0.0885 -0.2138
vn -0.9643 0.1707 -0.2024
vn -0.9914 -0.0860 -0.0988
vn -0.9805 -0.1775 -0.0844
vn -1.0000 0.0012 0.0041
vn -0.9855 0.1679 0.0227
vn -0.9768 0.1917 -0.0953
vn -0.9897 0.0958 -0.1065
vn -0.9961 0.0847 0.0266
vn 0.0343 0.9987 -0.0388
vn 0.0058 0.9994 -0.0333
vn 0.0004 0.9999 -0.0141
vn 0.0512 0.9985 -0.0212
vn -0.0639 0.9979 -0.0102
vn -0.9764 -0.0828 -0.1996
vn -0.9739 -0.1494 -0.1711
vn 0.9793 -0.1735 -0.1040
vn 0.9649 -0.1683 -0.2016
vn 0.9710 0.1530 -0.1837
vn -0.9724 0.0883 -0.2158
vn -0.9652 0.1714 -0.1977
vn 0.0862 -0.9963 0.0010
vn -0.2225 0.0886 -0.9709
vn 0.0175 0.9982 0.0581
vn -0.0675 -0.9975 -0.0197
vn -0.2235 0.1737 -0.9591
vn -0.2224 -0.1724 -0.9596
vn 0.2334 0.1745 0.9566
vn 0.2314 -0.1807 0.9559
vn -0.0824 0.9966 0.0020
vn 0.9656 -0.1561 -0.2078
vn -0.9659 0.1564 -0.2065
vn -0.0889 -0.9960 0.0016
vn 0.0890 0.9960 0.0020
vt 0.622129 0.750000
vt 0.624506 0.751170
vt 0.625008 0.749503
vt 0.630054 0.748319
vt 0.664252 0.748531
vt 0.125005 0.749769
vt 0.125000 0.750000
vt 0.125000 0.748647
vt 0.624247 0.999997
vt 0.625000 1.000000
vt 0.622160 1.000000
vt 0.874949 0.505586
vt 0.874973 0.500039
vt 0.875000 0.501001
vt 0.369635 0.748856
vt 0.375318 0.749790
vt 0.374325 0.750020
vt 0.869725 0.748620
vt 0.874959 0.749722
vt 0.874305 0.750000
vt 0.374981 0.500903
vt 0.375000 0.500000
vt 0.374810 0.501695
vt 0.377892 0.749601
vt 0.375193 0.749805
vt 0.431602 0.750000
vt 0.518591 0.999972
vt 0.440197 1.000000
vt 0.377494 0.999997
vt 0.500016 0.750228
vt 0.517634 0.750029
vt 0.557471 0.750228
vt 0.438739 0.750228
vt 0.442578 0.756350
vt 0.399429 0.756330
vt 0.873772 0.749849
vt 0.875000 0.749736
vt 0.869192 0.741084
vt 0.374306 0.750000
vt 0.369976 0.748802
vt 0.335203 0.749378
vt 0.874772 0.692871
vt 0.868691 0.696914
vt 0.868783 0.618681
vt 0.442578 0.993902
vt 0.438744 0.999772
vt 0.399429 0.993916
vt 0.625330 0.500480
vt 0.630390 0.500075
vt 0.631063 0.500361
vt 0.125330 0.500428
vt 0.130620 0.500066
vt 0.131062 0.500322
vt 0.130037 0.748656
vt 0.125690 0.750000
vt 0.165561 0.747446
vt 0.869226 0.500074
vt 0.869345 0.500361
vt 0.374345 0.500000
vt 0.369516 0.500031
vt 0.500015 0.993611
vt 0.442186 0.756306
vt 0.442184 0.993897
vt 0.869947 0.505270
vt 0.874344 0.500000
vt 0.630364 0.505277
vt 0.619969 0.755219
vt 0.617162 0.750205
vt 0.625031 0.749749
vt 0.625000 0.750690
vt 0.625000 0.999307
vt 0.618297 0.994500
vt 0.630491 0.748639
vt 0.130419 0.748855
vt 0.868693 0.741265
vt 0.874772 0.741775
vt 0.868880 0.744069
vt 0.834566 0.748349
vt 0.832648 0.539727
vt 0.631286 0.619471
vt 0.625000 0.501056
vt 0.374773 0.692954
vt 0.368704 0.697221
vt 0.368787 0.617983
vt 0.125000 0.500946
vt 0.130053 0.505172
vt 0.131290 0.618782
vt 0.368680 0.741681
vt 0.374772 0.742190
vt 0.368880 0.744485
vt 0.381613 0.994512
vt 0.375000 0.999310
vt 0.375377 1.000000
vt 0.380076 0.755447
vt 0.375437 0.999982
vt 0.500000 0.750000
vt 0.382109 0.755359
vt 0.600636 0.756352
vt 0.618443 0.994488
vt 0.557862 0.756296
vt 0.500015 0.756097
vt 0.623689 0.749539
vt 0.559852 1.000000
vt 0.500000 1.000000
vt 0.631323 0.744051
vt 0.631195 0.741171
vt 0.369192 0.740451
vt 0.369535 0.505180
vt 0.167686 0.540475
vt 0.375000 0.739765
vt 0.131351 0.744485
vt 0.131188 0.741681
vt 0.874972 0.739204
vt 0.874772 0.738130
vt 0.625230 0.738197
vt 0.868844 0.738105
vt 0.625029 0.738860
vt 0.625000 0.738245
vt 0.625000 0.740917
vt 0.625005 0.732496
vt 0.631185 0.738096
vt 0.631106 0.732731
vt 0.868794 0.731936
vt 0.374971 0.739613
vt 0.374772 0.738542
vt 0.125029 0.739741
vt 0.125228 0.738714
vt 0.125228 0.742246
vt 0.125228 0.695246
vt 0.368821 0.738516
vt 0.125000 0.738364
vt 0.131215 0.738502
vt 0.131085 0.732335
vt 0.368777 0.732335
vt 0.369396 0.500272
vt 0.874658 0.500499
vt 0.617184 0.999788
vt 0.625000 0.999306
vt 0.602204 0.756285
vt 0.874752 0.505939
vt 0.375000 0.500890
vt 0.500016 0.999772
vt 0.559852 0.750000
vt 0.500016 0.756359
vt 0.500016 0.750229
vt 0.868431 0.506263
vt 0.500016 0.993866
vt 0.625000 0.500000
vt 0.625684 0.500000
vt 0.125000 0.500000
vt 0.125684 0.500000
vt 0.375362 0.998988
vt 0.557471 0.993842
vt 0.557471 0.756365
vt 0.125690 0.750000
vt 0.125040 0.749777
vt 0.875000 0.739359
vt 0.625248 0.506077
vt 0.631074 0.506170
vt 0.667373 0.540553
vt 0.631060 0.700093
vt 0.625051 0.505719
vt 0.368461 0.505334
vt 0.167375 0.540475
vt 0.125248 0.505975
vt 0.131074 0.506069
vt 0.131121 0.697221
vt 0.125051 0.505615
vt 0.557864 0.993873
vt 0.557471 0.999772
vt 0.874995 0.749708
s 1
usemtl cover.003
f 3256/1828/1628 3224/1829/1629 3199/1830/1630
f 3199/1830/1630 3224/1829/1629 3328/1831/1631
f 3328/1831/1631 3224/1829/1629 3272/1832/1632
f 3321/1833/1633 3248/1834/1634 3234/1835/1635
f 3296/1836/1636 3195/1837/1637 3255/1838/1638
f 3313/1839/1639 3197/1840/1640 3204/1841/1641
f 3235/1842/1642 3189/1843/1643 3213/1844/1644
f 3207/1845/1645 3186/1846/1646 3214/1847/1647
f 3317/1848/1648 3200/1849/1649 3238/1850/1650
f 3322/1851/1651 3198/1852/1652 3247/1853/1653
f 3298/1854/1654 3294/1855/1655 3321/1856/1633
f 3194/1857/1656 3299/1858/1657 3293/1859/1658
f 3245/1860/1659 3308/1861/1660 3252/1862/1661
f 3225/1863/1662 3195/1864/1663 3332/1865/1664
f 3222/1866/1665 3314/1867/1666 3289/1868/1667
f 3222/1866/1665 3198/1852/1668 3314/1867/1666
f 3275/1869/1669 3266/1870/1670 3342/1871/1671
f 3319/1872/1672 3246/1873/1673 3251/1874/1674
f 3192/1875/1675 3301/1876/1676 3211/1877/1677
f 3187/1878/1678 3303/1879/1679 3209/1880/1680
f 3337/1881/1681 3223/1882/1682 3281/1883/1683
f 3302/1884/1684 3210/1885/1685 3211/1877/1677
f 3219/1886/1686 3304/1887/1687 3303/1879/1679
f 3226/1888/1688 3318/1889/1689 3305/1890/1690
f 3306/1891/1691 3221/1892/1692 3231/1893/1693
f 3312/1894/1694 3254/1895/1695 3190/1896/1696 3215/1897/1697
f 3225/1898/1662 3224/1829/1629 3257/1899/1698
f 3214/1847/1647 3206/1900/1699 3207/1845/1645
f 3213/1844/1644 3236/1901/1700 3235/1842/1642
f 3272/1832/1632 3224/1829/1629 3225/1863/1662
f 3265/1902/1701 3274/1903/1702 3341/1904/1703
f 3273/1905/1704 3332/1865/1664 3232/1906/1705
f 3266/1870/1670 3339/1907/1706 3342/1871/1671
f 3230/1908/1707 3328/1831/1631 3231/1893/1693
f 3286/1909/1708 3283/1910/1709 3346/1911/1710
f 3242/1912/1711 3337/1881/1681 3315/1913/1712
f 3283/1910/1709 3343/1914/1713 3346/1911/1710
f 3282/1915/1714 3285/1916/1715 3345/1917/1716
f 3249/1918/1717 3222/1866/1665 3223/1919/1682
f 3223/1919/1682 3248/1920/1718 3249/1918/1717
f 3189/1843/1719 3320/1921/1720 3213/1844/1721
f 3246/1873/1722 3321/1856/1633 3185/1922/1723
f 3299/1858/1657 3247/1853/1653 3203/1923/1724
f 3250/1924/1725 3247/1853/1726 3198/1852/1668
f 3260/1925/1727 3312/1894/1694 3259/1926/1728
f 3307/1927/1729 3227/1928/1730 3226/1888/1688
f 3254/1895/1731 3297/1929/1732 3190/1896/1733
f 3298/1854/1654 3324/1930/1734 3202/1931/1735
f 3231/1893/1693 3272/1832/1632 3273/1905/1704
f 3340/1932/1736 3270/1933/1737 3265/1902/1701
f 3289/1868/1667 3336/1934/1738 3239/1935/1739
f 3239/1935/1739 3243/1936/1740 3289/1868/1667
f 3243/1936/1740 3281/1883/1683 3289/1868/1667
f 3314/1867/1666 3288/1937/1741 3336/1934/1738
f 3235/1842/1642 3344/1938/1742 3345/1917/1716
f 3344/1938/1742 3290/1939/1743 3282/1915/1714
f 3327/1940/1744 3276/1941/1745 3275/1869/1746
f 3276/1941/1745 3327/1940/1744 3274/1903/1747
f 3328/1831/1631 3268/1942/1748 3199/1830/1630
f 3328/1831/1631 3230/1908/1707 3268/1942/1748
f 3274/1903/1702 3267/1943/1749 3276/1941/1750
f 3330/1944/1751 3263/1945/1752 3262/1946/1753
f 3263/1945/1752 3330/1944/1751 3261/1947/1754
f 3271/1948/1755 3263/1945/1756 3331/1949/1757
f 3271/1948/1755 3329/1950/1758 3267/1943/1749
f 3333/1951/1759 3287/1952/1760 3286/1909/1761
f 3287/1952/1760 3333/1951/1759 3285/1916/1762
f 3334/1953/1763 3279/1954/1764 3278/1955/1765
f 3279/1954/1764 3334/1953/1763 3277/1956/1766
f 3285/1916/1715 3284/1957/1767 3287/1952/1768
f 3337/1881/1681 3280/1958/1769 3234/1835/1770
f 3337/1881/1681 3242/1912/1711 3280/1958/1769
f 3292/1959/1771 3338/1960/1772 3335/1961/1773
f 3292/1959/1771 3279/1954/1774 3338/1960/1772
f 3254/1895/1695 3312/1894/1694 3260/1925/1727
f 3304/1887/1687 3200/1849/1775 3191/1849/1776 3208/1962/1777
f 3302/1884/1684 3197/1840/1778 3188/1963/1779 3210/1885/1685
f 3304/1887/1687 3219/1886/1686 3200/1849/1775
f 3186/1837/1780 3253/1964/1781 3259/1926/1728 3214/1965/1782
f 3302/1884/1684 3221/1892/1783 3197/1840/1778
f 3203/1923/1784 3247/1853/1726 3318/1889/1689 3227/1928/1730
f 3256/1828/1628 3258/1966/1785 3224/1829/1629
f 3250/1924/1725 3318/1889/1689 3247/1853/1726
f 3225/1898/1662 3257/1899/1698 3255/1838/1786 3195/1837/1663
f 3313/1839/1639 3205/1967/1787 3188/1963/1788 3197/1840/1640
f 3253/1964/1789 3186/1837/1790 3296/1836/1636
f 3317/1848/1648 3237/1968/1791 3191/1849/1792 3200/1849/1649
f 3321/1856/1633 3246/1873/1722 3193/1969/1793 3298/1854/1654
f 3245/1860/1794 3189/1843/1795 3322/1851/1651
f 3297/1929/1732 3254/1895/1731 3293/1859/1658 3299/1858/1657
f 3298/1854/1654 3202/1931/1735 3294/1855/1655
f 3321/1856/1633 3294/1855/1655 3248/1920/1634
f 3256/1828/1796 3297/1929/1732 3299/1858/1657 3295/1970/1797
f 3299/1858/1657 3203/1923/1724 3295/1970/1797
f 3216/1971/1798 3308/1861/1660 3245/1860/1659 3194/1972/1799
f 3294/1855/1800 3305/1890/1690 3249/1918/1717 3248/1920/1718
f 3206/1900/1699 3215/1897/1801 3190/1896/1802
f 3202/1931/1803 3226/1888/1688 3305/1890/1690 3294/1855/1800
f 3342/1871/1671 3229/1973/1804 3205/1967/1805 3275/1869/1669
f 3273/1905/1704 3225/1863/1662 3332/1865/1664
f 3246/1873/1673 3319/1872/1672 3217/1974/1806 3193/1969/1807
f 3201/1975/1808 3220/1976/1809 3301/1876/1676 3192/1875/1675
f 3196/1977/1810 3218/1978/1811 3303/1879/1679 3187/1878/1678
f 3223/1882/1682 3337/1881/1681 3234/1835/1770 3248/1834/1718
f 3302/1884/1684 3301/1876/1676 3220/1976/1809 3221/1892/1783
f 3301/1876/1676 3302/1884/1684 3211/1877/1677
f 3208/1962/1777 3209/1880/1680 3303/1879/1679 3304/1887/1687
f 3218/1978/1811 3219/1886/1686 3303/1879/1679
f 3250/1924/1725 3249/1918/1717 3305/1890/1690 3318/1889/1689
f 3315/1913/1712 3239/1935/1739 3219/1886/1812 3218/1978/1813
f 3226/1888/1688 3227/1928/1730 3318/1889/1689
f 3232/1906/1705 3306/1891/1691 3231/1893/1693
f 3221/1892/1692 3220/1976/1814 3231/1893/1693
f 3252/1862/1661 3251/1874/1674 3212/1979/1815 3320/1921/1720
f 3239/1935/1739 3315/1913/1712 3243/1936/1740
f 3257/1899/1698 3224/1829/1629 3258/1966/1785
f 3260/1925/1727 3259/1926/1728 3311/1980/1816 3326/1981/1817
f 3212/1979/1815 3213/1844/1721 3320/1921/1720
f 3214/1847/1647 3215/1897/1801 3206/1900/1699
f 3213/1844/1644 3212/1982/1815 3236/1901/1700
f 3326/1981/1817 3311/1980/1816 3217/1974/1806 3216/1971/1798
f 3186/1846/1646 3207/1845/1645 3341/1904/1703 3274/1903/1702
f 3236/1901/1700 3212/1982/1815 3185/1983/1818
f 3273/1905/1704 3272/1832/1632 3225/1863/1662
f 3204/1841/1819 3306/1891/1691 3332/1865/1664 3264/1984/1820
f 3232/1906/1705 3332/1865/1664 3306/1891/1691
f 3339/1907/1706 3261/1947/1821 3228/1985/1822 3309/1986/1823
f 3233/1987/1824 3229/1973/1804 3342/1871/1671 3339/1907/1706
f 3309/1986/1823 3233/1987/1824 3339/1907/1706
f 3261/1947/1821 3339/1907/1706 3269/1988/1825
f 3220/1976/1814 3201/1975/1826 3230/1908/1707 3231/1893/1693
f 3266/1870/1670 3269/1988/1825 3339/1907/1706
f 3231/1893/1693 3328/1831/1631 3272/1832/1632
f 3205/1967/1805 3229/1973/1804 3210/1885/1827 3188/1963/1828
f 3201/1975/1829 3192/1875/1830 3300/1989/1831 3230/1908/1832
f 3192/1875/1830 3228/1985/1833 3300/1989/1831
f 3228/1985/1822 3192/1875/1834 3211/1877/1835 3309/1986/1823
f 3204/1841/1819 3197/1840/1836 3221/1892/1692 3306/1891/1691
f 3321/1833/1633 3334/1953/1763 3278/1955/1765 3185/1983/1723
f 3211/1877/1835 3210/1885/1827 3229/1973/1804 3309/1986/1823
f 3334/1953/1763 3321/1833/1633 3234/1835/1635
f 3346/1911/1710 3244/1990/1837 3237/1968/1838 3286/1909/1708
f 3229/1973/1804 3233/1987/1824 3309/1986/1823
f 3332/1865/1664 3195/1864/1663 3264/1984/1820
f 3223/1882/1682 3222/1866/1665 3289/1868/1667 3281/1883/1683
f 3281/1883/1683 3243/1936/1740 3315/1913/1712 3337/1881/1681
f 3240/1991/1839 3244/1990/1837 3346/1911/1710 3343/1914/1713
f 3343/1914/1713 3277/1956/1840 3241/1992/1841 3310/1993/1842
f 3283/1910/1709 3291/1994/1843 3343/1914/1713
f 3196/1977/1844 3187/1878/1845 3316/1995/1846 3242/1912/1847
f 3310/1993/1842 3240/1991/1839 3343/1914/1713
f 3277/1956/1840 3343/1914/1713 3291/1994/1843
f 3187/1878/1845 3241/1992/1848 3316/1995/1846
f 3237/1968/1838 3244/1990/1837 3208/1962/1849 3191/1849/1850
f 3238/1850/1851 3200/1849/1852 3219/1886/1812 3239/1935/1739
f 3218/1978/1813 3196/1977/1853 3242/1912/1711 3315/1913/1712
f 3209/1880/1854 3208/1962/1849 3244/1990/1837 3310/1993/1842
f 3241/1992/1841 3187/1878/1855 3209/1880/1854 3310/1993/1842
f 3244/1990/1837 3240/1991/1839 3310/1993/1842
f 3189/1843/1643 3235/1842/1642 3345/1917/1716 3285/1916/1715
f 3322/1851/1651 3189/1843/1795 3285/1916/1762 3333/1951/1759
f 3198/1852/1652 3322/1851/1651 3333/1951/1759 3288/1937/1856
f 3216/1971/1798 3217/1974/1806 3319/1872/1672 3308/1861/1660
f 3308/1861/1660 3319/1872/1672 3251/1874/1674 3252/1862/1661
f 3185/1922/1818 3212/1979/1815 3251/1874/1674 3246/1873/1673
f 3249/1918/1717 3250/1924/1725 3222/1866/1665
f 3252/1862/1661 3320/1921/1720 3189/1843/1719 3245/1860/1659
f 3322/1851/1651 3299/1858/1657 3194/1857/1656 3245/1860/1794
f 3215/1897/1697 3214/1965/1782 3259/1926/1728 3312/1894/1694
f 3299/1858/1657 3322/1851/1651 3247/1853/1653
f 3222/1866/1665 3250/1924/1725 3198/1852/1668
f 3307/1927/1729 3325/1996/1857 3257/1899/1698 3258/1966/1785
f 3325/1996/1857 3307/1927/1729 3226/1888/1688
f 3296/1836/1636 3298/1854/1654 3323/1997/1858 3253/1964/1789
f 3297/1929/1732 3256/1828/1796 3199/1830/1859
f 3193/1969/1793 3323/1997/1858 3298/1854/1654
f 3255/1838/1638 3324/1930/1734 3298/1854/1654 3296/1836/1636
f 3325/1996/1857 3226/1888/1688 3202/1931/1803 3324/1930/1860
f 3257/1899/1698 3325/1996/1857 3324/1930/1860 3255/1838/1786
f 3307/1927/1729 3295/1970/1861 3203/1923/1784 3227/1928/1730
f 3258/1966/1785 3256/1828/1628 3295/1970/1861 3307/1927/1729
f 3253/1964/1781 3323/1997/1862 3311/1980/1816 3259/1926/1728
f 3323/1997/1862 3193/1969/1807 3217/1974/1806 3311/1980/1816
f 3216/1971/1798 3194/1972/1799 3293/1859/1863 3326/1981/1817
f 3326/1981/1817 3293/1859/1863 3254/1895/1695 3260/1925/1727
f 3313/1839/1639 3327/1940/1744 3275/1869/1746 3205/1967/1787
f 3264/1984/1864 3327/1940/1744 3313/1839/1639 3204/1841/1641
f 3190/1896/1802 3262/1946/1865 3340/1932/1736 3206/1900/1699
f 3232/1906/1705 3231/1893/1693 3273/1905/1704
f 3270/1933/1737 3340/1932/1736 3262/1946/1865
f 3300/1989/1831 3228/1985/1833 3261/1947/1754 3330/1944/1751
f 3296/1998/1636 3186/1846/1790 3274/1903/1747 3327/1940/1744
f 3300/1989/1831 3330/1944/1751 3230/1908/1832
f 3195/1864/1637 3296/1998/1636 3327/1940/1744 3264/1984/1864
f 3340/1932/1736 3341/1904/1703 3207/1845/1645 3206/1900/1699
f 3341/1904/1703 3340/1932/1736 3265/1902/1701
f 3238/1850/1851 3239/1935/1739 3336/1934/1738 3288/1937/1741
f 3185/1983/1818 3278/1955/1866 3344/1938/1742 3236/1901/1700
f 3290/1939/1743 3344/1938/1742 3278/1955/1866
f 3317/1848/1648 3333/1951/1759 3286/1909/1761 3237/1968/1791
f 3288/1937/1856 3333/1951/1759 3317/1848/1648 3238/1850/1650
f 3316/1995/1846 3241/1992/1848 3277/1956/1766 3334/1953/1763
f 3289/1868/1667 3314/1867/1666 3336/1934/1738
f 3314/1867/1666 3198/1852/1668 3288/1937/1741
f 3345/1917/1716 3344/1938/1742 3282/1915/1714
f 3235/1842/1642 3236/1901/1700 3344/1938/1742
f 3275/1869/1669 3276/1941/1750 3329/1950/1758 3266/1870/1670
f 3316/1995/1846 3334/1953/1763 3242/1912/1847
f 3274/1903/1702 3265/1902/1701 3267/1943/1749
f 3267/1943/1749 3329/1950/1758 3276/1941/1750
f 3271/1948/1755 3270/1933/1737 3262/1946/1865 3263/1945/1756
f 3199/1830/1859 3268/1942/1867 3330/1944/1751
f 3330/1944/1751 3268/1942/1867 3230/1908/1832
f 3261/1947/1821 3269/1988/1825 3331/1949/1757 3263/1945/1756
f 3267/1943/1749 3265/1902/1701 3270/1933/1737 3271/1948/1755
f 3266/1870/1670 3329/1950/1758 3331/1949/1757 3269/1988/1825
f 3271/1948/1755 3331/1949/1757 3329/1950/1758
f 3286/1909/1708 3287/1952/1768 3335/1961/1773 3283/1910/1709
f 3234/1835/1635 3280/1958/1868 3334/1953/1763
f 3334/1953/1763 3280/1958/1868 3242/1912/1847
f 3285/1916/1715 3282/1915/1714 3284/1957/1767
f 3284/1957/1767 3335/1961/1773 3287/1952/1768
f 3292/1959/1771 3284/1957/1767 3282/1915/1714 3290/1939/1743
f 3291/1994/1843 3283/1910/1709 3335/1961/1773 3338/1960/1772
f 3284/1957/1767 3292/1959/1771 3335/1961/1773
f 3292/1959/1771 3290/1939/1743 3278/1955/1866 3279/1954/1774
f 3277/1956/1840 3291/1994/1843 3338/1960/1772 3279/1954/1774
f 3297/1929/1732 3330/1944/1751 3262/1946/1753 3190/1896/1733
f 3330/1944/1751 3297/1929/1732 3199/1830/1859
o Cube.010
v 2.422357 0.056528 0.523796
v 2.715318 0.056528 0.523872
v 2.421421 0.055797 -0.493816
v 2.716469 0.055797 -0.493816
v 2.422358 -1.130508 0.524153
v 2.715319 -1.130508 0.524229
v 2.421422 -1.129688 -0.493959
v 2.716470 -1.129688 -0.493959
v 2.568727 0.056528 0.560221
v 2.568727 0.055797 -0.458197
v 2.568727 -1.129688 -0.458339
v 2.568728 -1.130508 0.560221
v 2.687205 0.056528 0.534976
v 2.687205 0.055797 -0.483441
v 2.687205 -1.129688 -0.483584
v 2.687206 -1.130508 0.534976
v 2.449813 0.055797 -0.483750
v 2.449813 -1.129688 -0.483893
v 2.449814 -1.130508 0.534667
v 2.449814 0.056528 0.534667
v 2.716470 -1.130508 0.352370
v 2.421422 -1.130508 0.352370
v 2.716470 -1.130508 -0.319308
v 2.421422 -1.130447 -0.469574
v 2.421422 -1.102149 -0.494733
v 2.716470 -1.102197 -0.494729
v 2.568689 -1.102209 -0.459112
v 2.686910 -1.102130 -0.484257
v 2.449527 -1.102267 -0.484760
v 2.421421 -0.143396 -0.494800
v 2.568745 0.027465 -0.459133
v 2.687329 0.027466 -0.484418
v 2.449955 0.027415 -0.484638
v 2.716469 0.056528 -0.319015
v 2.421421 0.056477 -0.469014
v 2.716469 0.056528 0.351064
v 2.421540 0.056528 0.500207
v 2.710034 0.056528 0.526738
v 2.421421 0.029798 -0.494677
v 2.716324 -1.130508 0.501241
v 2.427230 -1.130508 0.526561
v 2.500845 0.056528 0.550684
v 2.636391 0.055797 -0.467521
v 2.636391 -1.129688 -0.467664
v 2.636391 -1.130508 0.550896
v 2.568896 0.056435 -0.432345
v 2.636391 0.056528 0.550896
v 2.710035 -1.130508 0.526784
v 2.716469 0.056436 -0.470574
v 2.500845 0.055797 -0.467734
v 2.500845 -1.129688 -0.467876
v 2.500845 -1.130508 0.550684
v 2.427229 0.056528 0.526516
v 2.421541 -1.130508 0.501231
v 2.547008 -1.130405 -0.435890
v 2.716470 -1.130406 -0.470937
v 2.636322 -1.102136 -0.468420
v 2.500777 -1.102247 -0.468663
v 2.716469 0.029799 -0.494677
v 2.500879 0.027416 -0.468662
v 2.636420 0.027462 -0.468464
v 2.421421 0.056528 0.351064
v 2.716323 0.056528 0.500217
v 2.636391 -1.130406 -0.444948
v 2.716469 -0.143381 -0.494800
vn -0.0000 -1.0000 -0.0000
vn 0.0003 0.9999 -0.0119
vn 0.0008 0.7766 -0.6300
vn 0.1434 0.7610 -0.6328
vn -0.0001 1.0000 -0.0003
vn 0.0055 0.9998 -0.0174
vn 0.2095 0.7476 -0.6303
vn 0.2505 0.6619 -0.7065
vn -0.0001 -1.0000 -0.0004
vn -0.0005 -0.7724 -0.6352
vn 0.0016 -0.9999 -0.0146
vn 0.1443 -0.7587 -0.6352
vn 0.0063 -0.9998 -0.0194
vn 0.2106 -0.7451 -0.6329
vn 0.2514 -0.6589 -0.7090
vn 0.3331 0.0167 -0.9428
vn 0.3163 0.0154 -0.9485
vn 0.3349 -0.0000 -0.9422
vn -0.0000 1.0000 -0.0000
vn -0.0056 0.9998 -0.0176
vn -0.2505 0.6618 -0.7066
vn -0.2093 0.7474 -0.6305
vn 0.2203 -0.0137 -0.9753
vn 0.0014 -0.0141 -0.9999
vn 0.3172 -0.0133 -0.9483
vn -0.2107 -0.7461 -0.6316
vn -0.1420 -0.7598 -0.6344
vn -0.2185 -0.0137 -0.9757
vn -0.3167 -0.0133 -0.9484
vn -0.1424 0.7610 -0.6329
vn -0.2513 -0.6589 -0.7090
vn -0.3344 -0.0132 -0.9423
vn 0.3346 -0.0131 -0.9423
vn -0.0065 -0.9998 -0.0192
vn -0.0032 -0.9999 -0.0158
vn -0.2187 0.0161 -0.9757
vn -0.3162 0.0154 -0.9486
vn 0.0013 0.0165 -0.9999
vn 0.2201 0.0161 -0.9753
vn -0.3347 -0.0000 -0.9423
vn -0.3332 0.0167 -0.9427
vt 0.750466 0.285768
vt 0.750855 0.285768
vt 0.751244 0.294686
vt 0.751244 0.285768
vt 0.751244 0.290227
vt 0.414034 0.473660
vt 0.417874 0.473557
vt 0.417874 0.559839
vt 0.751244 0.383983
vt 0.751244 0.473280
vt 0.416599 0.286933
vt 0.417428 0.660651
vt 0.417874 0.624703
vt 0.417932 0.660792
vt 0.751244 0.653537
vt 0.751244 0.657164
vt 0.750855 0.660792
vt 0.585681 0.286903
vt 0.750466 0.660792
vt 0.584610 0.473557
vt 0.588425 0.500677
vt 0.584610 0.559839
vt 0.585020 0.660653
vt 0.584610 0.624703
vt 0.584588 0.660792
vt 0.418240 0.660792
vt 0.421999 0.624703
vt 0.418547 0.660792
vt 0.251276 0.285768
vt 0.251842 0.285768
vt 0.251276 0.290227
vt 0.252409 0.285768
vt 0.251276 0.294686
vt 0.251276 0.383983
vt 0.251276 0.473280
vt 0.251276 0.657164
vt 0.251276 0.653537
vt 0.251842 0.660792
vt 0.417438 0.285890
vt 0.417932 0.285768
vt 0.417874 0.322965
vt 0.751244 0.563409
vt 0.580638 0.559839
vt 0.580632 0.473557
vt 0.580640 0.624703
vt 0.584610 0.322965
vt 0.584610 0.387553
vt 0.580622 0.387553
vt 0.580621 0.322965
vt 0.417874 0.387553
vt 0.584588 0.285768
vt 0.584239 0.285768
vt 0.584239 0.660792
vt 0.751244 0.660792
vt 0.585012 0.285890
vt 0.588425 0.387553
vt 0.421992 0.387553
vt 0.421992 0.322965
vt 0.421992 0.473557
vt 0.421999 0.559839
vt 0.418548 0.285768
vt 0.418240 0.285768
vt 0.252409 0.660792
vt 0.251276 0.563408
vt 0.251276 0.660792
s 1
usemtl pages.003
f 3367/1999/1869 3386/2000/1869 3362/2001/1869
f 3386/2000/1869 3352/2002/1869 3394/2003/1869
f 3392/2004/1870 3356/2005/1871 3396/2006/1872
f 3367/1999/1869 3391/2007/1869 3358/2008/1869
f 3367/1999/1869 3362/2001/1869 3391/2007/1869
f 3380/2009/1873 3392/2004/1870 3381/2010/1874
f 3381/2010/1874 3363/2011/1875 3349/2012/1876
f 3365/2013/1869 3387/2014/1869 3400/2015/1869
f 3369/2016/1877 3367/1999/1869 3368/2017/1869
f 3357/2018/1878 3401/2019/1879 3397/2020/1880
f 3401/2019/1879 3369/2016/1877 3370/2021/1881
f 3364/2022/1882 3370/2021/1881 3353/2023/1883
f 3385/2024/1884 3379/2025/1885 3376/2026/1886
f 3348/2027/1887 3409/2028/1887 3384/2029/1887
f 3409/2028/1887 3382/2030/1887 3359/2031/1887
f 3359/2031/1887 3382/2030/1887 3393/2032/1887
f 3393/2032/1887 3382/2030/1887 3355/2033/1887
f 3399/2034/1887 3366/2035/1887 3383/2036/1887
f 3395/2037/1888 3350/2038/1889 3360/2039/1890
f 3398/2040/1869 3368/2017/1869 3367/1999/1869 3358/2008/1869
f 3362/2001/1869 3386/2000/1869 3394/2003/1869
f 3368/2017/1869 3398/2040/1869 3365/2013/1869
f 3397/2020/1880 3404/2041/1891 3373/2042/1892 3357/2018/1878
f 3364/2022/1882 3375/2043/1893 3404/2041/1891 3397/2020/1880
f 3396/2006/1872 3363/2011/1875 3381/2010/1874 3392/2004/1870
f 3361/2044/1894 3390/2045/1895 3403/2046/1896 3374/2047/1897
f 3390/2045/1895 3357/2018/1878 3373/2042/1892 3403/2046/1896
f 3389/2048/1898 3392/2004/1870 3395/2037/1888 3360/2039/1890
f 3354/2049/1899 3361/2044/1894 3374/2047/1897 3372/2050/1900
f 3380/2009/1873 3395/2037/1888 3392/2004/1870
f 3353/2023/1883 3371/2051/1901 3375/2043/1893 3364/2022/1882
f 3392/2004/1870 3389/2048/1898 3356/2005/1871
f 3370/2021/1881 3364/2022/1882 3397/2020/1880 3401/2019/1879
f 3368/2017/1869 3365/2013/1869 3400/2015/1869
f 3400/2015/1869 3387/2014/1869 3351/2052/1869
f 3370/2021/1881 3369/2016/1877 3368/2017/1869
f 3361/2044/1894 3354/2049/1899 3402/2053/1902
f 3410/2054/1903 3401/2019/1879 3357/2018/1878 3390/2045/1895
f 3402/2053/1902 3410/2054/1903 3390/2045/1895 3361/2044/1894
f 3371/2051/1901 3376/2026/1886 3379/2025/1885 3375/2043/1893
f 3410/2054/1903 3402/2053/1902 3369/2016/1877
f 3401/2019/1879 3410/2054/1903 3369/2016/1877
f 3403/2046/1896 3407/2055/1904 3378/2056/1905 3374/2047/1897
f 3373/2042/1892 3377/2057/1906 3407/2055/1904 3403/2046/1896
f 3404/2041/1891 3406/2058/1907 3377/2057/1906 3373/2042/1892
f 3375/2043/1893 3379/2025/1885 3406/2058/1907 3404/2041/1891
f 3374/2047/1897 3378/2056/1905 3411/2059/1908 3372/2050/1900
f 3378/2056/1905 3360/2039/1890 3350/2038/1889 3405/2060/1909
f 3406/2058/1907 3379/2025/1885 3363/2011/1875 3396/2006/1872
f 3405/2060/1909 3411/2059/1908 3378/2056/1905
f 3377/2057/1906 3406/2058/1907 3396/2006/1872 3356/2005/1871
f 3377/2057/1906 3356/2005/1871 3389/2048/1898 3407/2055/1904
f 3407/2055/1904 3389/2048/1898 3360/2039/1890 3378/2056/1905
f 3379/2025/1885 3385/2024/1884 3349/2012/1876 3363/2011/1875
f 3382/2030/1887 3408/2061/1887 3388/2062/1887 3355/2033/1887
f 3408/2061/1887 3380/2009/1873 3381/2010/1874
f 3382/2030/1887 3380/2009/1873 3408/2061/1887
f 3384/2029/1887 3409/2028/1887 3359/2031/1887
f 3366/2035/1887 3388/2062/1887 3408/2061/1887
f 3347/2063/1887 3399/2034/1887 3383/2036/1887
f 3383/2036/1887 3366/2035/1887 3408/2061/1887
o Cube.011
v 2.394645 0.075791 0.542922
v 2.743354 0.075791 0.541799
v 2.392555 0.075491 -0.522930
v 2.746457 0.075234 -0.522468
v 2.394648 -1.149771 0.542924
v 2.743356 -1.149771 0.541796
v 2.391433 -1.149215 -0.522702
v 2.745318 -1.149473 -0.522724
v 2.568968 0.075795 0.589048
v 2.568969 -1.149776 0.589048
v 2.721498 0.075787 0.526392
v 2.411423 0.075234 -0.522729
v 2.727624 0.075436 -0.522822
v 2.416494 -1.149764 0.527431
v 2.721956 -1.149721 0.525601
v 2.410295 -1.149415 -0.523017
v 2.726467 -1.149215 -0.522498
v 2.568965 0.075795 0.565981
v 2.568966 -1.149777 0.565981
v 2.723416 0.075726 -0.499339
v 2.749375 0.075731 -0.499369
v 2.748874 -1.119643 0.541308
v 2.748723 0.046797 0.540779
v 2.388561 -1.123162 -0.523263
v 2.388304 0.047144 -0.523288
v 2.749330 0.049141 -0.523098
v 2.749585 -1.121119 -0.523127
v 2.390883 0.046448 0.547201
v 2.390272 -1.119672 0.546629
v 2.747643 0.045703 0.546306
v 2.747356 -1.120824 0.546312
v 2.568874 -1.119666 0.594536
v 2.569221 0.046793 0.594341
v 2.414318 0.048436 -0.523305
v 2.414548 -1.121075 -0.523301
v 2.723574 -1.122416 -0.523146
v 2.723341 0.047075 -0.523141
v 2.422192 -1.119761 0.523838
v 2.422101 0.046872 0.524084
v 2.715438 -1.120419 0.524446
v 2.716026 0.045574 0.523255
v 2.569083 0.045402 0.560494
v 2.568652 -1.120818 0.560692
v 2.749441 -1.149681 -0.498784
v 2.755247 0.045575 -0.498125
v 2.723362 -1.149626 -0.499094
v 2.717353 -1.119374 -0.498663
v 2.716470 -0.137465 -0.356114
v 2.755286 -0.942794 -0.352442
v 2.415797 0.075745 0.522493
v 2.389038 -1.120239 0.541460
v 2.389156 0.046112 0.542756
v 2.388513 -1.149711 -0.499803
v 2.414474 -1.149707 -0.499760
v 2.420543 -1.119356 -0.499059
v 2.382601 -0.131199 -0.352773
v 2.388447 0.075700 -0.499219
v 2.414529 0.075646 -0.499517
v 2.421425 -0.132722 -0.353624
v 2.382641 -1.119553 -0.498558
v 2.483060 -1.149791 0.576003
v 2.483066 0.075806 0.576006
v 2.490825 -1.149771 0.554451
v 2.417994 0.075781 0.528872
v 2.429842 0.045919 0.528141
v 2.429566 -1.120296 0.528121
v 2.426277 0.047033 0.561552
v 2.423624 -1.119810 0.560791
v 2.732808 0.075794 0.548307
v 2.732800 -1.149781 0.548308
v 2.714020 0.075792 0.531432
v 2.713768 -1.149775 0.531590
v 2.708606 0.045997 0.527936
v 2.687307 -1.119895 0.535224
v 2.739698 0.046209 0.551106
v 2.713243 -1.119700 0.561164
v 2.743172 -1.149817 0.302593
v 2.742507 -1.149781 0.504005
v 2.736139 -1.149812 0.486873
v 2.721045 0.075823 0.493131
v 2.746719 0.045943 0.502659
v 2.748049 0.045931 0.310866
v 2.739436 0.046976 0.486020
v 2.720512 -1.149795 0.486899
v 2.747823 -1.121020 0.309229
v 2.746631 -1.120334 0.502729
v 2.739554 -1.120841 0.486273
v 2.716444 -0.943506 0.518961
v 2.716447 -0.138904 0.518773
v 2.742518 0.075760 0.503718
v 2.743538 0.075806 0.293789
v 2.735970 0.075849 0.486059
v 2.394727 0.075836 0.303861
v 2.395396 0.075800 0.505773
v 2.401762 0.075831 0.488622
v 2.417381 0.075815 0.488649
v 2.421440 -0.128287 0.519898
v 2.391193 -1.119858 0.504342
v 2.389838 -1.119976 0.310954
v 2.398424 -1.120829 0.487866
v 2.395384 -1.149740 0.505478
v 2.394360 -1.149787 0.295025
v 2.401931 -1.149830 0.487806
v 2.416848 -1.149803 0.494867
v 2.421452 -0.933894 0.519924
v 2.391248 0.046527 0.504741
v 2.390114 0.046852 0.314167
v 2.398367 0.046910 0.487969
v 2.649289 -1.149776 0.577060
v 2.498675 0.075795 0.556048
v 2.639276 -1.149776 0.556029
v 2.732201 0.076641 0.535899
v 2.732192 -1.150620 0.535967
v 2.593703 0.076591 0.577792
v 2.592447 -1.150571 0.577898
v 2.736395 -1.150553 -0.496667
v 2.736592 -1.120044 -0.524139
v 2.736423 0.044029 -0.524185
v 2.401374 0.044842 -0.524229
v 2.401530 -1.119403 -0.524191
v 2.501322 0.046804 0.551302
v 2.717732 0.047133 -0.499558
v 2.636714 -1.119841 0.551070
v 2.486146 -1.119711 0.582051
v 2.755224 -1.120450 -0.499387
v 2.382664 0.046469 -0.499808
v 2.652055 0.046673 0.581773
v 2.740881 -1.120960 0.550198
v 2.736399 0.076570 -0.497274
v 2.420756 -1.121825 0.520174
v 2.420158 0.047133 -0.499967
v 2.401496 0.076572 -0.497101
v 2.401490 -1.150551 -0.497710
v 2.500861 -1.119790 0.551006
v 2.486871 0.046968 0.582025
v 2.396299 -1.119757 0.550108
v 2.406874 0.076664 0.539765
v 2.406873 -1.150647 0.539657
v 2.649288 0.075795 0.577060
v 2.639275 0.075795 0.556029
v 2.637576 0.046690 0.551074
v 2.651519 -1.119637 0.582100
v 2.729454 0.076607 0.490390
v 2.717116 -1.122279 0.518367
v 2.742438 0.046435 0.460049
v 2.729542 -1.150594 0.490849
v 2.742431 -1.120771 0.458222
v 2.717075 0.049569 0.494661
v 2.408444 -1.150588 0.492132
v 2.408356 0.076614 0.492597
v 2.395411 -1.120332 0.461025
v 2.420885 -1.124004 0.493110
v 2.420780 0.048305 0.519723
v 2.395605 0.047031 0.461755
v 2.752328 -1.120000 -0.013881
v 2.748778 -1.119708 0.518078
v 2.748532 0.046858 0.517202
v 2.752444 0.046383 -0.044190
v 2.385566 0.046021 -0.013395
v 2.389125 0.045727 0.519854
v 2.389371 -1.120839 0.518974
v 2.385449 -1.120363 -0.043800
vn -0.4468 -0.1750 -0.8774
vn -0.7440 -0.1090 -0.6592
vn -0.8842 -0.1865 -0.4282
vn -0.9895 -0.1039 -0.1009
vn -0.9963 -0.0007 -0.0863
vn -0.0231 0.9992 0.0329
vn 0.0375 0.9984 -0.0426
vn 0.0936 0.9956 -0.0036
vn 0.0191 0.9998 0.0099
vn -0.0634 0.9978 -0.0207
vn -0.0303 0.9961 -0.0827
vn -0.0054 0.9999 -0.0153
vn 0.0035 0.9994 -0.0357
vn -0.0682 0.9976 -0.0124
vn -0.9894 -0.0936 0.1111
vn -0.9817 -0.1904 0.0087
vn -0.9679 -0.0764 0.2396
vn 0.9905 0.0965 0.0979
vn 0.9821 0.1881 0.0069
vn 0.9762 0.0706 0.2050
vn 0.0053 -0.9999 -0.0155
vn -0.0032 -0.9993 -0.0360
vn 0.0682 -0.9976 -0.0125
vn -0.0240 -0.9992 0.0327
vn 0.0617 -0.9978 -0.0232
vn 0.0623 -0.9522 -0.2990
vn 0.0042 0.9996 0.0267
vn 0.0636 0.9488 -0.3095
vn -0.0054 -0.9987 0.0497
vn 0.0041 -0.9997 0.0260
vn 0.0172 -0.9982 0.0576
vn -0.2452 -0.1760 0.9534
vn -0.2319 -0.0844 0.9691
vn -0.3455 -0.1015 0.9329
vn -0.8666 0.1000 -0.4889
vn -0.8603 0.1999 -0.4690
vn -0.9959 0.0899 -0.0078
vn 0.7652 -0.0913 -0.6373
vn 0.9851 -0.1080 -0.1336
vn 0.9963 -0.0008 -0.0861
vn 0.8123 -0.1759 -0.5561
vn 0.9861 0.1649 0.0212
vn 0.9960 0.0849 0.0269
vn 0.9947 0.1029 0.0084
vn -0.2305 0.0846 0.9694
vn -0.2464 0.1748 0.9533
vn -0.3473 0.0999 0.9324
vn -0.0096 -0.0397 -0.9992
vn 0.0042 -0.0164 -0.9999
vn 0.0766 -0.0130 -0.9970
vn 0.0087 0.0353 -0.9993
vn -0.0035 0.0135 -0.9999
vn -0.0696 0.0123 -0.9975
vn 0.9858 0.0988 -0.1358
vn 0.7740 0.1054 -0.6243
vn 0.9963 0.0014 -0.0861
vn -0.0001 0.0133 -0.9999
vn 0.0559 0.0264 -0.9981
vn 0.0669 -0.0105 -0.9977
vn 0.0010 -0.0129 -0.9999
vn -0.0008 0.0881 -0.9961
vn 0.2175 -0.0929 -0.9716
vn 0.2222 0.0867 -0.9711
vn -0.9900 0.0874 -0.1105
vn -0.9722 0.0863 -0.2177
vn -0.9905 -0.0843 -0.1088
vn 0.4468 -0.0938 0.8897
vn 0.4151 -0.1862 0.8905
vn 0.5119 -0.1997 0.8355
vn 0.5166 -0.0983 0.8506
vn -0.4209 0.0925 -0.9024
vn 0.9878 -0.0839 0.1315
vn -0.9803 0.0896 0.1760
vn 0.9621 0.0687 -0.2638
vn 0.9669 0.1518 -0.2051
vn 0.9941 0.0882 -0.0624
vn -0.9989 0.0006 -0.0471
vn -1.0000 0.0020 -0.0034
vn 0.9944 -0.1051 0.0088
vn -0.9805 -0.1734 -0.0920
vn -0.9860 -0.1652 0.0213
vn -0.9960 -0.0849 0.0268
vn -0.9947 -0.1029 0.0084
vn 0.9805 0.1736 -0.0919
vn 0.9903 0.0865 -0.1088
vn -0.9944 0.1051 0.0088
vn -0.9621 -0.0687 -0.2638
vn -0.9668 -0.1526 -0.2048
vn -0.9939 -0.0899 -0.0645
vn 0.3836 0.0879 -0.9193
vn 0.7079 0.2009 -0.6771
vn -0.3645 -0.2069 0.9079
vn -0.4277 -0.0984 0.8986
vn -0.4989 -0.0865 0.8623
vn -0.0088 0.9989 0.0453
vn -0.0600 0.9976 0.0344
vn 0.0100 -0.9962 -0.0860
vn 0.3999 -0.0866 -0.9124
vn 0.2403 -0.1799 -0.9539
vn 0.3404 -0.0878 0.9362
vn 0.4293 0.0958 0.8981
vn -0.2215 -0.0867 -0.9713
vn 0.0018 -0.0889 -0.9960
vn 0.0262 -0.9979 0.0592
vn 0.0185 -0.9998 0.0094
vn 0.0567 -0.9979 0.0308
vn -0.0272 0.9957 -0.0891
vn 0.0099 0.9961 -0.0878
vn 0.9942 -0.0853 -0.0657
vn 0.9627 -0.0693 -0.2617
vn 0.9962 -0.0872 0.0049
vn 0.9901 -0.0848 -0.1119
vn 1.0000 0.0018 -0.0034
vn 0.9866 -0.1633 0.0063
vn -0.9944 0.0849 -0.0631
vn -0.9630 0.0698 -0.2603
vn 0.0062 1.0000 -0.0059
vn 0.1098 0.9939 -0.0088
vn 0.0640 0.9980 0.0004
vn 0.0764 0.9970 -0.0079
vn -0.9914 -0.1304 0.0071
vn 0.9875 0.0675 -0.1425
vn 0.9810 0.1355 -0.1386
vn 0.0021 -1.0000 -0.0053
vn 0.1114 -0.9937 -0.0107
vn 0.0752 -0.9971 -0.0079
vn 0.0650 -0.9979 0.0004
vn 0.9874 -0.0647 -0.1447
vn 0.9778 -0.1420 -0.1542
vn 0.9950 -0.0786 0.0620
vn 0.9945 0.0799 0.0676
vn -0.0052 -1.0000 -0.0061
vn -0.1099 -0.9939 -0.0088
vn -0.0640 -0.9980 0.0004
vn -0.0738 -0.9972 -0.0071
vn -0.0017 1.0000 -0.0051
vn -0.1115 0.9937 -0.0107
vn -0.0727 0.9973 -0.0071
vn -0.0650 0.9979 0.0004
vn -0.9872 -0.0677 -0.1441
vn -0.9811 -0.1353 -0.1384
vn 0.9910 0.1332 0.0095
vn 0.9745 0.1847 -0.1272
vn -0.9878 0.0640 -0.1421
vn -0.9949 0.0787 0.0636
vn -0.9946 -0.0801 0.0662
vn -0.9779 0.1422 -0.1532
vn -0.0118 -0.0340 -0.9994
vn -0.0347 -0.0381 -0.9987
vn -0.0500 -0.0224 -0.9985
vn 0.0135 0.0380 -0.9992
vn 0.0388 0.0425 -0.9983
vn 0.5153 0.1986 0.8337
vn 0.4129 0.1853 0.8917
vn 0.5182 0.0948 0.8500
vn -0.0758 0.0126 -0.9970
vn 0.0011 -0.1738 -0.9848
vn -0.3257 -0.0887 -0.9413
vn -0.4300 0.1816 -0.8844
vn 0.0458 0.9987 -0.0216
vn 0.0305 0.9987 -0.0408
vn 0.0262 0.9979 0.0596
vn 0.0572 0.9979 0.0307
vn -0.0458 -0.9987 -0.0218
vn -0.0303 -0.9987 -0.0412
vn -0.0055 0.9988 0.0493
vn -0.0089 -0.9989 0.0455
vn -0.0608 -0.9976 0.0340
vn -0.0302 -0.9960 -0.0840
vn -0.0274 -0.9955 -0.0902
vn -0.0002 -0.0893 0.9960
vn -0.0004 -0.1791 0.9838
vn 0.2263 0.1693 -0.9592
vn 0.9586 -0.0971 0.2679
vn 0.9822 -0.1878 0.0090
vn -0.0001 0.1762 -0.9843
vn 0.9915 0.0861 -0.0977
vn 0.9805 0.1776 -0.0836
vn 0.0006 0.0897 0.9960
vn -0.0006 0.1795 0.9837
vn -0.0353 -0.0439 -0.9984
vn -0.0544 -0.0242 -0.9982
vn 0.0313 0.0390 -0.9988
vn 0.0479 0.0228 -0.9986
vn 0.9711 -0.0892 -0.2212
vn 0.9740 0.0800 -0.2120
vn -0.9738 -0.0832 -0.2114
vn -0.7058 0.1027 0.7009
vn 0.2398 0.0875 0.9669
vn 0.2377 -0.0904 0.9671
vn -0.8046 0.2360 0.5449
vn -0.9796 0.1729 -0.1027
vn -0.9867 0.1622 0.0057
vn 0.9855 -0.1683 0.0234
vn 0.9769 -0.1919 -0.0944
vn 0.9898 -0.0959 -0.1054
vn 1.0000 -0.0012 0.0041
vn 0.9961 -0.0846 0.0261
vn -0.9716 -0.1523 -0.1809
vn 0.9768 0.0826 -0.1977
vn 0.9741 0.1496 -0.1695
vn -0.0344 -0.9987 -0.0385
vn -0.0061 -0.9994 -0.0331
vn -0.0004 -0.9999 -0.0139
vn -0.0513 -0.9985 -0.0210
vn 0.0639 -0.9979 -0.0102
vn 0.9654 -0.1719 -0.1960
vn 0.9729 -0.0885 -0.2138
vn -0.9643 0.1707 -0.2024
vn -0.9914 -0.0860 -0.0988
vn -0.9805 -0.1775 -0.0844
vn -1.0000 0.0012 0.0041
vn -0.9855 0.1679 0.0227
vn -0.9768 0.1917 -0.0953
vn -0.9897 0.0958 -0.1065
vn -0.9961 0.0847 0.0266
vn 0.0343 0.9987 -0.0388
vn 0.0058 0.9994 -0.0333
vn 0.0004 0.9999 -0.0141
vn 0.0512 0.9985 -0.0212
vn -0.0639 0.9979 -0.0102
vn -0.9764 -0.0828 -0.1996
vn -0.9739 -0.1494 -0.1711
vn 0.9793 -0.1735 -0.1040
vn 0.9649 -0.1683 -0.2016
vn 0.9710 0.1530 -0.1837
vn -0.9724 0.0883 -0.2158
vn -0.9652 0.1714 -0.1977
vn 0.0862 -0.9963 0.0010
vn -0.2225 0.0886 -0.9709
vn 0.0175 0.9982 0.0581
vn -0.0675 -0.9975 -0.0197
vn -0.2235 0.1737 -0.9591
vn -0.2224 -0.1724 -0.9596
vn 0.2334 0.1745 0.9566
vn 0.2314 -0.1807 0.9559
vn -0.0824 0.9966 0.0020
vn 0.9656 -0.1561 -0.2078
vn -0.9659 0.1564 -0.2065
vn -0.0889 -0.9960 0.0016
vn 0.0890 0.9960 0.0020
vt 0.622129 0.750000
vt 0.624506 0.751170
vt 0.625008 0.749503
vt 0.630054 0.748319
vt 0.664252 0.748531
vt 0.125005 0.749769
vt 0.125000 0.750000
vt 0.125000 0.748647
vt 0.624247 0.999997
vt 0.625000 1.000000
vt 0.622160 1.000000
vt 0.874949 0.505586
vt 0.874973 0.500039
vt 0.875000 0.501001
vt 0.369635 0.748856
vt 0.375318 0.749790
vt 0.374325 0.750020
vt 0.869725 0.748620
vt 0.874959 0.749722
vt 0.874305 0.750000
vt 0.374981 0.500903
vt 0.375000 0.500000
vt 0.374810 0.501695
vt 0.377892 0.749601
vt 0.375193 0.749805
vt 0.431602 0.750000
vt 0.518591 0.999972
vt 0.440197 1.000000
vt 0.377494 0.999997
vt 0.500016 0.750228
vt 0.517634 0.750029
vt 0.557471 0.750228
vt 0.438739 0.750228
vt 0.442578 0.756350
vt 0.399429 0.756330
vt 0.873772 0.749849
vt 0.875000 0.749736
vt 0.869192 0.741084
vt 0.374306 0.750000
vt 0.369976 0.748802
vt 0.335203 0.749378
vt 0.874772 0.692871
vt 0.868691 0.696914
vt 0.868783 0.618681
vt 0.442578 0.993902
vt 0.438744 0.999772
vt 0.399429 0.993916
vt 0.625330 0.500480
vt 0.630390 0.500075
vt 0.631063 0.500361
vt 0.125330 0.500428
vt 0.130620 0.500066
vt 0.131062 0.500322
vt 0.130037 0.748656
vt 0.125690 0.750000
vt 0.165561 0.747446
vt 0.869226 0.500074
vt 0.869345 0.500361
vt 0.374345 0.500000
vt 0.369516 0.500031
vt 0.500015 0.993611
vt 0.442186 0.756306
vt 0.442184 0.993897
vt 0.869947 0.505270
vt 0.874344 0.500000
vt 0.630364 0.505277
vt 0.619969 0.755219
vt 0.617162 0.750205
vt 0.625031 0.749749
vt 0.625000 0.750690
vt 0.625000 0.999307
vt 0.618297 0.994500
vt 0.630491 0.748639
vt 0.130419 0.748855
vt 0.868693 0.741265
vt 0.874772 0.741775
vt 0.868880 0.744069
vt 0.834566 0.748349
vt 0.832648 0.539727
vt 0.631286 0.619471
vt 0.625000 0.501056
vt 0.374773 0.692954
vt 0.368704 0.697221
vt 0.368787 0.617983
vt 0.125000 0.500946
vt 0.130053 0.505172
vt 0.131290 0.618782
vt 0.368680 0.741681
vt 0.374772 0.742190
vt 0.368880 0.744485
vt 0.381613 0.994512
vt 0.375000 0.999310
vt 0.375377 1.000000
vt 0.380076 0.755447
vt 0.375437 0.999982
vt 0.500000 0.750000
vt 0.382109 0.755359
vt 0.600636 0.756352
vt 0.618443 0.994488
vt 0.557862 0.756296
vt 0.500015 0.756097
vt 0.623689 0.749539
vt 0.559852 1.000000
vt 0.500000 1.000000
vt 0.631323 0.744051
vt 0.631195 0.741171
vt 0.369192 0.740451
vt 0.369535 0.505180
vt 0.167686 0.540475
vt 0.375000 0.739765
vt 0.131351 0.744485
vt 0.131188 0.741681
vt 0.874972 0.739204
vt 0.874772 0.738130
vt 0.625230 0.738197
vt 0.868844 0.738105
vt 0.625029 0.738860
vt 0.625000 0.738245
vt 0.625000 0.740917
vt 0.625005 0.732496
vt 0.631185 0.738096
vt 0.631106 0.732731
vt 0.868794 0.731936
vt 0.374971 0.739613
vt 0.374772 0.738542
vt 0.125029 0.739741
vt 0.125228 0.738714
vt 0.125228 0.742246
vt 0.125228 0.695246
vt 0.368821 0.738516
vt 0.125000 0.738364
vt 0.131215 0.738502
vt 0.131085 0.732335
vt 0.368777 0.732335
vt 0.369396 0.500272
vt 0.874658 0.500499
vt 0.617184 0.999788
vt 0.625000 0.999306
vt 0.602204 0.756285
vt 0.874752 0.505939
vt 0.375000 0.500890
vt 0.500016 0.999772
vt 0.559852 0.750000
vt 0.500016 0.756359
vt 0.500016 0.750229
vt 0.868431 0.506263
vt 0.500016 0.993866
vt 0.625000 0.500000
vt 0.625684 0.500000
vt 0.125000 0.500000
vt 0.125684 0.500000
vt 0.375362 0.998988
vt 0.557471 0.993842
vt 0.557471 0.756365
vt 0.125690 0.750000
vt 0.125040 0.749777
vt 0.875000 0.739359
vt 0.625248 0.506077
vt 0.631074 0.506170
vt 0.667373 0.540553
vt 0.631060 0.700093
vt 0.625051 0.505719
vt 0.368461 0.505334
vt 0.167375 0.540475
vt 0.125248 0.505975
vt 0.131074 0.506069
vt 0.131121 0.697221
vt 0.125051 0.505615
vt 0.557864 0.993873
vt 0.557471 0.999772
vt 0.874995 0.749708
s 1
usemtl cover.003
f 3483/2064/1910 3451/2065/1911 3426/2066/1912
f 3426/2066/1912 3451/2065/1911 3555/2067/1913
f 3555/2067/1913 3451/2065/1911 3499/2068/1914
f 3548/2069/1915 3475/2070/1916 3461/2071/1917
f 3523/2072/1918 3422/2073/1919 3482/2074/1920
f 3540/2075/1921 3424/2076/1922 3431/2077/1923
f 3462/2078/1924 3416/2079/1925 3440/2080/1926
f 3434/2081/1927 3413/2082/1928 3441/2083/1929
f 3544/2084/1930 3427/2085/1931 3465/2086/1932
f 3549/2087/1933 3425/2088/1934 3474/2089/1935
f 3525/2090/1936 3521/2091/1937 3548/2092/1915
f 3421/2093/1938 3526/2094/1939 3520/2095/1940
f 3472/2096/1941 3535/2097/1942 3479/2098/1943
f 3452/2099/1944 3422/2100/1945 3559/2101/1946
f 3449/2102/1947 3541/2103/1948 3516/2104/1949
f 3449/2102/1947 3425/2088/1950 3541/2103/1948
f 3502/2105/1951 3493/2106/1952 3569/2107/1953
f 3546/2108/1954 3473/2109/1955 3478/2110/1956
f 3419/2111/1957 3528/2112/1958 3438/2113/1959
f 3414/2114/1960 3530/2115/1961 3436/2116/1962
f 3564/2117/1963 3450/2118/1964 3508/2119/1965
f 3529/2120/1966 3437/2121/1967 3438/2113/1959
f 3446/2122/1968 3531/2123/1969 3530/2115/1961
f 3453/2124/1970 3545/2125/1971 3532/2126/1972
f 3533/2127/1973 3448/2128/1974 3458/2129/1975
f 3539/2130/1976 3481/2131/1977 3417/2132/1978 3442/2133/1979
f 3452/2134/1944 3451/2065/1911 3484/2135/1980
f 3441/2083/1929 3433/2136/1981 3434/2081/1927
f 3440/2080/1926 3463/2137/1982 3462/2078/1924
f 3499/2068/1914 3451/2065/1911 3452/2099/1944
f 3492/2138/1983 3501/2139/1984 3568/2140/1985
f 3500/2141/1986 3559/2101/1946 3459/2142/1987
f 3493/2106/1952 3566/2143/1988 3569/2107/1953
f 3457/2144/1989 3555/2067/1913 3458/2129/1975
f 3513/2145/1990 3510/2146/1991 3573/2147/1992
f 3469/2148/1993 3564/2117/1963 3542/2149/1994
f 3510/2146/1991 3570/2150/1995 3573/2147/1992
f 3509/2151/1996 3512/2152/1997 3572/2153/1998
f 3476/2154/1999 3449/2102/1947 3450/2155/1964
f 3450/2155/1964 3475/2156/2000 3476/2154/1999
f 3416/2079/2001 3547/2157/2002 3440/2080/2003
f 3473/2109/2004 3548/2092/1915 3412/2158/2005
f 3526/2094/1939 3474/2089/1935 3430/2159/2006
f 3477/2160/2007 3474/2089/2008 3425/2088/1950
f 3487/2161/2009 3539/2130/1976 3486/2162/2010
f 3534/2163/2011 3454/2164/2012 3453/2124/1970
f 3481/2131/2013 3524/2165/2014 3417/2132/2015
f 3525/2090/1936 3551/2166/2016 3429/2167/2017
f 3458/2129/1975 3499/2068/1914 3500/2141/1986
f 3567/2168/2018 3497/2169/2019 3492/2138/1983
f 3516/2104/1949 3563/2170/2020 3466/2171/2021
f 3466/2171/2021 3470/2172/2022 3516/2104/1949
f 3470/2172/2022 3508/2119/1965 3516/2104/1949
f 3541/2103/1948 3515/2173/2023 3563/2170/2020
f 3462/2078/1924 3571/2174/2024 3572/2153/1998
f 3571/2174/2024 3517/2175/2025 3509/2151/1996
f 3554/2176/2026 3503/2177/2027 3502/2105/2028
f 3503/2177/2027 3554/2176/2026 3501/2139/2029
f 3555/2067/1913 3495/2178/2030 3426/2066/1912
f 3555/2067/1913 3457/2144/1989 3495/2178/2030
f 3501/2139/1984 3494/2179/2031 3503/2177/2032
f 3557/2180/2033 3490/2181/2034 3489/2182/2035
f 3490/2181/2034 3557/2180/2033 3488/2183/2036
f 3498/2184/2037 3490/2181/2038 3558/2185/2039
f 3498/2184/2037 3556/2186/2040 3494/2179/2031
f 3560/2187/2041 3514/2188/2042 3513/2145/2043
f 3514/2188/2042 3560/2187/2041 3512/2152/2044
f 3561/2189/2045 3506/2190/2046 3505/2191/2047
f 3506/2190/2046 3561/2189/2045 3504/2192/2048
f 3512/2152/1997 3511/2193/2049 3514/2188/2050
f 3564/2117/1963 3507/2194/2051 3461/2071/2052
f 3564/2117/1963 3469/2148/1993 3507/2194/2051
f 3519/2195/2053 3565/2196/2054 3562/2197/2055
f 3519/2195/2053 3506/2190/2056 3565/2196/2054
f 3481/2131/1977 3539/2130/1976 3487/2161/2009
f 3531/2123/1969 3427/2085/2057 3418/2085/2058 3435/2198/2059
f 3529/2120/1966 3424/2076/2060 3415/2199/2061 3437/2121/1967
f 3531/2123/1969 3446/2122/1968 3427/2085/2057
f 3413/2073/2062 3480/2200/2063 3486/2162/2010 3441/2201/2064
f 3529/2120/1966 3448/2128/2065 3424/2076/2060
f 3430/2159/2066 3474/2089/2008 3545/2125/1971 3454/2164/2012
f 3483/2064/1910 3485/2202/2067 3451/2065/1911
f 3477/2160/2007 3545/2125/1971 3474/2089/2008
f 3452/2134/1944 3484/2135/1980 3482/2074/2068 3422/2073/1945
f 3540/2075/1921 3432/2203/2069 3415/2199/2070 3424/2076/1922
f 3480/2200/2071 3413/2073/2072 3523/2072/1918
f 3544/2084/1930 3464/2204/2073 3418/2085/2074 3427/2085/1931
f 3548/2092/1915 3473/2109/2004 3420/2205/2075 3525/2090/1936
f 3472/2096/2076 3416/2079/2077 3549/2087/1933
f 3524/2165/2014 3481/2131/2013 3520/2095/1940 3526/2094/1939
f 3525/2090/1936 3429/2167/2017 3521/2091/1937
f 3548/2092/1915 3521/2091/1937 3475/2156/1916
f 3483/2064/2078 3524/2165/2014 3526/2094/1939 3522/2206/2079
f 3526/2094/1939 3430/2159/2006 3522/2206/2079
f 3443/2207/2080 3535/2097/1942 3472/2096/1941 3421/2208/2081
f 3521/2091/2082 3532/2126/1972 3476/2154/1999 3475/2156/2000
f 3433/2136/1981 3442/2133/2083 3417/2132/2084
f 3429/2167/2085 3453/2124/1970 3532/2126/1972 3521/2091/2082
f 3569/2107/1953 3456/2209/2086 3432/2203/2087 3502/2105/1951
f 3500/2141/1986 3452/2099/1944 3559/2101/1946
f 3473/2109/1955 3546/2108/1954 3444/2210/2088 3420/2205/2089
f 3428/2211/2090 3447/2212/2091 3528/2112/1958 3419/2111/1957
f 3423/2213/2092 3445/2214/2093 3530/2115/1961 3414/2114/1960
f 3450/2118/1964 3564/2117/1963 3461/2071/2052 3475/2070/2000
f 3529/2120/1966 3528/2112/1958 3447/2212/2091 3448/2128/2065
f 3528/2112/1958 3529/2120/1966 3438/2113/1959
f 3435/2198/2059 3436/2116/1962 3530/2115/1961 3531/2123/1969
f 3445/2214/2093 3446/2122/1968 3530/2115/1961
f 3477/2160/2007 3476/2154/1999 3532/2126/1972 3545/2125/1971
f 3542/2149/1994 3466/2171/2021 3446/2122/2094 3445/2214/2095
f 3453/2124/1970 3454/2164/2012 3545/2125/1971
f 3459/2142/1987 3533/2127/1973 3458/2129/1975
f 3448/2128/1974 3447/2212/2096 3458/2129/1975
f 3479/2098/1943 3478/2110/1956 3439/2215/2097 3547/2157/2002
f 3466/2171/2021 3542/2149/1994 3470/2172/2022
f 3484/2135/1980 3451/2065/1911 3485/2202/2067
f 3487/2161/2009 3486/2162/2010 3538/2216/2098 3553/2217/2099
f 3439/2215/2097 3440/2080/2003 3547/2157/2002
f 3441/2083/1929 3442/2133/2083 3433/2136/1981
f 3440/2080/1926 3439/2218/2097 3463/2137/1982
f 3553/2217/2099 3538/2216/2098 3444/2210/2088 3443/2207/2080
f 3413/2082/1928 3434/2081/1927 3568/2140/1985 3501/2139/1984
f 3463/2137/1982 3439/2218/2097 3412/2219/2100
f 3500/2141/1986 3499/2068/1914 3452/2099/1944
f 3431/2077/2101 3533/2127/1973 3559/2101/1946 3491/2220/2102
f 3459/2142/1987 3559/2101/1946 3533/2127/1973
f 3566/2143/1988 3488/2183/2103 3455/2221/2104 3536/2222/2105
f 3460/2223/2106 3456/2209/2086 3569/2107/1953 3566/2143/1988
f 3536/2222/2105 3460/2223/2106 3566/2143/1988
f 3488/2183/2103 3566/2143/1988 3496/2224/2107
f 3447/2212/2096 3428/2211/2108 3457/2144/1989 3458/2129/1975
f 3493/2106/1952 3496/2224/2107 3566/2143/1988
f 3458/2129/1975 3555/2067/1913 3499/2068/1914
f 3432/2203/2087 3456/2209/2086 3437/2121/2109 3415/2199/2110
f 3428/2211/2111 3419/2111/2112 3527/2225/2113 3457/2144/2114
f 3419/2111/2112 3455/2221/2115 3527/2225/2113
f 3455/2221/2104 3419/2111/2116 3438/2113/2117 3536/2222/2105
f 3431/2077/2101 3424/2076/2118 3448/2128/1974 3533/2127/1973
f 3548/2069/1915 3561/2189/2045 3505/2191/2047 3412/2219/2005
f 3438/2113/2117 3437/2121/2109 3456/2209/2086 3536/2222/2105
f 3561/2189/2045 3548/2069/1915 3461/2071/1917
f 3573/2147/1992 3471/2226/2119 3464/2204/2120 3513/2145/1990
f 3456/2209/2086 3460/2223/2106 3536/2222/2105
f 3559/2101/1946 3422/2100/1945 3491/2220/2102
f 3450/2118/1964 3449/2102/1947 3516/2104/1949 3508/2119/1965
f 3508/2119/1965 3470/2172/2022 3542/2149/1994 3564/2117/1963
f 3467/2227/2121 3471/2226/2119 3573/2147/1992 3570/2150/1995
f 3570/2150/1995 3504/2192/2122 3468/2228/2123 3537/2229/2124
f 3510/2146/1991 3518/2230/2125 3570/2150/1995
f 3423/2213/2126 3414/2114/2127 3543/2231/2128 3469/2148/2129
f 3537/2229/2124 3467/2227/2121 3570/2150/1995
f 3504/2192/2122 3570/2150/1995 3518/2230/2125
f 3414/2114/2127 3468/2228/2130 3543/2231/2128
f 3464/2204/2120 3471/2226/2119 3435/2198/2131 3418/2085/2132
f 3465/2086/2133 3427/2085/2134 3446/2122/2094 3466/2171/2021
f 3445/2214/2095 3423/2213/2135 3469/2148/1993 3542/2149/1994
f 3436/2116/2136 3435/2198/2131 3471/2226/2119 3537/2229/2124
f 3468/2228/2123 3414/2114/2137 3436/2116/2136 3537/2229/2124
f 3471/2226/2119 3467/2227/2121 3537/2229/2124
f 3416/2079/1925 3462/2078/1924 3572/2153/1998 3512/2152/1997
f 3549/2087/1933 3416/2079/2077 3512/2152/2044 3560/2187/2041
f 3425/2088/1934 3549/2087/1933 3560/2187/2041 3515/2173/2138
f 3443/2207/2080 3444/2210/2088 3546/2108/1954 3535/2097/1942
f 3535/2097/1942 3546/2108/1954 3478/2110/1956 3479/2098/1943
f 3412/2158/2100 3439/2215/2097 3478/2110/1956 3473/2109/1955
f 3476/2154/1999 3477/2160/2007 3449/2102/1947
f 3479/2098/1943 3547/2157/2002 3416/2079/2001 3472/2096/1941
f 3549/2087/1933 3526/2094/1939 3421/2093/1938 3472/2096/2076
f 3442/2133/1979 3441/2201/2064 3486/2162/2010 3539/2130/1976
f 3526/2094/1939 3549/2087/1933 3474/2089/1935
f 3449/2102/1947 3477/2160/2007 3425/2088/1950
f 3534/2163/2011 3552/2232/2139 3484/2135/1980 3485/2202/2067
f 3552/2232/2139 3534/2163/2011 3453/2124/1970
f 3523/2072/1918 3525/2090/1936 3550/2233/2140 3480/2200/2071
f 3524/2165/2014 3483/2064/2078 3426/2066/2141
f 3420/2205/2075 3550/2233/2140 3525/2090/1936
f 3482/2074/1920 3551/2166/2016 3525/2090/1936 3523/2072/1918
f 3552/2232/2139 3453/2124/1970 3429/2167/2085 3551/2166/2142
f 3484/2135/1980 3552/2232/2139 3551/2166/2142 3482/2074/2068
f 3534/2163/2011 3522/2206/2143 3430/2159/2066 3454/2164/2012
f 3485/2202/2067 3483/2064/1910 3522/2206/2143 3534/2163/2011
f 3480/2200/2063 3550/2233/2144 3538/2216/2098 3486/2162/2010
f 3550/2233/2144 3420/2205/2089 3444/2210/2088 3538/2216/2098
f 3443/2207/2080 3421/2208/2081 3520/2095/2145 3553/2217/2099
f 3553/2217/2099 3520/2095/2145 3481/2131/1977 3487/2161/2009
f 3540/2075/1921 3554/2176/2026 3502/2105/2028 3432/2203/2069
f 3491/2220/2146 3554/2176/2026 3540/2075/1921 3431/2077/1923
f 3417/2132/2084 3489/2182/2147 3567/2168/2018 3433/2136/1981
f 3459/2142/1987 3458/2129/1975 3500/2141/1986
f 3497/2169/2019 3567/2168/2018 3489/2182/2147
f 3527/2225/2113 3455/2221/2115 3488/2183/2036 3557/2180/2033
f 3523/2234/1918 3413/2082/2072 3501/2139/2029 3554/2176/2026
f 3527/2225/2113 3557/2180/2033 3457/2144/2114
f 3422/2100/1919 3523/2234/1918 3554/2176/2026 3491/2220/2146
f 3567/2168/2018 3568/2140/1985 3434/2081/1927 3433/2136/1981
f 3568/2140/1985 3567/2168/2018 3492/2138/1983
f 3465/2086/2133 3466/2171/2021 3563/2170/2020 3515/2173/2023
f 3412/2219/2100 3505/2191/2148 3571/2174/2024 3463/2137/1982
f 3517/2175/2025 3571/2174/2024 3505/2191/2148
f 3544/2084/1930 3560/2187/2041 3513/2145/2043 3464/2204/2073
f 3515/2173/2138 3560/2187/2041 3544/2084/1930 3465/2086/1932
f 3543/2231/2128 3468/2228/2130 3504/2192/2048 3561/2189/2045
f 3516/2104/1949 3541/2103/1948 3563/2170/2020
f 3541/2103/1948 3425/2088/1950 3515/2173/2023
f 3572/2153/1998 3571/2174/2024 3509/2151/1996
f 3462/2078/1924 3463/2137/1982 3571/2174/2024
f 3502/2105/1951 3503/2177/2032 3556/2186/2040 3493/2106/1952
f 3543/2231/2128 3561/2189/2045 3469/2148/2129
f 3501/2139/1984 3492/2138/1983 3494/2179/2031
f 3494/2179/2031 3556/2186/2040 3503/2177/2032
f 3498/2184/2037 3497/2169/2019 3489/2182/2147 3490/2181/2038
f 3426/2066/2141 3495/2178/2149 3557/2180/2033
f 3557/2180/2033 3495/2178/2149 3457/2144/2114
f 3488/2183/2103 3496/2224/2107 3558/2185/2039 3490/2181/2038
f 3494/2179/2031 3492/2138/1983 3497/2169/2019 3498/2184/2037
f 3493/2106/1952 3556/2186/2040 3558/2185/2039 3496/2224/2107
f 3498/2184/2037 3558/2185/2039 3556/2186/2040
f 3513/2145/1990 3514/2188/2050 3562/2197/2055 3510/2146/1991
f 3461/2071/1917 3507/2194/2150 3561/2189/2045
f 3561/2189/2045 3507/2194/2150 3469/2148/2129
f 3512/2152/1997 3509/2151/1996 3511/2193/2049
f 3511/2193/2049 3562/2197/2055 3514/2188/2050
f 3519/2195/2053 3511/2193/2049 3509/2151/1996 3517/2175/2025
f 3518/2230/2125 3510/2146/1991 3562/2197/2055 3565/2196/2054
f 3511/2193/2049 3519/2195/2053 3562/2197/2055
f 3519/2195/2053 3517/2175/2025 3505/2191/2148 3506/2190/2056
f 3504/2192/2122 3518/2230/2125 3565/2196/2054 3506/2190/2056
f 3524/2165/2014 3557/2180/2033 3489/2182/2035 3417/2132/2015
f 3557/2180/2033 3524/2165/2014 3426/2066/2141
o Cube.012
v 0.943199 1.669514 0.523796
v 1.236160 1.669514 0.523872
v 0.942263 1.668783 -0.493816
v 1.237311 1.668783 -0.493816
v 0.943199 0.482478 0.524153
v 1.236160 0.482478 0.524229
v 0.942263 0.483299 -0.493959
v 1.237311 0.483299 -0.493959
v 1.089569 1.669514 0.560221
v 1.089569 1.668783 -0.458197
v 1.089569 0.483299 -0.458339
v 1.089569 0.482478 0.560221
v 1.208047 1.669514 0.534976
v 1.208047 1.668783 -0.483441
v 1.208047 0.483299 -0.483584
v 1.208047 0.482478 0.534976
v 0.970655 1.668783 -0.483750
v 0.970655 0.483299 -0.483893
v 0.970655 0.482478 0.534667
v 0.970656 1.669514 0.534667
v 1.237311 0.482478 0.352370
v 0.942263 0.482478 0.352370
v 1.237311 0.482478 -0.319308
v 0.942263 0.482539 -0.469573
v 0.942264 0.510838 -0.494733
v 1.237312 0.510789 -0.494729
v 1.089530 0.510778 -0.459111
v 1.207752 0.510856 -0.484257
v 0.970369 0.510720 -0.484760
v 0.942263 1.469590 -0.494800
v 1.089587 1.640452 -0.459133
v 1.208170 1.640453 -0.484418
v 0.970797 1.640401 -0.484638
v 1.237311 1.669514 -0.319015
v 0.942263 1.669464 -0.469014
v 1.237311 1.669514 0.351064
v 0.942382 1.669514 0.500207
v 1.230876 1.669514 0.526738
v 0.942263 1.642785 -0.494677
v 1.237165 0.482478 0.501241
v 0.948071 0.482478 0.526561
v 1.021687 1.669514 0.550684
v 1.157233 1.668783 -0.467521
v 1.157233 0.483299 -0.467664
v 1.157233 0.482478 0.550896
v 1.089738 1.669421 -0.432344
v 1.157233 1.669514 0.550896
v 1.230876 0.482478 0.526784
v 1.237311 1.669423 -0.470574
v 1.021687 1.668783 -0.467734
v 1.021687 0.483299 -0.467876
v 1.021687 0.482478 0.550684
v 0.948071 1.669514 0.526516
v 0.942382 0.482478 0.501231
v 1.067849 0.482581 -0.435890
v 1.237311 0.482580 -0.470937
v 1.157164 0.510851 -0.468419
v 1.021619 0.510739 -0.468663
v 1.237311 1.642785 -0.494677
v 1.021720 1.640403 -0.468662
v 1.157262 1.640449 -0.468463
v 0.942263 1.669514 0.351064
v 1.237165 1.669514 0.500217
v 1.157233 0.482581 -0.444948
v 1.237311 1.469606 -0.494800
vn -0.0000 -1.0000 -0.0000
vn 0.0003 0.9999 -0.0119
vn 0.0008 0.7766 -0.6300
vn 0.1434 0.7610 -0.6328
vn -0.0001 1.0000 -0.0003
vn 0.0055 0.9998 -0.0174
vn 0.2095 0.7476 -0.6303
vn 0.2505 0.6619 -0.7065
vn -0.0001 -1.0000 -0.0004
vn -0.0005 -0.7724 -0.6352
vn 0.0016 -0.9999 -0.0146
vn 0.1443 -0.7587 -0.6352
vn 0.0063 -0.9998 -0.0194
vn 0.2106 -0.7451 -0.6329
vn 0.2514 -0.6589 -0.7090
vn 0.3331 0.0167 -0.9428
vn 0.3163 0.0154 -0.9485
vn 0.3349 -0.0000 -0.9422
vn -0.0000 1.0000 -0.0000
vn -0.0056 0.9998 -0.0176
vn -0.2505 0.6618 -0.7066
vn -0.2093 0.7474 -0.6305
vn 0.2203 -0.0137 -0.9753
vn 0.0014 -0.0141 -0.9999
vn 0.3172 -0.0133 -0.9483
vn -0.2107 -0.7461 -0.6316
vn -0.1420 -0.7598 -0.6344
vn -0.2185 -0.0137 -0.9757
vn -0.3167 -0.0133 -0.9484
vn -0.1424 0.7610 -0.6329
vn -0.2513 -0.6589 -0.7090
vn -0.3344 -0.0132 -0.9423
vn 0.3346 -0.0131 -0.9423
vn -0.0065 -0.9998 -0.0192
vn -0.0032 -0.9999 -0.0158
vn -0.2187 0.0161 -0.9757
vn -0.3162 0.0154 -0.9486
vn 0.0013 0.0165 -0.9999
vn 0.2201 0.0161 -0.9753
vn -0.3347 -0.0000 -0.9423
vn -0.3332 0.0167 -0.9427
vt 0.750466 0.285768
vt 0.750855 0.285768
vt 0.751244 0.294686
vt 0.751244 0.285768
vt 0.751244 0.290227
vt 0.414034 0.473660
vt 0.417874 0.473557
vt 0.417874 0.559839
vt 0.751244 0.383983
vt 0.751244 0.473280
vt 0.416599 0.286933
vt 0.417428 0.660651
vt 0.417874 0.624703
vt 0.417932 0.660792
vt 0.751244 0.653537
vt 0.751244 0.657164
vt 0.750855 0.660792
vt 0.585681 0.286903
vt 0.750466 0.660792
vt 0.584610 0.473557
vt 0.588425 0.500677
vt 0.584610 0.559839
vt 0.585020 0.660653
vt 0.584610 0.624703
vt 0.584588 0.660792
vt 0.418240 0.660792
vt 0.421999 0.624703
vt 0.418547 0.660792
vt 0.251276 0.285768
vt 0.251842 0.285768
vt 0.251276 0.290227
vt 0.252409 0.285768
vt 0.251276 0.294686
vt 0.251276 0.383983
vt 0.251276 0.473280
vt 0.251276 0.657164
vt 0.251276 0.653537
vt 0.251842 0.660792
vt 0.417438 0.285890
vt 0.417932 0.285768
vt 0.417874 0.322965
vt 0.751244 0.563409
vt 0.580638 0.559839
vt 0.580632 0.473557
vt 0.580640 0.624703
vt 0.584610 0.322965
vt 0.584610 0.387553
vt 0.580622 0.387553
vt 0.580621 0.322965
vt 0.417874 0.387553
vt 0.584588 0.285768
vt 0.584239 0.285768
vt 0.584239 0.660792
vt 0.751244 0.660792
vt 0.585012 0.285890
vt 0.588425 0.387553
vt 0.421992 0.387553
vt 0.421992 0.322965
vt 0.421992 0.473557
vt 0.421999 0.559839
vt 0.418548 0.285768
vt 0.418240 0.285768
vt 0.252409 0.660792
vt 0.251276 0.563408
vt 0.251276 0.660792
s 1
usemtl pages.003
f 3594/2235/2151 3613/2236/2151 3589/2237/2151
f 3613/2236/2151 3579/2238/2151 3621/2239/2151
f 3619/2240/2152 3583/2241/2153 3623/2242/2154
f 3594/2235/2151 3618/2243/2151 3585/2244/2151
f 3594/2235/2151 3589/2237/2151 3618/2243/2151
f 3607/2245/2155 3619/2240/2152 3608/2246/2156
f 3608/2246/2156 3590/2247/2157 3576/2248/2158
f 3592/2249/2151 3614/2250/2151 3627/2251/2151
f 3596/2252/2159 3594/2235/2151 3595/2253/2151
f 3584/2254/2160 3628/2255/2161 3624/2256/2162
f 3628/2255/2161 3596/2252/2159 3597/2257/2163
f 3591/2258/2164 3597/2257/2163 3580/2259/2165
f 3612/2260/2166 3606/2261/2167 3603/2262/2168
f 3575/2263/2169 3636/2264/2169 3611/2265/2169
f 3636/2264/2169 3609/2266/2169 3586/2267/2169
f 3586/2267/2169 3609/2266/2169 3620/2268/2169
f 3620/2268/2169 3609/2266/2169 3582/2269/2169
f 3626/2270/2169 3593/2271/2169 3610/2272/2169
f 3622/2273/2170 3577/2274/2171 3587/2275/2172
f 3625/2276/2151 3595/2253/2151 3594/2235/2151 3585/2244/2151
f 3589/2237/2151 3613/2236/2151 3621/2239/2151
f 3595/2253/2151 3625/2276/2151 3592/2249/2151
f 3624/2256/2162 3631/2277/2173 3600/2278/2174 3584/2254/2160
f 3591/2258/2164 3602/2279/2175 3631/2277/2173 3624/2256/2162
f 3623/2242/2154 3590/2247/2157 3608/2246/2156 3619/2240/2152
f 3588/2280/2176 3617/2281/2177 3630/2282/2178 3601/2283/2179
f 3617/2281/2177 3584/2254/2160 3600/2278/2174 3630/2282/2178
f 3616/2284/2180 3619/2240/2152 3622/2273/2170 3587/2275/2172
f 3581/2285/2181 3588/2280/2176 3601/2283/2179 3599/2286/2182
f 3607/2245/2155 3622/2273/2170 3619/2240/2152
f 3580/2259/2165 3598/2287/2183 3602/2279/2175 3591/2258/2164
f 3619/2240/2152 3616/2284/2180 3583/2241/2153
f 3597/2257/2163 3591/2258/2164 3624/2256/2162 3628/2255/2161
f 3595/2253/2151 3592/2249/2151 3627/2251/2151
f 3627/2251/2151 3614/2250/2151 3578/2288/2151
f 3597/2257/2163 3596/2252/2159 3595/2253/2151
f 3588/2280/2176 3581/2285/2181 3629/2289/2184
f 3637/2290/2185 3628/2255/2161 3584/2254/2160 3617/2281/2177
f 3629/2289/2184 3637/2290/2185 3617/2281/2177 3588/2280/2176
f 3598/2287/2183 3603/2262/2168 3606/2261/2167 3602/2279/2175
f 3637/2290/2185 3629/2289/2184 3596/2252/2159
f 3628/2255/2161 3637/2290/2185 3596/2252/2159
f 3630/2282/2178 3634/2291/2186 3605/2292/2187 3601/2283/2179
f 3600/2278/2174 3604/2293/2188 3634/2291/2186 3630/2282/2178
f 3631/2277/2173 3633/2294/2189 3604/2293/2188 3600/2278/2174
f 3602/2279/2175 3606/2261/2167 3633/2294/2189 3631/2277/2173
f 3601/2283/2179 3605/2292/2187 3638/2295/2190 3599/2286/2182
f 3605/2292/2187 3587/2275/2172 3577/2274/2171 3632/2296/2191
f 3633/2294/2189 3606/2261/2167 3590/2247/2157 3623/2242/2154
f 3632/2296/2191 3638/2295/2190 3605/2292/2187
f 3604/2293/2188 3633/2294/2189 3623/2242/2154 3583/2241/2153
f 3604/2293/2188 3583/2241/2153 3616/2284/2180 3634/2291/2186
f 3634/2291/2186 3616/2284/2180 3587/2275/2172 3605/2292/2187
f 3606/2261/2167 3612/2260/2166 3576/2248/2158 3590/2247/2157
f 3609/2266/2169 3635/2297/2169 3615/2298/2169 3582/2269/2169
f 3635/2297/2169 3607/2245/2155 3608/2246/2156
f 3609/2266/2169 3607/2245/2155 3635/2297/2169
f 3611/2265/2169 3636/2264/2169 3586/2267/2169
f 3593/2271/2169 3615/2298/2169 3635/2297/2169
f 3574/2299/2169 3626/2270/2169 3610/2272/2169
f 3610/2272/2169 3593/2271/2169 3635/2297/2169
o Cube.013
v 0.915487 1.688778 0.542922
v 1.264195 1.688777 0.541800
v 0.913397 1.688478 -0.522930
v 1.267299 1.688221 -0.522468
v 0.915489 0.463215 0.542924
v 1.264198 0.463215 0.541796
v 0.912274 0.463772 -0.522702
v 1.266160 0.463514 -0.522724
v 1.089810 1.688781 0.589048
v 1.089810 0.463211 0.589048
v 1.242339 1.688773 0.526392
v 0.932265 1.688221 -0.522729
v 1.248466 1.688422 -0.522822
v 0.937336 0.463222 0.527432
v 1.242798 0.463266 0.525601
v 0.931137 0.463571 -0.523016
v 1.247309 0.463772 -0.522498
v 1.089807 1.688781 0.565981
v 1.089807 0.463210 0.565981
v 1.244258 1.688713 -0.499338
v 1.270217 1.688717 -0.499369
v 1.269716 0.493343 0.541308
v 1.269565 1.659784 0.540779
v 0.909402 0.489825 -0.523263
v 0.909146 1.660130 -0.523287
v 1.270171 1.662128 -0.523098
v 1.270427 0.491868 -0.523126
v 0.911724 1.659434 0.547201
v 0.911114 0.493315 0.546629
v 1.268484 1.658690 0.546306
v 1.268198 0.492162 0.546313
v 1.089715 0.493321 0.594536
v 1.090063 1.659779 0.594341
v 0.935160 1.661422 -0.523305
v 0.935390 0.491912 -0.523301
v 1.244416 0.490570 -0.523145
v 1.244183 1.660061 -0.523141
v 0.943034 0.493226 0.523838
v 0.942942 1.659859 0.524084
v 1.236279 0.492567 0.524447
v 1.236868 1.658561 0.523255
v 1.089925 1.658389 0.560494
v 1.089493 0.492169 0.560692
v 1.270283 0.463306 -0.498783
v 1.276089 1.658561 -0.498125
v 1.244204 0.463360 -0.499094
v 1.238195 0.493612 -0.498662
v 1.237311 1.475521 -0.356114
v 1.276128 0.670192 -0.352442
v 0.936638 1.688732 0.522494
v 0.909880 0.492747 0.541460
v 0.909998 1.659099 0.542756
v 0.909355 0.463275 -0.499803
v 0.935316 0.463279 -0.499760
v 0.941385 0.493630 -0.499059
v 0.903443 1.481788 -0.352773
v 0.909288 1.688687 -0.499219
v 0.935371 1.688632 -0.499516
v 0.942267 1.480264 -0.353623
v 0.903482 0.493434 -0.498558
v 1.003902 0.463196 0.576003
v 1.003908 1.688792 0.576006
v 1.011667 0.463215 0.554452
v 0.938835 1.688768 0.528872
v 0.950684 1.658906 0.528141
v 0.950408 0.492690 0.528121
v 0.947119 1.660019 0.561552
v 0.944466 0.493177 0.560791
v 1.253649 1.688780 0.548307
v 1.253642 0.463206 0.548308
v 1.234861 1.688779 0.531432
v 1.234610 0.463212 0.531590
v 1.229448 1.658983 0.527937
v 1.208148 0.493092 0.535224
v 1.260539 1.659195 0.551106
v 1.234085 0.493287 0.561164
v 1.264014 0.463170 0.302593
v 1.263348 0.463206 0.504005
v 1.256981 0.463175 0.486873
v 1.241887 1.688809 0.493131
v 1.267561 1.658929 0.502660
v 1.268890 1.658917 0.310866
v 1.260277 1.659963 0.486021
v 1.241354 0.463191 0.486899
v 1.268665 0.491966 0.309229
v 1.267472 0.492653 0.502729
v 1.260396 0.492146 0.486273
v 1.237285 0.669481 0.518961
v 1.237289 1.474083 0.518773
v 1.263360 1.688746 0.503718
v 1.264380 1.688792 0.293789
v 1.256812 1.688836 0.486059
v 0.915568 1.688822 0.303861
v 0.916238 1.688787 0.505773
v 0.922603 1.688818 0.488622
v 0.938223 1.688801 0.488649
v 0.942282 1.484700 0.519898
v 0.912035 0.493129 0.504342
v 0.910680 0.493010 0.310954
v 0.919266 0.492158 0.487866
v 0.916226 0.463246 0.505479
v 0.915202 0.463200 0.295025
v 0.922773 0.463157 0.487807
v 0.937690 0.463183 0.494867
v 0.942294 0.679093 0.519924
v 0.912090 1.659514 0.504741
v 0.910956 1.659839 0.314167
v 0.919208 1.659897 0.487969
v 1.170130 0.463211 0.577060
v 1.019517 1.688781 0.556048
v 1.160117 0.463211 0.556029
v 1.253043 1.689627 0.535899
v 1.253034 0.462366 0.535967
v 1.114545 1.689577 0.577792
v 1.113288 0.462416 0.577898
v 1.257236 0.462434 -0.496667
v 1.257434 0.492943 -0.524139
v 1.257265 1.657016 -0.524185
v 0.922215 1.657828 -0.524229
v 0.922372 0.493584 -0.524191
v 1.022163 1.659791 0.551302
v 1.238574 1.660120 -0.499558
v 1.157556 0.493145 0.551070
v 1.006988 0.493275 0.582051
v 1.276066 0.492536 -0.499387
v 0.903506 1.659456 -0.499808
v 1.172896 1.659660 0.581773
v 1.261723 0.492026 0.550199
v 1.257240 1.689557 -0.497274
v 0.941598 0.491161 0.520174
v 0.941000 1.660119 -0.499967
v 0.922338 1.689559 -0.497101
v 0.922332 0.462435 -0.497710
v 1.021702 0.493196 0.551006
v 1.007712 1.659954 0.582025
v 0.917141 0.493230 0.550108
v 0.927716 1.689651 0.539765
v 0.927715 0.462339 0.539657
v 1.170130 1.688781 0.577060
v 1.160117 1.688781 0.556029
v 1.158417 1.659677 0.551074
v 1.172361 0.493349 0.582100
v 1.250296 1.689594 0.490391
v 1.237958 0.490707 0.518367
v 1.263280 1.659422 0.460049
v 1.250383 0.462392 0.490849
v 1.263273 0.492215 0.458222
v 1.237917 1.662556 0.494661
v 0.929285 0.462399 0.492132
v 0.929198 1.689600 0.492597
v 0.916253 0.492654 0.461025
v 0.941727 0.488983 0.493110
v 0.941622 1.661292 0.519723
v 0.916446 1.660018 0.461755
v 1.273170 0.492987 -0.013881
v 1.269620 0.493278 0.518078
v 1.269374 1.659845 0.517202
v 1.273286 1.659370 -0.044190
v 0.906408 1.659008 -0.013395
v 0.909967 1.658714 0.519854
v 0.910213 0.492148 0.518974
v 0.906291 0.492623 -0.043800
vn -0.4468 -0.1750 -0.8774
vn -0.7440 -0.1090 -0.6592
vn -0.8842 -0.1865 -0.4282
vn -0.9895 -0.1039 -0.1009
vn -0.9963 -0.0007 -0.0863
vn -0.0231 0.9992 0.0329
vn 0.0375 0.9984 -0.0426
vn 0.0936 0.9956 -0.0036
vn 0.0191 0.9998 0.0099
vn -0.0634 0.9978 -0.0207
vn -0.0303 0.9961 -0.0827
vn -0.0054 0.9999 -0.0153
vn 0.0035 0.9994 -0.0357
vn -0.0682 0.9976 -0.0124
vn -0.9894 -0.0936 0.1111
vn -0.9817 -0.1904 0.0087
vn -0.9679 -0.0764 0.2396
vn 0.9905 0.0965 0.0979
vn 0.9821 0.1881 0.0069
vn 0.9762 0.0706 0.2050
vn 0.0053 -0.9999 -0.0155
vn -0.0032 -0.9993 -0.0360
vn 0.0682 -0.9976 -0.0125
vn -0.0240 -0.9992 0.0327
vn 0.0617 -0.9978 -0.0232
vn 0.0623 -0.9522 -0.2990
vn 0.0042 0.9996 0.0267
vn 0.0636 0.9488 -0.3095
vn -0.0054 -0.9987 0.0497
vn 0.0041 -0.9997 0.0260
vn 0.0172 -0.9982 0.0576
vn -0.2452 -0.1760 0.9534
vn -0.2319 -0.0844 0.9691
vn -0.3455 -0.1015 0.9329
vn -0.8666 0.1000 -0.4889
vn -0.8603 0.1999 -0.4690
vn -0.9959 0.0899 -0.0078
vn 0.7652 -0.0913 -0.6373
vn 0.9851 -0.1080 -0.1336
vn 0.9963 -0.0008 -0.0861
vn 0.8123 -0.1759 -0.5561
vn 0.9861 0.1649 0.0212
vn 0.9960 0.0849 0.0269
vn 0.9947 0.1029 0.0084
vn -0.2305 0.0846 0.9694
vn -0.2464 0.1748 0.9533
vn -0.3473 0.0999 0.9324
vn -0.0096 -0.0397 -0.9992
vn 0.0042 -0.0164 -0.9999
vn 0.0766 -0.0130 -0.9970
vn 0.0087 0.0353 -0.9993
vn -0.0035 0.0135 -0.9999
vn -0.0696 0.0123 -0.9975
vn 0.9858 0.0988 -0.1358
vn 0.7740 0.1054 -0.6243
vn 0.9963 0.0014 -0.0861
vn -0.0001 0.0133 -0.9999
vn 0.0559 0.0264 -0.9981
vn 0.0669 -0.0105 -0.9977
vn 0.0010 -0.0129 -0.9999
vn -0.0008 0.0881 -0.9961
vn 0.2175 -0.0929 -0.9716
vn 0.2222 0.0867 -0.9711
vn -0.9900 0.0874 -0.1105
vn -0.9722 0.0863 -0.2177
vn -0.9905 -0.0843 -0.1088
vn 0.4468 -0.0938 0.8897
vn 0.4151 -0.1862 0.8905
vn 0.5119 -0.1997 0.8355
vn 0.5166 -0.0983 0.8506
vn -0.4209 0.0925 -0.9024
vn 0.9878 -0.0839 0.1315
vn -0.9803 0.0896 0.1760
vn 0.9621 0.0687 -0.2638
vn 0.9669 0.1518 -0.2051
vn 0.9941 0.0882 -0.0624
vn -0.9989 0.0006 -0.0471
vn -1.0000 0.0020 -0.0034
vn 0.9944 -0.1051 0.0088
vn -0.9805 -0.1734 -0.0920
vn -0.9860 -0.1652 0.0213
vn -0.9960 -0.0849 0.0268
vn -0.9947 -0.1029 0.0084
vn 0.9805 0.1736 -0.0919
vn 0.9903 0.0865 -0.1088
vn -0.9944 0.1051 0.0088
vn -0.9621 -0.0687 -0.2638
vn -0.9668 -0.1526 -0.2048
vn -0.9939 -0.0899 -0.0645
vn 0.3836 0.0879 -0.9193
vn 0.7079 0.2009 -0.6771
vn -0.3645 -0.2069 0.9079
vn -0.4277 -0.0984 0.8986
vn -0.4989 -0.0865 0.8623
vn -0.0088 0.9989 0.0453
vn -0.0600 0.9976 0.0344
vn 0.0100 -0.9962 -0.0860
vn 0.3999 -0.0866 -0.9124
vn 0.2403 -0.1799 -0.9539
vn 0.3404 -0.0878 0.9362
vn 0.4293 0.0958 0.8981
vn -0.2215 -0.0867 -0.9713
vn 0.0018 -0.0889 -0.9960
vn 0.0262 -0.9979 0.0592
vn 0.0185 -0.9998 0.0094
vn 0.0567 -0.9979 0.0308
vn -0.0272 0.9957 -0.0891
vn 0.0099 0.9961 -0.0878
vn 0.9942 -0.0853 -0.0657
vn 0.9627 -0.0693 -0.2617
vn 0.9962 -0.0872 0.0049
vn 0.9901 -0.0848 -0.1119
vn 1.0000 0.0018 -0.0034
vn 0.9866 -0.1633 0.0063
vn -0.9944 0.0849 -0.0631
vn -0.9630 0.0698 -0.2603
vn 0.0062 1.0000 -0.0059
vn 0.1098 0.9939 -0.0088
vn 0.0640 0.9980 0.0004
vn 0.0764 0.9970 -0.0079
vn -0.9914 -0.1304 0.0071
vn 0.9875 0.0675 -0.1425
vn 0.9810 0.1355 -0.1386
vn 0.0021 -1.0000 -0.0053
vn 0.1114 -0.9937 -0.0107
vn 0.0752 -0.9971 -0.0079
vn 0.0650 -0.9979 0.0004
vn 0.9874 -0.0647 -0.1447
vn 0.9778 -0.1420 -0.1542
vn 0.9950 -0.0786 0.0620
vn 0.9945 0.0799 0.0676
vn -0.0052 -1.0000 -0.0061
vn -0.1099 -0.9939 -0.0088
vn -0.0640 -0.9980 0.0004
vn -0.0738 -0.9972 -0.0071
vn -0.0017 1.0000 -0.0051
vn -0.1115 0.9937 -0.0107
vn -0.0727 0.9973 -0.0071
vn -0.0650 0.9979 0.0004
vn -0.9872 -0.0677 -0.1441
vn -0.9811 -0.1353 -0.1384
vn 0.9910 0.1332 0.0095
vn 0.9745 0.1847 -0.1272
vn -0.9878 0.0640 -0.1421
vn -0.9949 0.0787 0.0636
vn -0.9946 -0.0801 0.0662
vn -0.9779 0.1422 -0.1532
vn -0.0118 -0.0340 -0.9994
vn -0.0347 -0.0381 -0.9987
vn -0.0500 -0.0224 -0.9985
vn 0.0135 0.0380 -0.9992
vn 0.0388 0.0425 -0.9983
vn 0.5153 0.1986 0.8337
vn 0.4129 0.1853 0.8917
vn 0.5182 0.0948 0.8500
vn -0.0758 0.0126 -0.9970
vn 0.0011 -0.1738 -0.9848
vn -0.3257 -0.0887 -0.9413
vn -0.4300 0.1816 -0.8844
vn 0.0458 0.9987 -0.0216
vn 0.0305 0.9987 -0.0408
vn 0.0262 0.9979 0.0596
vn 0.0572 0.9979 0.0307
vn -0.0458 -0.9987 -0.0218
vn -0.0303 -0.9987 -0.0412
vn -0.0055 0.9988 0.0493
vn -0.0089 -0.9989 0.0455
vn -0.0608 -0.9976 0.0340
vn -0.0302 -0.9960 -0.0840
vn -0.0274 -0.9955 -0.0902
vn -0.0002 -0.0893 0.9960
vn -0.0004 -0.1791 0.9838
vn 0.2263 0.1693 -0.9592
vn 0.9586 -0.0971 0.2679
vn 0.9822 -0.1878 0.0090
vn -0.0001 0.1762 -0.9843
vn 0.9915 0.0861 -0.0977
vn 0.9805 0.1776 -0.0836
vn 0.0006 0.0897 0.9960
vn -0.0006 0.1795 0.9837
vn -0.0353 -0.0439 -0.9984
vn -0.0544 -0.0242 -0.9982
vn 0.0313 0.0390 -0.9988
vn 0.0479 0.0228 -0.9986
vn 0.9711 -0.0892 -0.2212
vn 0.9740 0.0800 -0.2120
vn -0.9738 -0.0832 -0.2114
vn -0.7058 0.1027 0.7009
vn 0.2398 0.0875 0.9669
vn 0.2377 -0.0904 0.9671
vn -0.8046 0.2360 0.5449
vn -0.9796 0.1729 -0.1027
vn -0.9867 0.1622 0.0057
vn 0.9855 -0.1683 0.0234
vn 0.9769 -0.1919 -0.0944
vn 0.9898 -0.0959 -0.1054
vn 1.0000 -0.0012 0.0041
vn 0.9961 -0.0846 0.0261
vn -0.9716 -0.1523 -0.1809
vn 0.9768 0.0826 -0.1977
vn 0.9741 0.1496 -0.1695
vn -0.0344 -0.9987 -0.0385
vn -0.0061 -0.9994 -0.0331
vn -0.0004 -0.9999 -0.0139
vn -0.0513 -0.9985 -0.0210
vn 0.0639 -0.9979 -0.0102
vn 0.9654 -0.1719 -0.1960
vn 0.9729 -0.0885 -0.2138
vn -0.9643 0.1707 -0.2024
vn -0.9914 -0.0860 -0.0988
vn -0.9805 -0.1775 -0.0844
vn -1.0000 0.0012 0.0041
vn -0.9855 0.1679 0.0227
vn -0.9768 0.1917 -0.0953
vn -0.9897 0.0958 -0.1065
vn -0.9961 0.0847 0.0266
vn 0.0343 0.9987 -0.0388
vn 0.0058 0.9994 -0.0333
vn 0.0004 0.9999 -0.0141
vn 0.0512 0.9985 -0.0212
vn -0.0639 0.9979 -0.0102
vn -0.9764 -0.0828 -0.1996
vn -0.9739 -0.1494 -0.1711
vn 0.9793 -0.1735 -0.1040
vn 0.9649 -0.1683 -0.2016
vn 0.9710 0.1530 -0.1837
vn -0.9724 0.0883 -0.2158
vn -0.9652 0.1714 -0.1977
vn 0.0862 -0.9963 0.0010
vn -0.2225 0.0886 -0.9709
vn 0.0175 0.9982 0.0581
vn -0.0675 -0.9975 -0.0197
vn -0.2235 0.1737 -0.9591
vn -0.2224 -0.1724 -0.9596
vn 0.2334 0.1745 0.9566
vn 0.2314 -0.1807 0.9559
vn -0.0824 0.9966 0.0020
vn 0.9656 -0.1561 -0.2078
vn -0.9659 0.1564 -0.2065
vn -0.0889 -0.9960 0.0016
vn 0.0890 0.9960 0.0020
vt 0.622129 0.750000
vt 0.624506 0.751170
vt 0.625008 0.749503
vt 0.630054 0.748319
vt 0.664252 0.748531
vt 0.125005 0.749769
vt 0.125000 0.750000
vt 0.125000 0.748647
vt 0.624247 0.999997
vt 0.625000 1.000000
vt 0.622160 1.000000
vt 0.874949 0.505586
vt 0.874973 0.500039
vt 0.875000 0.501001
vt 0.369635 0.748856
vt 0.375318 0.749790
vt 0.374325 0.750020
vt 0.869725 0.748620
vt 0.874959 0.749722
vt 0.874305 0.750000
vt 0.374981 0.500903
vt 0.375000 0.500000
vt 0.374810 0.501695
vt 0.377892 0.749601
vt 0.375193 0.749805
vt 0.431602 0.750000
vt 0.518591 0.999972
vt 0.440197 1.000000
vt 0.377494 0.999997
vt 0.500016 0.750228
vt 0.517634 0.750029
vt 0.557471 0.750228
vt 0.438739 0.750228
vt 0.442578 0.756350
vt 0.399429 0.756330
vt 0.873772 0.749849
vt 0.875000 0.749736
vt 0.869192 0.741084
vt 0.374306 0.750000
vt 0.369976 0.748802
vt 0.335203 0.749378
vt 0.874772 0.692871
vt 0.868691 0.696914
vt 0.868783 0.618681
vt 0.442578 0.993902
vt 0.438744 0.999772
vt 0.399429 0.993916
vt 0.625330 0.500480
vt 0.630390 0.500075
vt 0.631063 0.500361
vt 0.125330 0.500428
vt 0.130620 0.500066
vt 0.131062 0.500322
vt 0.130037 0.748656
vt 0.125690 0.750000
vt 0.165561 0.747446
vt 0.869226 0.500074
vt 0.869345 0.500361
vt 0.374345 0.500000
vt 0.369516 0.500031
vt 0.500015 0.993611
vt 0.442186 0.756306
vt 0.442184 0.993897
vt 0.869947 0.505270
vt 0.874344 0.500000
vt 0.630364 0.505277
vt 0.619969 0.755219
vt 0.617162 0.750205
vt 0.625031 0.749749
vt 0.625000 0.750690
vt 0.625000 0.999307
vt 0.618297 0.994500
vt 0.630491 0.748639
vt 0.130419 0.748855
vt 0.868693 0.741265
vt 0.874772 0.741775
vt 0.868880 0.744069
vt 0.834566 0.748349
vt 0.832648 0.539727
vt 0.631286 0.619471
vt 0.625000 0.501056
vt 0.374773 0.692954
vt 0.368704 0.697221
vt 0.368787 0.617983
vt 0.125000 0.500946
vt 0.130053 0.505172
vt 0.131290 0.618782
vt 0.368680 0.741681
vt 0.374772 0.742190
vt 0.368880 0.744485
vt 0.381613 0.994512
vt 0.375000 0.999310
vt 0.375377 1.000000
vt 0.380076 0.755447
vt 0.375437 0.999982
vt 0.500000 0.750000
vt 0.382109 0.755359
vt 0.600636 0.756352
vt 0.618443 0.994488
vt 0.557862 0.756296
vt 0.500015 0.756097
vt 0.623689 0.749539
vt 0.559852 1.000000
vt 0.500000 1.000000
vt 0.631323 0.744051
vt 0.631195 0.741171
vt 0.369192 0.740451
vt 0.369535 0.505180
vt 0.167686 0.540475
vt 0.375000 0.739765
vt 0.131351 0.744485
vt 0.131188 0.741681
vt 0.874972 0.739204
vt 0.874772 0.738130
vt 0.625230 0.738197
vt 0.868844 0.738105
vt 0.625029 0.738860
vt 0.625000 0.738245
vt 0.625000 0.740917
vt 0.625005 0.732496
vt 0.631185 0.738096
vt 0.631106 0.732731
vt 0.868794 0.731936
vt 0.374971 0.739613
vt 0.374772 0.738542
vt 0.125029 0.739741
vt 0.125228 0.738714
vt 0.125228 0.742246
vt 0.125228 0.695246
vt 0.368821 0.738516
vt 0.125000 0.738364
vt 0.131215 0.738502
vt 0.131085 0.732335
vt 0.368777 0.732335
vt 0.369396 0.500272
vt 0.874658 0.500499
vt 0.617184 0.999788
vt 0.625000 0.999306
vt 0.602204 0.756285
vt 0.874752 0.505939
vt 0.375000 0.500890
vt 0.500016 0.999772
vt 0.559852 0.750000
vt 0.500016 0.756359
vt 0.500016 0.750229
vt 0.868431 0.506263
vt 0.500016 0.993866
vt 0.625000 0.500000
vt 0.625684 0.500000
vt 0.125000 0.500000
vt 0.125684 0.500000
vt 0.375362 0.998988
vt 0.557471 0.993842
vt 0.557471 0.756365
vt 0.125690 0.750000
vt 0.125040 0.749777
vt 0.875000 0.739359
vt 0.625248 0.506077
vt 0.631074 0.506170
vt 0.667373 0.540553
vt 0.631060 0.700093
vt 0.625051 0.505719
vt 0.368461 0.505334
vt 0.167375 0.540475
vt 0.125248 0.505975
vt 0.131074 0.506069
vt 0.131121 0.697221
vt 0.125051 0.505615
vt 0.557864 0.993873
vt 0.557471 0.999772
vt 0.874995 0.749708
s 1
usemtl cover.003
f 3710/2300/2192 3678/2301/2193 3653/2302/2194
f 3653/2302/2194 3678/2301/2193 3782/2303/2195
f 3782/2303/2195 3678/2301/2193 3726/2304/2196
f 3775/2305/2197 3702/2306/2198 3688/2307/2199
f 3750/2308/2200 3649/2309/2201 3709/2310/2202
f 3767/2311/2203 3651/2312/2204 3658/2313/2205
f 3689/2314/2206 3643/2315/2207 3667/2316/2208
f 3661/2317/2209 3640/2318/2210 3668/2319/2211
f 3771/2320/2212 3654/2321/2213 3692/2322/2214
f 3776/2323/2215 3652/2324/2216 3701/2325/2217
f 3752/2326/2218 3748/2327/2219 3775/2328/2197
f 3648/2329/2220 3753/2330/2221 3747/2331/2222
f 3699/2332/2223 3762/2333/2224 3706/2334/2225
f 3679/2335/2226 3649/2336/2227 3786/2337/2228
f 3676/2338/2229 3768/2339/2230 3743/2340/2231
f 3676/2338/2229 3652/2324/2232 3768/2339/2230
f 3729/2341/2233 3720/2342/2234 3796/2343/2235
f 3773/2344/2236 3700/2345/2237 3705/2346/2238
f 3646/2347/2239 3755/2348/2240 3665/2349/2241
f 3641/2350/2242 3757/2351/2243 3663/2352/2244
f 3791/2353/2245 3677/2354/2246 3735/2355/2247
f 3756/2356/2248 3664/2357/2249 3665/2349/2241
f 3673/2358/2250 3758/2359/2251 3757/2351/2243
f 3680/2360/2252 3772/2361/2253 3759/2362/2254
f 3760/2363/2255 3675/2364/2256 3685/2365/2257
f 3766/2366/2258 3708/2367/2259 3644/2368/2260 3669/2369/2261
f 3679/2370/2226 3678/2301/2193 3711/2371/2262
f 3668/2319/2211 3660/2372/2263 3661/2317/2209
f 3667/2316/2208 3690/2373/2264 3689/2314/2206
f 3726/2304/2196 3678/2301/2193 3679/2335/2226
f 3719/2374/2265 3728/2375/2266 3795/2376/2267
f 3727/2377/2268 3786/2337/2228 3686/2378/2269
f 3720/2342/2234 3793/2379/2270 3796/2343/2235
f 3684/2380/2271 3782/2303/2195 3685/2365/2257
f 3740/2381/2272 3737/2382/2273 3800/2383/2274
f 3696/2384/2275 3791/2353/2245 3769/2385/2276
f 3737/2382/2273 3797/2386/2277 3800/2383/2274
f 3736/2387/2278 3739/2388/2279 3799/2389/2280
f 3703/2390/2281 3676/2338/2229 3677/2391/2246
f 3677/2391/2246 3702/2392/2282 3703/2390/2281
f 3643/2315/2283 3774/2393/2284 3667/2316/2285
f 3700/2345/2286 3775/2328/2197 3639/2394/2287
f 3753/2330/2221 3701/2325/2217 3657/2395/2288
f 3704/2396/2289 3701/2325/2290 3652/2324/2232
f 3714/2397/2291 3766/2366/2258 3713/2398/2292
f 3761/2399/2293 3681/2400/2294 3680/2360/2252
f 3708/2367/2295 3751/2401/2296 3644/2368/2297
f 3752/2326/2218 3778/2402/2298 3656/2403/2299
f 3685/2365/2257 3726/2304/2196 3727/2377/2268
f 3794/2404/2300 3724/2405/2301 3719/2374/2265
f 3743/2340/2231 3790/2406/2302 3693/2407/2303
f 3693/2407/2303 3697/2408/2304 3743/2340/2231
f 3697/2408/2304 3735/2355/2247 3743/2340/2231
f 3768/2339/2230 3742/2409/2305 3790/2406/2302
f 3689/2314/2206 3798/2410/2306 3799/2389/2280
f 3798/2410/2306 3744/2411/2307 3736/2387/2278
f 3781/2412/2308 3730/2413/2309 3729/2341/2310
f 3730/2413/2309 3781/2412/2308 3728/2375/2311
f 3782/2303/2195 3722/2414/2312 3653/2302/2194
f 3782/2303/2195 3684/2380/2271 3722/2414/2312
f 3728/2375/2266 3721/2415/2313 3730/2413/2314
f 3784/2416/2315 3717/2417/2316 3716/2418/2317
f 3717/2417/2316 3784/2416/2315 3715/2419/2318
f 3725/2420/2319 3717/2417/2320 3785/2421/2321
f 3725/2420/2319 3783/2422/2322 3721/2415/2313
f 3787/2423/2323 3741/2424/2324 3740/2381/2325
f 3741/2424/2324 3787/2423/2323 3739/2388/2326
f 3788/2425/2327 3733/2426/2328 3732/2427/2329
f 3733/2426/2328 3788/2425/2327 3731/2428/2330
f 3739/2388/2279 3738/2429/2331 3741/2424/2332
f 3791/2353/2245 3734/2430/2333 3688/2307/2334
f 3791/2353/2245 3696/2384/2275 3734/2430/2333
f 3746/2431/2335 3792/2432/2336 3789/2433/2337
f 3746/2431/2335 3733/2426/2338 3792/2432/2336
f 3708/2367/2259 3766/2366/2258 3714/2397/2291
f 3758/2359/2251 3654/2321/2339 3645/2321/2340 3662/2434/2341
f 3756/2356/2248 3651/2312/2342 3642/2435/2343 3664/2357/2249
f 3758/2359/2251 3673/2358/2250 3654/2321/2339
f 3640/2309/2344 3707/2436/2345 3713/2398/2292 3668/2437/2346
f 3756/2356/2248 3675/2364/2347 3651/2312/2342
f 3657/2395/2348 3701/2325/2290 3772/2361/2253 3681/2400/2294
f 3710/2300/2192 3712/2438/2349 3678/2301/2193
f 3704/2396/2289 3772/2361/2253 3701/2325/2290
f 3679/2370/2226 3711/2371/2262 3709/2310/2350 3649/2309/2227
f 3767/2311/2203 3659/2439/2351 3642/2435/2352 3651/2312/2204
f 3707/2436/2353 3640/2309/2354 3750/2308/2200
f 3771/2320/2212 3691/2440/2355 3645/2321/2356 3654/2321/2213
f 3775/2328/2197 3700/2345/2286 3647/2441/2357 3752/2326/2218
f 3699/2332/2358 3643/2315/2359 3776/2323/2215
f 3751/2401/2296 3708/2367/2295 3747/2331/2222 3753/2330/2221
f 3752/2326/2218 3656/2403/2299 3748/2327/2219
f 3775/2328/2197 3748/2327/2219 3702/2392/2198
f 3710/2300/2360 3751/2401/2296 3753/2330/2221 3749/2442/2361
f 3753/2330/2221 3657/2395/2288 3749/2442/2361
f 3670/2443/2362 3762/2333/2224 3699/2332/2223 3648/2444/2363
f 3748/2327/2364 3759/2362/2254 3703/2390/2281 3702/2392/2282
f 3660/2372/2263 3669/2369/2365 3644/2368/2366
f 3656/2403/2367 3680/2360/2252 3759/2362/2254 3748/2327/2364
f 3796/2343/2235 3683/2445/2368 3659/2439/2369 3729/2341/2233
f 3727/2377/2268 3679/2335/2226 3786/2337/2228
f 3700/2345/2237 3773/2344/2236 3671/2446/2370 3647/2441/2371
f 3655/2447/2372 3674/2448/2373 3755/2348/2240 3646/2347/2239
f 3650/2449/2374 3672/2450/2375 3757/2351/2243 3641/2350/2242
f 3677/2354/2246 3791/2353/2245 3688/2307/2334 3702/2306/2282
f 3756/2356/2248 3755/2348/2240 3674/2448/2373 3675/2364/2347
f 3755/2348/2240 3756/2356/2248 3665/2349/2241
f 3662/2434/2341 3663/2352/2244 3757/2351/2243 3758/2359/2251
f 3672/2450/2375 3673/2358/2250 3757/2351/2243
f 3704/2396/2289 3703/2390/2281 3759/2362/2254 3772/2361/2253
f 3769/2385/2276 3693/2407/2303 3673/2358/2376 3672/2450/2377
f 3680/2360/2252 3681/2400/2294 3772/2361/2253
f 3686/2378/2269 3760/2363/2255 3685/2365/2257
f 3675/2364/2256 3674/2448/2378 3685/2365/2257
f 3706/2334/2225 3705/2346/2238 3666/2451/2379 3774/2393/2284
f 3693/2407/2303 3769/2385/2276 3697/2408/2304
f 3711/2371/2262 3678/2301/2193 3712/2438/2349
f 3714/2397/2291 3713/2398/2292 3765/2452/2380 3780/2453/2381
f 3666/2451/2379 3667/2316/2285 3774/2393/2284
f 3668/2319/2211 3669/2369/2365 3660/2372/2263
f 3667/2316/2208 3666/2454/2379 3690/2373/2264
f 3780/2453/2381 3765/2452/2380 3671/2446/2370 3670/2443/2362
f 3640/2318/2210 3661/2317/2209 3795/2376/2267 3728/2375/2266
f 3690/2373/2264 3666/2454/2379 3639/2455/2382
f 3727/2377/2268 3726/2304/2196 3679/2335/2226
f 3658/2313/2383 3760/2363/2255 3786/2337/2228 3718/2456/2384
f 3686/2378/2269 3786/2337/2228 3760/2363/2255
f 3793/2379/2270 3715/2419/2385 3682/2457/2386 3763/2458/2387
f 3687/2459/2388 3683/2445/2368 3796/2343/2235 3793/2379/2270
f 3763/2458/2387 3687/2459/2388 3793/2379/2270
f 3715/2419/2385 3793/2379/2270 3723/2460/2389
f 3674/2448/2378 3655/2447/2390 3684/2380/2271 3685/2365/2257
f 3720/2342/2234 3723/2460/2389 3793/2379/2270
f 3685/2365/2257 3782/2303/2195 3726/2304/2196
f 3659/2439/2369 3683/2445/2368 3664/2357/2391 3642/2435/2392
f 3655/2447/2393 3646/2347/2394 3754/2461/2395 3684/2380/2396
f 3646/2347/2394 3682/2457/2397 3754/2461/2395
f 3682/2457/2386 3646/2347/2398 3665/2349/2399 3763/2458/2387
f 3658/2313/2383 3651/2312/2400 3675/2364/2256 3760/2363/2255
f 3775/2305/2197 3788/2425/2327 3732/2427/2329 3639/2455/2287
f 3665/2349/2399 3664/2357/2391 3683/2445/2368 3763/2458/2387
f 3788/2425/2327 3775/2305/2197 3688/2307/2199
f 3800/2383/2274 3698/2462/2401 3691/2440/2402 3740/2381/2272
f 3683/2445/2368 3687/2459/2388 3763/2458/2387
f 3786/2337/2228 3649/2336/2227 3718/2456/2384
f 3677/2354/2246 3676/2338/2229 3743/2340/2231 3735/2355/2247
f 3735/2355/2247 3697/2408/2304 3769/2385/2276 3791/2353/2245
f 3694/2463/2403 3698/2462/2401 3800/2383/2274 3797/2386/2277
f 3797/2386/2277 3731/2428/2404 3695/2464/2405 3764/2465/2406
f 3737/2382/2273 3745/2466/2407 3797/2386/2277
f 3650/2449/2408 3641/2350/2409 3770/2467/2410 3696/2384/2411
f 3764/2465/2406 3694/2463/2403 3797/2386/2277
f 3731/2428/2404 3797/2386/2277 3745/2466/2407
f 3641/2350/2409 3695/2464/2412 3770/2467/2410
f 3691/2440/2402 3698/2462/2401 3662/2434/2413 3645/2321/2414
f 3692/2322/2415 3654/2321/2416 3673/2358/2376 3693/2407/2303
f 3672/2450/2377 3650/2449/2417 3696/2384/2275 3769/2385/2276
f 3663/2352/2418 3662/2434/2413 3698/2462/2401 3764/2465/2406
f 3695/2464/2405 3641/2350/2419 3663/2352/2418 3764/2465/2406
f 3698/2462/2401 3694/2463/2403 3764/2465/2406
f 3643/2315/2207 3689/2314/2206 3799/2389/2280 3739/2388/2279
f 3776/2323/2215 3643/2315/2359 3739/2388/2326 3787/2423/2323
f 3652/2324/2216 3776/2323/2215 3787/2423/2323 3742/2409/2420
f 3670/2443/2362 3671/2446/2370 3773/2344/2236 3762/2333/2224
f 3762/2333/2224 3773/2344/2236 3705/2346/2238 3706/2334/2225
f 3639/2394/2382 3666/2451/2379 3705/2346/2238 3700/2345/2237
f 3703/2390/2281 3704/2396/2289 3676/2338/2229
f 3706/2334/2225 3774/2393/2284 3643/2315/2283 3699/2332/2223
f 3776/2323/2215 3753/2330/2221 3648/2329/2220 3699/2332/2358
f 3669/2369/2261 3668/2437/2346 3713/2398/2292 3766/2366/2258
f 3753/2330/2221 3776/2323/2215 3701/2325/2217
f 3676/2338/2229 3704/2396/2289 3652/2324/2232
f 3761/2399/2293 3779/2468/2421 3711/2371/2262 3712/2438/2349
f 3779/2468/2421 3761/2399/2293 3680/2360/2252
f 3750/2308/2200 3752/2326/2218 3777/2469/2422 3707/2436/2353
f 3751/2401/2296 3710/2300/2360 3653/2302/2423
f 3647/2441/2357 3777/2469/2422 3752/2326/2218
f 3709/2310/2202 3778/2402/2298 3752/2326/2218 3750/2308/2200
f 3779/2468/2421 3680/2360/2252 3656/2403/2367 3778/2402/2424
f 3711/2371/2262 3779/2468/2421 3778/2402/2424 3709/2310/2350
f 3761/2399/2293 3749/2442/2425 3657/2395/2348 3681/2400/2294
f 3712/2438/2349 3710/2300/2192 3749/2442/2425 3761/2399/2293
f 3707/2436/2345 3777/2469/2426 3765/2452/2380 3713/2398/2292
f 3777/2469/2426 3647/2441/2371 3671/2446/2370 3765/2452/2380
f 3670/2443/2362 3648/2444/2363 3747/2331/2427 3780/2453/2381
f 3780/2453/2381 3747/2331/2427 3708/2367/2259 3714/2397/2291
f 3767/2311/2203 3781/2412/2308 3729/2341/2310 3659/2439/2351
f 3718/2456/2428 3781/2412/2308 3767/2311/2203 3658/2313/2205
f 3644/2368/2366 3716/2418/2429 3794/2404/2300 3660/2372/2263
f 3686/2378/2269 3685/2365/2257 3727/2377/2268
f 3724/2405/2301 3794/2404/2300 3716/2418/2429
f 3754/2461/2395 3682/2457/2397 3715/2419/2318 3784/2416/2315
f 3750/2470/2200 3640/2318/2354 3728/2375/2311 3781/2412/2308
f 3754/2461/2395 3784/2416/2315 3684/2380/2396
f 3649/2336/2201 3750/2470/2200 3781/2412/2308 3718/2456/2428
f 3794/2404/2300 3795/2376/2267 3661/2317/2209 3660/2372/2263
f 3795/2376/2267 3794/2404/2300 3719/2374/2265
f 3692/2322/2415 3693/2407/2303 3790/2406/2302 3742/2409/2305
f 3639/2455/2382 3732/2427/2430 3798/2410/2306 3690/2373/2264
f 3744/2411/2307 3798/2410/2306 3732/2427/2430
f 3771/2320/2212 3787/2423/2323 3740/2381/2325 3691/2440/2355
f 3742/2409/2420 3787/2423/2323 3771/2320/2212 3692/2322/2214
f 3770/2467/2410 3695/2464/2412 3731/2428/2330 3788/2425/2327
f 3743/2340/2231 3768/2339/2230 3790/2406/2302
f 3768/2339/2230 3652/2324/2232 3742/2409/2305
f 3799/2389/2280 3798/2410/2306 3736/2387/2278
f 3689/2314/2206 3690/2373/2264 3798/2410/2306
f 3729/2341/2233 3730/2413/2314 3783/2422/2322 3720/2342/2234
f 3770/2467/2410 3788/2425/2327 3696/2384/2411
f 3728/2375/2266 3719/2374/2265 3721/2415/2313
f 3721/2415/2313 3783/2422/2322 3730/2413/2314
f 3725/2420/2319 3724/2405/2301 3716/2418/2429 3717/2417/2320
f 3653/2302/2423 3722/2414/2431 3784/2416/2315
f 3784/2416/2315 3722/2414/2431 3684/2380/2396
f 3715/2419/2385 3723/2460/2389 3785/2421/2321 3717/2417/2320
f 3721/2415/2313 3719/2374/2265 3724/2405/2301 3725/2420/2319
f 3720/2342/2234 3783/2422/2322 3785/2421/2321 3723/2460/2389
f 3725/2420/2319 3785/2421/2321 3783/2422/2322
f 3740/2381/2272 3741/2424/2332 3789/2433/2337 3737/2382/2273
f 3688/2307/2199 3734/2430/2432 3788/2425/2327
f 3788/2425/2327 3734/2430/2432 3696/2384/2411
f 3739/2388/2279 3736/2387/2278 3738/2429/2331
f 3738/2429/2331 3789/2433/2337 3741/2424/2332
f 3746/2431/2335 3738/2429/2331 3736/2387/2278 3744/2411/2307
f 3745/2466/2407 3737/2382/2273 3789/2433/2337 3792/2432/2336
f 3738/2429/2331 3746/2431/2335 3789/2433/2337
f 3746/2431/2335 3744/2411/2307 3732/2427/2430 3733/2426/2338
f 3731/2428/2404 3745/2466/2407 3792/2432/2336 3733/2426/2338
f 3751/2401/2296 3784/2416/2315 3716/2418/2317 3644/2368/2297
f 3784/2416/2315 3751/2401/2296 3653/2302/2423
o Cube.015
v 2.179660 3.319181 0.542992
v 2.526684 3.319181 0.542672
v 2.175647 3.318621 -0.522702
v 2.530672 3.318621 -0.522468
v 2.179660 2.093611 0.542992
v 2.526684 2.093611 0.542672
v 2.175647 2.094172 -0.522702
v 2.530672 2.094172 -0.522468
v 2.353183 3.319181 0.589048
v 2.353183 2.093611 0.589048
v 2.201289 3.319181 0.527544
v 2.505051 3.319181 0.527229
v 2.195638 3.318621 -0.522729
v 2.510682 3.318621 -0.522498
v 2.201289 2.093611 0.527544
v 2.505051 2.093611 0.527229
v 2.195638 2.094172 -0.522729
v 2.510682 2.094172 -0.522498
v 2.353180 3.319181 0.565981
v 2.353180 2.093610 0.565981
v 2.507149 3.319181 -0.352584
v 2.533031 3.319181 -0.352490
v 2.533451 2.300490 0.532864
v 2.533451 3.112303 0.532864
v 2.500681 2.300490 0.513753
v 2.500681 3.112303 0.513753
v 2.506142 2.093611 0.516939
v 2.506142 3.319181 0.516939
v 2.527989 2.093611 0.529679
v 2.527989 3.319181 0.529679
v 2.172311 2.300489 -0.523330
v 2.172311 3.112303 -0.523330
v 2.534008 3.112303 -0.523174
v 2.534008 2.300490 -0.523174
v 2.174253 3.112303 0.546855
v 2.174253 2.300489 0.546855
v 2.532093 3.112303 0.546533
v 2.532093 2.300490 0.546533
v 2.353183 2.300490 0.594815
v 2.353183 3.112303 0.594815
v 2.198969 3.112303 -0.523358
v 2.198969 2.300489 -0.523358
v 2.507351 2.300490 -0.523204
v 2.507351 3.112303 -0.523204
v 2.206697 2.300489 0.523682
v 2.206697 3.112303 0.523682
v 2.499643 2.300490 0.523369
v 2.499643 3.112303 0.523369
v 2.353179 3.112303 0.560214
v 2.353179 2.300490 0.560214
v 2.533031 2.093611 -0.352490
v 2.539501 3.112303 -0.352466
v 2.507149 2.093611 -0.352584
v 2.500678 2.300490 -0.352608
v 2.500678 3.112303 -0.352608
v 2.539501 2.300490 -0.352466
v 2.178340 3.319181 0.531217
v 2.178340 2.093611 0.531217
v 2.200180 3.319181 0.518459
v 2.200179 2.093611 0.518458
v 2.205639 2.300489 0.515269
v 2.205639 3.112303 0.515269
v 2.172880 2.300489 0.534407
v 2.172880 3.112303 0.534407
v 2.173287 2.093611 -0.352823
v 2.199171 2.093611 -0.352908
v 2.205642 2.300489 -0.352930
v 2.166816 3.112303 -0.352801
v 2.173287 3.319181 -0.352822
v 2.199171 3.319181 -0.352908
v 2.205642 3.112303 -0.352929
v 2.166816 2.300489 -0.352801
v 2.212562 2.093611 0.556811
v 2.212562 3.319181 0.556811
v 2.230086 2.093611 0.539220
v 2.230086 3.319181 0.539220
v 2.234466 3.112303 0.534823
v 2.234466 2.300489 0.534823
v 2.208181 3.112303 0.561209
v 2.208181 2.300489 0.561209
v 2.493848 3.319181 0.556777
v 2.493848 2.093611 0.556777
v 2.476314 3.319181 0.539192
v 2.476314 2.093611 0.539192
v 2.471930 3.112303 0.534795
v 2.471930 2.300490 0.534795
v 2.498232 3.112303 0.561173
v 2.498232 2.300490 0.561173
v 2.527196 2.093610 0.310940
v 2.526110 2.093611 0.502041
v 2.520102 2.093611 0.485990
v 2.505963 3.319181 0.310857
v 2.505754 3.319181 0.499437
v 2.504544 3.319181 0.485915
v 2.531199 3.112303 0.502692
v 2.532504 3.112303 0.310961
v 2.523991 3.112303 0.486009
v 2.505963 2.093611 0.310857
v 2.505754 2.093611 0.499437
v 2.504544 2.093611 0.485915
v 2.532504 2.300490 0.310961
v 2.531199 2.300490 0.502692
v 2.523991 2.300490 0.486009
v 2.500655 2.300490 0.310836
v 2.500665 2.300490 0.498786
v 2.500655 2.300490 0.485896
v 2.500665 3.112303 0.498786
v 2.500655 3.112303 0.310836
v 2.500655 3.112303 0.485896
v 2.526110 3.319181 0.502041
v 2.527196 3.319181 0.310940
v 2.520102 3.319181 0.485990
v 2.179132 3.319181 0.312242
v 2.180220 3.319181 0.503811
v 2.186228 3.319181 0.487740
v 2.200568 3.319181 0.501203
v 2.200359 3.319181 0.312161
v 2.201778 3.319181 0.487665
v 2.205665 3.112303 0.312140
v 2.205655 3.112303 0.500550
v 2.205665 3.112303 0.487646
v 2.175133 2.300489 0.504460
v 2.173825 2.300489 0.312260
v 2.182341 2.300489 0.487756
v 2.180220 2.093611 0.503808
v 2.179132 2.093611 0.312239
v 2.186228 2.093611 0.487737
v 2.200359 2.093611 0.312158
v 2.200568 2.093611 0.501200
v 2.201778 2.093611 0.487662
v 2.205655 2.300489 0.500548
v 2.205665 2.300489 0.312138
v 2.205665 2.300489 0.487643
v 2.175133 3.112303 0.504462
v 2.173825 3.112303 0.312262
v 2.182341 3.112303 0.487758
v 2.178541 3.319181 0.539183
v 2.520722 3.319181 0.546362
v 2.533303 3.319086 -0.499617
v 2.500678 2.706396 -0.352608
v 2.538693 3.291640 -0.352469
v 2.173014 2.093706 -0.500039
v 2.527787 2.093611 0.538250
v 2.185663 2.093611 0.546426
v 2.501517 2.300490 -0.499784
v 2.533303 2.093707 -0.499617
v 2.272885 3.319181 0.577083
v 2.433503 2.093611 0.577060
v 2.501363 2.121153 0.514151
v 2.200323 3.319181 0.524160
v 2.499837 3.319181 0.530514
v 2.507893 3.319085 -0.499679
v 2.532768 3.291639 0.532466
v 2.501363 3.291639 0.514152
v 2.198427 2.093707 -0.500094
v 2.506000 2.093611 0.523240
v 2.206540 2.093611 0.530573
v 2.533234 2.300490 0.542002
v 2.500554 3.112303 0.519487
v 2.282890 3.319181 0.556048
v 2.423490 2.093611 0.556029
v 2.190475 3.320023 0.535268
v 2.515868 3.320023 0.534951
v 2.185641 3.318990 -0.523129
v 2.520679 3.318990 -0.522947
v 2.190475 2.092770 0.535268
v 2.515868 2.092770 0.534951
v 2.185641 2.093802 -0.523129
v 2.520679 2.093802 -0.522947
v 2.353181 3.320023 0.577515
v 2.353181 2.092770 0.577515
v 2.501487 3.291640 -0.352605
v 2.501487 2.121153 -0.352605
v 2.507893 2.093707 -0.499679
v 2.517066 3.320023 0.523309
v 2.517066 2.092770 0.523309
v 2.500681 2.706396 0.513753
v 2.527787 3.319181 0.538250
v 2.538693 2.121153 -0.352469
v 2.533451 2.706396 0.532864
v 2.532768 2.121153 0.532466
v 2.506000 3.319181 0.523240
v 2.539680 3.112303 -0.499694
v 2.520090 2.092770 -0.352537
v 2.534008 2.706396 -0.523174
v 2.520683 2.300490 -0.524248
v 2.507351 2.706396 -0.523204
v 2.520683 3.112303 -0.524248
v 2.172311 2.706396 -0.523330
v 2.185637 3.112303 -0.524287
v 2.198969 2.706396 -0.523358
v 2.185637 2.300489 -0.524287
v 2.206697 2.706396 0.523682
v 2.285391 3.112303 0.550790
v 2.353179 2.706396 0.560214
v 2.211759 2.300489 0.526610
v 2.499643 2.706396 0.523369
v 2.501517 3.112303 -0.499785
v 2.500554 2.300490 0.519487
v 2.204803 2.300489 -0.500189
v 2.205769 3.112303 0.520404
v 2.494616 3.112303 0.526552
v 2.420986 2.300490 0.550771
v 2.353183 2.706396 0.594815
v 2.180444 3.112303 0.550389
v 2.174253 2.706396 0.546855
v 2.270383 2.300489 0.582342
v 2.533234 3.112303 0.542002
v 2.532093 2.706396 0.546533
v 2.539680 2.300490 -0.499694
v 2.173096 2.300489 0.542939
v 2.166637 3.112303 -0.500108
v 2.436007 3.112303 0.582317
v 2.525943 2.300490 0.550324
v 2.172883 3.291567 -0.523223
v 2.174929 3.291639 0.546372
v 2.198398 3.291567 -0.523250
v 2.172882 2.121225 -0.523223
v 2.174929 2.121153 0.546372
v 2.198398 2.121225 -0.523250
v 2.533436 2.121225 -0.523053
v 2.531417 2.121153 0.546050
v 2.507922 2.121225 -0.523084
v 2.533436 3.291567 -0.523053
v 2.531417 3.291639 0.546050
v 2.507922 3.291567 -0.523084
v 2.353183 2.121152 0.594095
v 2.353183 3.291640 0.594094
v 2.206021 3.291639 0.524164
v 2.206021 2.121153 0.524164
v 2.500319 2.121153 0.523851
v 2.500319 3.291639 0.523851
v 2.353179 2.121153 0.560935
v 2.353179 3.291639 0.560935
v 2.539501 2.706396 -0.352466
v 2.520090 3.320023 -0.352537
v 2.178541 2.093611 0.539183
v 2.200323 2.093611 0.524160
v 2.205769 2.300489 0.520404
v 2.173096 3.112303 0.542939
v 2.173562 3.291639 0.534008
v 2.172880 2.706396 0.534407
v 2.205639 2.706396 0.515269
v 2.204957 3.291639 0.515668
v 2.204957 2.121153 0.515667
v 2.189260 2.092770 0.524837
v 2.173562 2.121153 0.534008
v 2.189260 3.320023 0.524838
v 2.173014 3.319085 -0.500039
v 2.198427 3.319086 -0.500094
v 2.204803 3.112303 -0.500189
v 2.166637 2.300489 -0.500108
v 2.186229 3.320023 -0.352865
v 2.167625 2.121153 -0.352804
v 2.204833 2.121153 -0.352927
v 2.204833 3.291639 -0.352926
v 2.166816 2.706396 -0.352801
v 2.167625 3.291640 -0.352803
v 2.205642 2.706396 -0.352929
v 2.186229 2.092770 -0.352865
v 2.272885 2.093611 0.577083
v 2.185663 3.319181 0.546426
v 2.282890 2.093610 0.556048
v 2.206540 3.319182 0.530573
v 2.211759 3.112303 0.526610
v 2.285391 2.300490 0.550790
v 2.270383 3.112303 0.582342
v 2.180444 2.300489 0.550389
v 2.208181 2.706396 0.561209
v 2.234466 2.706396 0.534823
v 2.208729 3.291640 0.560659
v 2.233919 3.291639 0.535372
v 2.208729 2.121152 0.560659
v 2.221324 3.320023 0.548016
v 2.221324 2.092770 0.548016
v 2.233919 2.121153 0.535372
v 2.433503 3.319181 0.577060
v 2.520722 2.093611 0.546362
v 2.423490 3.319181 0.556029
v 2.499837 2.093610 0.530514
v 2.420986 3.112303 0.550771
v 2.494616 2.300490 0.526552
v 2.525943 3.112303 0.550324
v 2.436007 2.300490 0.582317
v 2.498232 2.706396 0.561173
v 2.471930 2.706396 0.534795
v 2.485081 2.092770 0.547984
v 2.485081 3.320023 0.547984
v 2.472478 3.291639 0.535345
v 2.472478 2.121153 0.535345
v 2.497684 3.291639 0.560624
v 2.497684 2.121153 0.560624
v 2.522536 3.319181 0.459586
v 2.516579 3.320023 0.310898
v 2.505029 3.319181 0.459510
v 2.512323 3.320023 0.485953
v 2.522352 3.319181 0.492520
v 2.504998 3.319181 0.492128
v 2.515932 3.320023 0.500739
v 2.500652 3.112303 0.459490
v 2.500655 2.706396 0.310836
v 2.500652 2.300490 0.459490
v 2.500655 2.706396 0.485896
v 2.500659 3.112303 0.492030
v 2.500659 2.300490 0.492030
v 2.500665 2.706396 0.498786
v 2.504998 2.093611 0.492128
v 2.501301 2.121153 0.498868
v 2.501141 2.121152 0.485898
v 2.505029 2.093611 0.459510
v 2.501318 2.121153 0.310838
v 2.530563 3.291640 0.502610
v 2.526691 3.112303 0.492618
v 2.523505 3.291640 0.486007
v 2.526913 3.112303 0.459605
v 2.531841 3.291640 0.310958
v 2.522352 2.093611 0.492520
v 2.515932 2.092770 0.500739
v 2.512323 2.092770 0.485953
v 2.522536 2.093611 0.459586
v 2.516579 2.092770 0.310898
v 2.526691 2.300490 0.492618
v 2.530563 2.121153 0.502610
v 2.523505 2.121153 0.486007
v 2.526913 2.300490 0.459605
v 2.531841 2.121153 0.310958
v 2.501301 3.291639 0.498868
v 2.501141 3.291639 0.485898
v 2.501318 3.291639 0.310838
v 2.531199 2.706396 0.502692
v 2.523991 2.706396 0.486009
v 2.532504 2.706396 0.310961
v 2.183794 2.093611 0.461277
v 2.189745 2.092770 0.312199
v 2.201293 2.093611 0.461200
v 2.194003 2.092770 0.487699
v 2.183978 2.093611 0.494269
v 2.201324 2.093611 0.493877
v 2.190394 2.092770 0.502504
v 2.205668 2.300489 0.461182
v 2.205665 2.706396 0.312139
v 2.205668 3.112303 0.461184
v 2.205665 2.706396 0.487644
v 2.205661 2.300489 0.493780
v 2.205661 3.112303 0.493782
v 2.205655 2.706396 0.500549
v 2.183978 3.319181 0.494272
v 2.190394 3.320023 0.502507
v 2.201324 3.319181 0.493880
v 2.194003 3.320023 0.487703
v 2.183794 3.319181 0.461280
v 2.201293 3.319181 0.461204
v 2.189745 3.320023 0.312202
v 2.175769 2.121152 0.504378
v 2.179641 2.300489 0.494367
v 2.182827 2.121152 0.487753
v 2.179419 2.300489 0.461296
v 2.174488 2.121153 0.312257
v 2.205019 2.121153 0.500629
v 2.205179 2.121153 0.487645
v 2.205002 2.121153 0.312141
v 2.205019 3.291639 0.500632
v 2.205179 3.291639 0.487648
v 2.205002 3.291639 0.312143
v 2.175133 2.706396 0.504461
v 2.179641 3.112303 0.494369
v 2.182341 2.706396 0.487757
v 2.179419 3.112303 0.461298
v 2.173825 2.706396 0.312261
v 2.175769 3.291640 0.504381
v 2.182827 3.291640 0.487757
v 2.174488 3.291640 0.312260
v 2.527811 2.093611 0.516002
v 2.506101 2.093611 0.508339
v 2.530876 2.093611 -0.020995
v 2.536918 2.300490 -0.020971
v 2.506708 2.093611 -0.021092
v 2.533238 2.300490 0.517918
v 2.500666 3.112303 -0.021116
v 2.506708 3.319181 -0.021092
v 2.527811 3.319181 0.516002
v 2.506101 3.319181 0.508339
v 2.530876 3.319181 -0.020995
v 2.500673 3.112303 0.506423
v 2.533238 3.112303 0.517918
v 2.536918 3.112303 -0.020971
v 2.500673 2.300490 0.506423
v 2.500666 2.300490 -0.021116
v 2.178519 3.319181 0.517773
v 2.200221 3.319181 0.510097
v 2.175446 3.319181 -0.020569
v 2.169405 3.112303 -0.020547
v 2.199613 3.319181 -0.020659
v 2.173094 3.112303 0.519692
v 2.205647 3.112303 0.508177
v 2.205654 3.112303 -0.020682
v 2.205647 2.300489 0.508176
v 2.205654 2.300489 -0.020683
v 2.173094 2.300489 0.519691
v 2.178519 2.093611 0.517771
v 2.169405 2.300489 -0.020548
v 2.175446 2.093611 -0.020571
v 2.199612 2.093611 -0.020661
v 2.200221 2.093611 0.510095
v 2.525291 2.121153 0.549829
v 2.185637 2.121189 -0.524141
v 2.520682 3.291604 -0.524085
v 2.525291 3.291640 0.549829
v 2.495269 2.121153 0.527048
v 2.501234 2.121153 0.519956
v 2.285078 2.121153 0.551447
v 2.495269 3.291639 0.527048
v 2.189432 3.320023 0.531672
v 2.510280 3.320023 0.538438
v 2.520598 3.319894 -0.499693
v 2.173776 2.121153 0.542469
v 2.532553 3.291639 0.541533
v 2.185720 2.092899 -0.500107
v 2.516894 2.092770 0.530745
v 2.196102 2.092770 0.538500
v 2.277887 3.320023 0.566566
v 2.428497 2.092770 0.566544
v 2.270696 2.121153 0.581685
v 2.532553 2.121153 0.541533
v 2.285078 3.291639 0.551447
v 2.501234 3.291639 0.519956
v 2.205088 2.121152 0.520874
v 2.536163 3.291640 -0.020974
v 2.270696 3.291640 0.581685
v 2.520682 2.121189 -0.524085
v 2.185637 3.291604 -0.524141
v 2.205088 3.291639 0.520874
v 2.520683 2.706396 -0.524248
v 2.185637 2.706396 -0.524287
v 2.285391 2.706396 0.550790
v 2.501517 2.706396 -0.499784
v 2.204803 2.706396 -0.500189
v 2.494616 2.706396 0.526552
v 2.180444 2.706396 0.550389
v 2.533234 2.706396 0.542002
v 2.173096 2.706396 0.542939
v 2.436007 2.706396 0.582317
v 2.173776 3.291639 0.542469
v 2.500554 2.706396 0.519487
v 2.532560 3.291640 0.517678
v 2.501421 3.291640 -0.021113
v 2.536163 2.121153 -0.020974
v 2.536918 2.706396 -0.020971
v 2.516894 3.320023 0.530745
v 2.501421 2.121153 -0.021113
v 2.502316 2.121171 -0.499760
v 2.538881 3.291621 -0.499673
v 2.520598 2.092899 -0.499693
v 2.538881 2.121171 -0.499673
v 2.502316 3.291621 -0.499760
v 2.189370 3.320023 0.513935
v 2.539680 2.706396 -0.499694
v 2.501352 3.291640 0.506662
v 2.204969 3.291639 0.508418
v 2.170160 2.121153 -0.020551
v 2.205769 2.706396 0.520404
v 2.204899 3.291639 -0.020679
v 2.189432 2.092770 0.531671
v 2.169405 2.706396 -0.020547
v 2.170160 3.291640 -0.020549
v 2.185720 3.319894 -0.500107
v 2.167436 2.121171 -0.500089
v 2.204004 2.121171 -0.500167
v 2.204004 3.291621 -0.500167
v 2.166637 2.706396 -0.500108
v 2.167436 3.291621 -0.500089
v 2.173772 2.121152 0.519450
v 2.189370 2.092770 0.513933
v 2.270383 2.706396 0.582342
v 2.211759 2.706396 0.526610
v 2.181096 3.291639 0.549893
v 2.211107 3.291640 0.527106
v 2.181097 2.121153 0.549893
v 2.196102 3.320023 0.538500
v 2.277887 2.092770 0.566566
v 2.211107 2.121153 0.527106
v 2.525943 2.706396 0.550324
v 2.420986 2.706396 0.550771
v 2.510280 2.092770 0.538438
v 2.428497 3.320023 0.566544
v 2.421299 3.291640 0.551428
v 2.421299 2.121153 0.551428
v 2.435694 3.291640 0.581660
v 2.435694 2.121153 0.581660
v 2.518792 3.320023 -0.021043
v 2.500666 2.706396 -0.021116
v 2.500673 2.706396 0.506423
v 2.501352 2.121153 0.506662
v 2.532560 2.121153 0.517679
v 2.518792 2.092770 -0.021043
v 2.516956 3.320023 0.512170
v 2.533238 2.706396 0.517918
v 2.204899 2.121152 -0.020680
v 2.205654 2.706396 -0.020682
v 2.173772 3.291640 0.519452
v 2.187529 2.092770 -0.020616
v 2.204969 2.121152 0.508416
v 2.205647 2.706396 0.508177
v 2.173094 2.706396 0.519691
v 2.187529 3.320023 -0.020614
v 2.513783 3.320023 0.459548
v 2.513675 3.320023 0.492324
v 2.500652 2.706396 0.459490
v 2.500659 2.706396 0.492030
v 2.501201 2.121152 0.492043
v 2.501199 2.121153 0.459493
v 2.526149 3.291640 0.492605
v 2.526366 3.291640 0.459603
v 2.513675 2.092770 0.492324
v 2.513782 2.092770 0.459548
v 2.526149 2.121152 0.492605
v 2.526366 2.121152 0.459603
v 2.501201 3.291640 0.492043
v 2.501199 3.291640 0.459493
v 2.526691 2.706396 0.492618
v 2.526913 2.706396 0.459605
v 2.192543 2.092770 0.461238
v 2.192651 2.092770 0.494073
v 2.205668 2.706396 0.461183
v 2.205661 2.706396 0.493781
v 2.192651 3.320023 0.494076
v 2.192543 3.320023 0.461242
v 2.180183 2.121152 0.494354
v 2.179966 2.121152 0.461293
v 2.205119 2.121152 0.493791
v 2.205121 2.121152 0.461184
v 2.205119 3.291639 0.493795
v 2.205121 3.291639 0.461187
v 2.179641 2.706396 0.494368
v 2.179419 2.706396 0.461297
v 2.180183 3.291640 0.494358
v 2.179966 3.291640 0.461297
v 2.516956 2.092770 0.512170
vn 0.3351 -0.1769 0.9254
vn 0.4343 -0.1840 0.8818
vn 0.4462 -0.0945 0.8899
vn 0.3413 -0.0908 0.9355
vn 0.5160 -0.1909 0.8351
vn 0.5228 -0.0960 0.8470
vn 0.5248 -0.0021 0.8512
vn 0.4465 -0.0021 0.8948
vn 0.3431 -0.0020 0.9393
vn -0.0595 -0.0311 -0.9977
vn -0.0658 -0.0155 -0.9977
vn -0.0011 -0.0160 -0.9999
vn -0.0012 -0.0311 -0.9995
vn -0.0717 -0.0004 -0.9974
vn -0.0011 -0.0004 -1.0000
vn 0.0695 -0.0004 -0.9976
vn 0.0636 -0.0154 -0.9979
vn 0.0572 -0.0310 -0.9979
vn 0.0669 0.0350 -0.9971
vn 0.0739 0.0174 -0.9971
vn 0.0013 0.0180 -0.9998
vn 0.0013 0.0350 -0.9994
vn 0.0804 0.0005 -0.9968
vn 0.0012 0.0005 -1.0000
vn -0.0781 0.0005 -0.9969
vn -0.0714 0.0173 -0.9973
vn -0.0642 0.0348 -0.9973
vn 0.3431 0.0020 0.9393
vn 0.4465 0.0021 0.8948
vn 0.4462 0.0945 0.8899
vn 0.3413 0.0908 0.9355
vn 0.5248 0.0021 0.8512
vn 0.5228 0.0959 0.8470
vn 0.5160 0.1909 0.8351
vn 0.4343 0.1840 0.8818
vn 0.3351 0.1769 0.9254
vn -0.3190 -0.1754 -0.9314
vn -0.3201 -0.0903 -0.9431
vn -0.4368 -0.0949 -0.8945
vn -0.4387 -0.1845 -0.8795
vn -0.3206 -0.0020 -0.9472
vn -0.4408 -0.0021 -0.8976
vn -0.5349 -0.0021 -0.8449
vn -0.5317 -0.1006 -0.8409
vn -0.5241 -0.1916 -0.8299
vn -0.9851 -0.1717 -0.0101
vn -0.9743 -0.1840 -0.1301
vn -0.9879 -0.0946 -0.1232
vn -0.9961 -0.0882 -0.0096
vn -0.9551 -0.1920 -0.2258
vn -0.9684 -0.1009 -0.2282
vn -0.9735 -0.0021 -0.2285
vn -0.9920 -0.0020 -0.1260
vn -0.9999 -0.0019 -0.0105
vn 0.3183 -0.1753 -0.9316
vn 0.3194 -0.0902 -0.9433
vn 0.2185 -0.0913 -0.9716
vn 0.2195 -0.1769 -0.9595
vn 0.3199 -0.0020 -0.9475
vn 0.2193 -0.0020 -0.9757
vn -0.0001 -0.0020 -1.0000
vn -0.0001 -0.0920 -0.9958
vn -0.0001 -0.1778 -0.9841
vn -0.3206 0.0020 -0.9472
vn -0.3201 0.0903 -0.9431
vn -0.4368 0.0949 -0.8945
vn -0.4408 0.0021 -0.8976
vn -0.3190 0.1754 -0.9314
vn -0.4387 0.1845 -0.8795
vn -0.5241 0.1916 -0.8298
vn -0.5317 0.1006 -0.8409
vn -0.5349 0.0021 -0.8449
vn -0.0763 0.9971 0.0010
vn -0.0681 0.9976 0.0129
vn -0.0073 1.0000 -0.0015
vn -0.0012 1.0000 -0.0005
vn -0.0500 0.9980 0.0387
vn -0.0116 0.9999 0.0103
vn 0.0492 0.9980 -0.0398
vn 0.0715 0.9974 -0.0080
vn 0.0768 0.9970 -0.0002
vn 0.0255 0.9972 0.0699
vn 0.0329 0.9975 0.0621
vn 0.0006 1.0000 0.0057
vn 0.0001 1.0000 0.0009
vn 0.0512 0.9980 0.0370
vn 0.0124 0.9999 0.0093
vn -0.0512 0.9980 -0.0370
vn -0.0299 0.9974 -0.0658
vn -0.0241 0.9972 -0.0705
vn 0.0656 0.9978 -0.0001
vn 0.0586 0.9982 -0.0159
vn -0.0000 0.9999 -0.0168
vn -0.0000 1.0000 -0.0004
vn 0.0525 0.9981 -0.0325
vn 0.0001 0.9995 -0.0328
vn -0.0524 0.9981 -0.0329
vn -0.0586 0.9982 -0.0163
vn -0.0656 0.9978 -0.0006
vn -1.0000 -0.0019 0.0054
vn -0.9961 -0.0880 0.0061
vn -0.9829 -0.0953 0.1578
vn -0.9878 -0.0021 0.1557
vn -0.9852 -0.1712 0.0045
vn -0.9717 -0.1855 0.1460
vn -0.9407 -0.1957 0.2771
vn -0.9544 -0.0988 0.2816
vn -0.9590 -0.0022 0.2833
vn 1.0000 0.0019 0.0048
vn 0.9961 0.0880 0.0054
vn 0.9861 0.0944 0.1366
vn 0.9909 0.0021 0.1348
vn 0.9852 0.1712 0.0039
vn 0.9749 0.1837 0.1260
vn 0.9518 0.1930 0.2384
vn 0.9653 0.0971 0.2424
vn 0.9697 0.0022 0.2441
vn -0.0656 -0.9978 -0.0001
vn -0.0585 -0.9982 -0.0161
vn -0.0000 -0.9999 -0.0170
vn -0.0000 -1.0000 -0.0004
vn -0.0525 -0.9981 -0.0328
vn -0.0001 -0.9995 -0.0331
vn 0.0524 -0.9981 -0.0332
vn 0.0585 -0.9982 -0.0164
vn 0.0656 -0.9978 -0.0006
vn 0.0763 -0.9971 0.0009
vn 0.0693 -0.9975 0.0113
vn 0.0063 -1.0000 -0.0015
vn 0.0011 -1.0000 -0.0005
vn 0.0512 -0.9980 0.0370
vn 0.0124 -0.9999 0.0093
vn -0.0512 -0.9980 -0.0370
vn -0.0723 -0.9974 -0.0068
vn -0.0768 -0.9970 -0.0002
vn -0.0254 -0.9972 0.0699
vn -0.0319 -0.9975 0.0635
vn -0.0004 -1.0000 0.0047
vn -0.0001 -1.0000 0.0008
vn -0.0500 -0.9980 0.0387
vn -0.0116 -0.9999 0.0103
vn 0.0492 -0.9980 -0.0398
vn 0.0292 -0.9973 -0.0667
vn 0.0240 -0.9972 -0.0705
vn -0.0254 0.9972 0.0699
vn -0.0180 0.9973 0.0717
vn -0.0003 1.0000 0.0041
vn -0.0001 1.0000 0.0008
vn -0.0000 0.9973 0.0736
vn -0.0000 1.0000 0.0067
vn -0.0000 0.9973 -0.0737
vn 0.0159 0.9973 -0.0723
vn 0.0240 0.9972 -0.0705
vn 0.0255 -0.9972 0.0699
vn 0.0180 -0.9973 0.0717
vn 0.0003 -1.0000 0.0041
vn 0.0001 -1.0000 0.0009
vn -0.0000 -0.9973 0.0736
vn -0.0000 -1.0000 0.0068
vn -0.0000 -0.9973 -0.0736
vn -0.0159 -0.9973 -0.0723
vn -0.0241 -0.9972 -0.0704
vn -0.3345 -0.1769 0.9256
vn -0.2294 -0.1775 0.9570
vn -0.2354 -0.0909 0.9676
vn -0.3407 -0.0908 0.9358
vn 0.0001 -0.1782 0.9840
vn 0.0001 -0.0909 0.9959
vn 0.0001 -0.0020 1.0000
vn -0.2362 -0.0020 0.9717
vn -0.3426 -0.0020 0.9395
vn 0.9852 -0.1712 0.0039
vn 0.9961 -0.0880 0.0054
vn 0.9861 -0.0944 0.1366
vn 0.9749 -0.1837 0.1260
vn 1.0000 -0.0019 0.0048
vn 0.9909 -0.0021 0.1348
vn 0.9697 -0.0022 0.2441
vn 0.9653 -0.0971 0.2424
vn 0.9518 -0.1930 0.2384
vn 0.3199 0.0020 -0.9475
vn 0.3194 0.0902 -0.9433
vn 0.2185 0.0913 -0.9716
vn 0.2193 0.0020 -0.9757
vn 0.3183 0.1753 -0.9316
vn 0.2195 0.1769 -0.9595
vn -0.0001 0.1778 -0.9841
vn -0.0001 0.0920 -0.9958
vn -0.0001 0.0020 -1.0000
vn -0.9999 0.0019 -0.0105
vn -0.9920 0.0020 -0.1260
vn -0.9879 0.0946 -0.1232
vn -0.9961 0.0882 -0.0096
vn -0.9735 0.0021 -0.2285
vn -0.9684 0.1009 -0.2282
vn -0.9551 0.1920 -0.2258
vn -0.9743 0.1840 -0.1302
vn -0.9851 0.1717 -0.0101
vn 0.9999 -0.0019 -0.0120
vn 0.9887 -0.0021 -0.1500
vn 0.9846 -0.0958 -0.1465
vn 0.9960 -0.0882 -0.0110
vn 0.9622 -0.0022 -0.2725
vn 0.9569 -0.1023 -0.2717
vn 0.9433 -0.1951 -0.2684
vn 0.9703 -0.1862 -0.1541
vn 0.9851 -0.1718 -0.0115
vn 1.0000 0.0022 0.0045
vn 0.9948 0.1017 0.0044
vn 0.9954 0.0957 0.0100
vn 0.9999 0.0021 0.0105
vn 0.9803 0.1976 0.0042
vn 0.9825 0.1862 0.0094
vn 0.9861 0.1647 0.0228
vn 0.9961 0.0846 0.0240
vn 0.9997 0.0018 0.0253
vn -0.3426 0.0020 0.9395
vn -0.2362 0.0020 0.9717
vn -0.2354 0.0909 0.9676
vn -0.3407 0.0908 0.9358
vn 0.0001 0.0020 1.0000
vn 0.0001 0.0909 0.9959
vn 0.0001 0.1782 0.9840
vn -0.2294 0.1775 0.9570
vn -0.3345 0.1769 0.9256
vn 0.0804 -0.0005 -0.9968
vn 0.0739 -0.0174 -0.9971
vn 0.0013 -0.0180 -0.9998
vn 0.0012 -0.0005 -1.0000
vn 0.0669 -0.0350 -0.9971
vn 0.0013 -0.0350 -0.9994
vn -0.0642 -0.0348 -0.9973
vn -0.0714 -0.0173 -0.9973
vn -0.0781 -0.0005 -0.9969
vn -0.0717 0.0004 -0.9974
vn -0.0658 0.0155 -0.9977
vn -0.0011 0.0160 -0.9999
vn -0.0011 0.0004 -1.0000
vn -0.0595 0.0311 -0.9977
vn -0.0012 0.0311 -0.9995
vn 0.0572 0.0310 -0.9979
vn 0.0636 0.0154 -0.9979
vn 0.0695 0.0004 -0.9976
vn 0.9851 0.1718 -0.0115
vn 0.9704 0.1862 -0.1541
vn 0.9846 0.0958 -0.1465
vn 0.9960 0.0882 -0.0110
vn 0.9433 0.1951 -0.2684
vn 0.9569 0.1023 -0.2717
vn 0.9622 0.0022 -0.2725
vn 0.9887 0.0021 -0.1500
vn 0.9999 0.0019 -0.0120
vn 0.0011 -0.0000 -1.0000
vn 0.0803 -0.0000 -0.9968
vn -0.0781 -0.0000 -0.9969
vn -0.0011 -0.0000 -1.0000
vn -0.0716 -0.0000 -0.9974
vn 0.0695 -0.0000 -0.9976
vn 0.2192 -0.0000 -0.9757
vn 0.3197 -0.0000 -0.9475
vn -0.0001 -0.0000 -1.0000
vn -1.0000 0.0022 -0.0029
vn -0.9923 0.0021 -0.1236
vn -0.9922 -0.0000 -0.1246
vn -1.0000 -0.0000 -0.0029
vn -0.9708 0.0019 -0.2397
vn -0.9703 -0.0000 -0.2417
vn -0.9708 -0.0019 -0.2397
vn -0.9923 -0.0021 -0.1236
vn -1.0000 -0.0022 -0.0029
vn 1.0000 -0.0022 -0.0029
vn 0.9922 -0.0021 -0.1248
vn 0.9920 -0.0000 -0.1259
vn 1.0000 -0.0000 -0.0029
vn 0.9702 -0.0019 -0.2421
vn 0.9697 -0.0000 -0.2442
vn 0.9702 0.0019 -0.2421
vn 0.9922 0.0021 -0.1248
vn 1.0000 0.0022 -0.0029
vn -0.4408 -0.0000 -0.8976
vn -0.3204 -0.0000 -0.9473
vn -0.5350 -0.0000 -0.8449
vn -0.4307 0.0020 0.9025
vn -0.4307 -0.0000 0.9025
vn -0.3426 -0.0000 0.9395
vn -0.4958 0.0021 0.8685
vn -0.4957 -0.0000 0.8685
vn -0.4958 -0.0021 0.8685
vn -0.4307 -0.0020 0.9025
vn 0.9909 -0.0000 0.1348
vn 1.0000 -0.0000 0.0047
vn 0.9697 -0.0000 0.2442
vn -0.9878 -0.0000 0.1557
vn -1.0000 -0.0000 0.0054
vn -0.9590 -0.0000 0.2833
vn -0.9590 0.0022 0.2833
vn -0.9878 0.0021 0.1557
vn -1.0000 0.0019 0.0054
vn 0.2364 0.0020 0.9717
vn 0.2364 -0.0000 0.9717
vn 0.3432 -0.0000 0.9392
vn 0.0001 -0.0000 1.0000
vn 0.2364 -0.0020 0.9717
vn -0.9852 0.1712 0.0045
vn -0.9961 0.0880 0.0061
vn -0.9829 0.0953 0.1578
vn -0.9717 0.1855 0.1460
vn -0.9544 0.0988 0.2816
vn -0.9407 0.1957 0.2771
vn -0.9920 -0.0000 -0.1260
vn -0.9736 -0.0000 -0.2285
vn -0.9999 -0.0000 -0.0105
vn 0.9621 0.0016 -0.2726
vn 0.9620 0.0751 -0.2624
vn 0.9940 0.0842 -0.0703
vn 0.9973 0.0018 -0.0734
vn 0.9544 0.1464 -0.2602
vn 0.9839 0.1640 -0.0714
vn -1.0000 0.0021 -0.0001
vn -0.9954 0.0958 -0.0006
vn -0.9948 0.1017 -0.0030
vn -1.0000 0.0018 -0.0002
vn -0.9964 0.0846 -0.0013
vn -0.9863 0.1648 -0.0024
vn -0.9825 0.1862 -0.0010
vn -0.9803 0.1976 -0.0030
vn 0.9803 -0.1976 0.0042
vn 0.9948 -0.1017 0.0044
vn 0.9954 -0.0957 0.0100
vn 0.9825 -0.1862 0.0094
vn 1.0000 -0.0022 0.0045
vn 0.9999 -0.0021 0.0105
vn 0.9997 -0.0018 0.0253
vn 0.9961 -0.0846 0.0240
vn 0.9861 -0.1647 0.0228
vn 0.9999 -0.0000 0.0105
vn 1.0000 -0.0000 0.0045
vn 0.9997 -0.0000 0.0254
vn 0.0693 0.9975 0.0113
vn 0.0063 1.0000 -0.0015
vn 0.0763 0.9971 0.0009
vn 0.0011 1.0000 -0.0005
vn -0.0768 0.9970 -0.0002
vn -0.0723 0.9974 -0.0068
vn -0.9803 -0.1976 -0.0030
vn -0.9825 -0.1862 -0.0010
vn -0.9954 -0.0957 -0.0006
vn -0.9948 -0.1017 -0.0030
vn -0.9863 -0.1648 -0.0024
vn -0.9964 -0.0846 -0.0013
vn -1.0000 -0.0018 -0.0002
vn -1.0000 -0.0021 -0.0001
vn -0.9723 -0.1509 -0.1786
vn -0.9800 -0.1763 -0.0921
vn -0.9901 -0.0905 -0.1073
vn -0.9749 -0.0776 -0.2088
vn 0.9725 0.0019 -0.2328
vn 0.9763 0.0777 -0.2019
vn 0.9908 0.0905 -0.1004
vn 0.9932 0.0021 -0.1166
vn 0.9735 0.1510 -0.1718
vn 0.9806 0.1764 -0.0852
vn 0.0526 -0.9981 -0.0325
vn 0.0586 -0.9982 -0.0159
vn -0.0000 -0.9999 -0.0168
vn 0.0001 -0.9995 -0.0328
vn 0.0656 -0.9978 -0.0001
vn -0.0656 -0.9978 -0.0006
vn -0.0586 -0.9982 -0.0163
vn -0.0524 -0.9981 -0.0329
vn 0.9735 -0.1510 -0.1718
vn 0.9763 -0.0777 -0.2019
vn 0.9908 -0.0905 -0.1004
vn 0.9806 -0.1764 -0.0852
vn 0.9725 -0.0019 -0.2328
vn 0.9932 -0.0021 -0.1166
vn -0.9901 0.0905 -0.1073
vn -0.9749 0.0776 -0.2088
vn -0.9800 0.1763 -0.0921
vn -0.9723 0.1509 -0.1786
vn -0.0854 0.9962 -0.0169
vn -0.0791 0.9969 -0.0038
vn -0.0027 1.0000 -0.0018
vn -0.0061 1.0000 -0.0066
vn 0.0796 0.9968 0.0036
vn 0.0862 0.9962 0.0121
vn 0.9931 -0.0000 -0.1176
vn 0.9720 -0.0000 -0.2348
vn -1.0000 0.0017 0.0034
vn -1.0000 0.0019 0.0018
vn -0.9963 0.0857 0.0082
vn -0.9965 0.0798 0.0239
vn -0.9859 0.1671 0.0130
vn -0.9869 0.1557 0.0413
vn 0.9870 0.1556 0.0413
vn 0.9859 0.1671 0.0130
vn 0.9963 0.0857 0.0082
vn 0.9965 0.0798 0.0239
vn 1.0000 0.0019 0.0018
vn 1.0000 0.0017 0.0034
vn -1.0000 -0.0022 0.0045
vn -0.9948 -0.1017 0.0044
vn -0.9954 -0.0957 0.0099
vn -0.9999 -0.0021 0.0105
vn -0.9803 -0.1976 0.0042
vn -0.9825 -0.1862 0.0094
vn -0.9861 -0.1647 0.0227
vn -0.9961 -0.0845 0.0240
vn -0.9997 -0.0018 0.0253
vn 0.9887 -0.0000 -0.1500
vn 0.9622 -0.0000 -0.2724
vn 0.9999 -0.0000 -0.0121
vn 0.9803 0.1976 -0.0030
vn 0.9825 0.1862 -0.0010
vn 0.9954 0.0957 -0.0006
vn 0.9948 0.1017 -0.0030
vn 0.9863 0.1647 -0.0024
vn 0.9964 0.0846 -0.0013
vn 1.0000 0.0018 -0.0002
vn 1.0000 0.0021 -0.0001
vn -0.0682 -0.9976 0.0129
vn -0.0073 -1.0000 -0.0015
vn -0.0763 -0.9971 0.0010
vn -0.0012 -1.0000 -0.0005
vn 0.0768 -0.9970 -0.0002
vn 0.0715 -0.9974 -0.0080
vn -0.9999 -0.0000 0.0105
vn -1.0000 -0.0000 0.0045
vn -0.9997 -0.0000 0.0254
vn -0.9997 0.0018 0.0253
vn -0.9999 0.0021 0.0105
vn -1.0000 0.0022 0.0045
vn -0.9803 0.1976 0.0042
vn -0.9948 0.1017 0.0044
vn -0.9954 0.0957 0.0099
vn -0.9825 0.1862 0.0094
vn -0.9961 0.0845 0.0240
vn -0.9861 0.1647 0.0227
vn -0.0525 0.9981 -0.0328
vn -0.0586 0.9982 -0.0161
vn -0.0001 0.9999 -0.0170
vn -0.0002 0.9995 -0.0331
vn -0.0656 0.9978 -0.0001
vn 0.0656 0.9978 -0.0006
vn 0.0585 0.9982 -0.0164
vn 0.0523 0.9981 -0.0332
vn -0.9719 -0.0019 -0.2353
vn -0.9759 -0.0776 -0.2039
vn -0.9907 -0.0904 -0.1014
vn -0.9930 -0.0021 -0.1179
vn -0.9732 -0.1508 -0.1734
vn -0.9806 -0.1763 -0.0861
vn 0.9900 -0.0904 -0.1083
vn 0.9745 -0.0775 -0.2108
vn 0.9948 -0.1017 -0.0030
vn 0.9803 -0.1976 -0.0030
vn 0.9800 -0.1762 -0.0929
vn 0.9720 -0.1506 -0.1802
vn 0.9720 0.1506 -0.1802
vn 0.9800 0.1762 -0.0929
vn 0.9900 0.0904 -0.1083
vn 0.9745 0.0775 -0.2108
vn -0.9929 -0.0000 -0.1189
vn -0.9714 -0.0000 -0.2374
vn -0.9930 0.0021 -0.1179
vn -0.9719 0.0019 -0.2353
vn -0.9732 0.1507 -0.1734
vn -0.9759 0.0776 -0.2040
vn -0.9907 0.0904 -0.1015
vn -0.9806 0.1763 -0.0861
vn -0.9622 -0.0016 -0.2722
vn -0.9621 -0.0751 -0.2620
vn -0.9940 -0.0842 -0.0705
vn -0.9973 -0.0018 -0.0735
vn -0.9545 -0.1463 -0.2599
vn -0.9839 -0.1639 -0.0716
vn -0.0791 -0.9969 -0.0038
vn -0.0027 -1.0000 -0.0018
vn -0.0854 -0.9962 -0.0169
vn -0.0061 -1.0000 -0.0066
vn 0.0862 -0.9962 0.0121
vn 0.0796 -0.9968 0.0036
vn -0.2363 -0.0000 0.9717
vn 0.5007 0.0021 -0.8656
vn 0.4221 0.0020 -0.9066
vn 0.4221 -0.0000 -0.9066
vn 0.5007 -0.0000 -0.8656
vn 0.4221 -0.0020 -0.9066
vn 0.5007 -0.0021 -0.8656
vn -0.4302 0.0937 0.8979
vn -0.4938 0.0944 0.8645
vn -0.4193 0.1824 0.8893
vn -0.4873 0.1882 0.8527
vn 0.4980 0.0992 -0.8615
vn 0.4187 0.0939 -0.9033
vn 0.4912 0.1886 -0.8504
vn 0.4201 0.1825 -0.8889
vn -0.4873 -0.1882 0.8527
vn -0.4193 -0.1824 0.8893
vn -0.4302 -0.0937 0.8979
vn -0.4937 -0.0944 0.8645
vn -0.0319 0.9975 0.0635
vn -0.0004 1.0000 0.0047
vn 0.0292 0.9973 -0.0667
vn -0.0180 -0.9973 0.0717
vn -0.0003 -1.0000 0.0041
vn 0.0159 -0.9973 -0.0723
vn 0.4912 -0.1886 -0.8504
vn 0.4980 -0.0993 -0.8615
vn 0.4187 -0.0939 -0.9033
vn 0.4201 -0.1825 -0.8889
vn 0.4464 -0.0000 0.8948
vn 0.5247 -0.0000 0.8513
vn -0.2194 0.0020 -0.9756
vn -0.2193 -0.0000 -0.9757
vn -0.2194 -0.0020 -0.9756
vn 0.0329 -0.9975 0.0621
vn 0.0006 -1.0000 0.0057
vn -0.0299 -0.9974 -0.0657
vn 0.0180 0.9973 0.0717
vn 0.0003 1.0000 0.0041
vn -0.0159 0.9973 -0.0723
vn -0.2186 0.0913 -0.9715
vn -0.2196 0.1769 -0.9594
vn -0.2186 -0.0913 -0.9715
vn -0.2196 -0.1769 -0.9594
vn 0.2356 0.0908 0.9676
vn 0.2295 0.1775 0.9570
vn 0.2296 -0.1775 0.9570
vn 0.2356 -0.0908 0.9676
vn 0.0801 0.9968 0.0014
vn 0.0705 0.9975 0.0005
vn 0.0001 1.0000 0.0001
vn 0.0003 1.0000 0.0004
vn -0.0705 0.9975 -0.0003
vn -0.0802 0.9968 -0.0007
vn -1.0000 -0.0000 -0.0000
vn -1.0000 -0.0000 0.0011
vn -1.0000 -0.0000 0.0010
vn -1.0000 -0.0017 0.0034
vn -1.0000 -0.0019 0.0018
vn -0.9869 -0.1557 0.0413
vn -0.9859 -0.1671 0.0130
vn -0.9963 -0.0857 0.0082
vn -0.9965 -0.0798 0.0239
vn 0.9544 -0.1464 -0.2602
vn 0.9620 -0.0751 -0.2624
vn 0.9940 -0.0842 -0.0703
vn 0.9839 -0.1640 -0.0714
vn 0.9621 -0.0016 -0.2726
vn 0.9973 -0.0018 -0.0734
vn 0.0705 -0.9975 0.0005
vn 0.0001 -1.0000 0.0001
vn 0.0801 -0.9968 0.0014
vn 0.0003 -1.0000 0.0004
vn -0.0802 -0.9968 -0.0007
vn -0.0705 -0.9975 -0.0003
vn 0.0791 0.9969 -0.0038
vn 0.0028 1.0000 -0.0018
vn 0.0853 0.9962 -0.0169
vn 0.0061 1.0000 -0.0066
vn -0.0862 0.9962 0.0121
vn -0.0796 0.9968 0.0036
vn 0.9973 -0.0000 -0.0736
vn 0.9619 -0.0000 -0.2734
vn 1.0000 -0.0021 -0.0001
vn 0.9954 -0.0957 -0.0006
vn 1.0000 -0.0018 -0.0002
vn 0.9964 -0.0846 -0.0013
vn 0.9863 -0.1647 -0.0024
vn 0.9825 -0.1862 -0.0010
vn 1.0000 -0.0000 -0.0000
vn -0.9545 0.1463 -0.2599
vn -0.9621 0.0751 -0.2620
vn -0.9940 0.0842 -0.0705
vn -0.9839 0.1639 -0.0716
vn -0.9622 0.0016 -0.2722
vn -0.9973 0.0018 -0.0735
vn -0.0802 -0.9968 0.0014
vn -0.0705 -0.9975 0.0005
vn -0.0001 -1.0000 0.0001
vn -0.0003 -1.0000 0.0004
vn 0.0705 -0.9975 -0.0003
vn 0.0802 -0.9968 -0.0007
vn 1.0000 -0.0017 0.0034
vn 1.0000 -0.0019 0.0018
vn 0.9963 -0.0857 0.0082
vn 0.9965 -0.0797 0.0239
vn 0.9859 -0.1671 0.0131
vn 0.9870 -0.1556 0.0413
vn 1.0000 -0.0000 0.0011
vn 1.0000 -0.0000 0.0010
vn -0.9973 -0.0000 -0.0737
vn -0.9620 -0.0000 -0.2731
vn -0.0705 0.9975 0.0005
vn -0.0001 1.0000 0.0001
vn -0.0802 0.9968 0.0014
vn -0.0003 1.0000 0.0004
vn 0.0802 0.9968 -0.0007
vn 0.0705 0.9975 -0.0003
vn 0.0012 1.0000 0.0013
vn 0.0936 0.9956 0.0047
vn -0.0939 0.9956 -0.0024
vn -0.1016 0.9948 0.0053
vn -0.0085 1.0000 -0.0012
vn 0.1017 0.9947 -0.0118
vn -0.0004 1.0000 -0.0062
vn 0.0954 0.9950 -0.0298
vn -0.0965 0.9952 0.0159
vn -1.0000 0.0016 -0.0003
vn -1.0000 -0.0016 -0.0003
vn -1.0000 -0.0014 0.0012
vn -1.0000 -0.0000 0.0004
vn -1.0000 0.0014 0.0012
vn -1.0000 -0.0000 0.0008
vn -1.0000 0.0015 0.0036
vn -1.0000 -0.0015 0.0036
vn -0.9971 -0.0709 0.0286
vn -0.9891 -0.1384 0.0506
vn -0.9977 -0.0665 0.0088
vn -0.9914 -0.1299 0.0156
vn -0.9974 -0.0724 -0.0038
vn -0.9900 -0.1411 -0.0068
vn 0.9232 0.0650 -0.3787
vn 0.9227 0.1265 -0.3643
vn 0.9200 0.0014 -0.3920
vn 0.9905 0.0014 -0.1378
vn 0.9888 0.0665 -0.1335
vn 0.9838 0.1286 -0.1252
vn 0.9949 0.0722 0.0698
vn 0.9878 0.1408 0.0665
vn 0.9973 0.0016 0.0735
vn 0.0853 -0.9962 -0.0169
vn 0.0061 -1.0000 -0.0066
vn -0.0004 -1.0000 -0.0062
vn 0.0954 -0.9950 -0.0298
vn -0.0862 -0.9962 0.0121
vn -0.0965 -0.9952 0.0159
vn -0.1016 -0.9948 0.0053
vn -0.0085 -1.0000 -0.0012
vn 0.1017 -0.9947 -0.0118
vn 0.0012 -1.0000 0.0013
vn 0.0936 -0.9956 0.0047
vn -0.0939 -0.9956 -0.0024
vn 0.9232 -0.0650 -0.3787
vn 0.9200 -0.0014 -0.3920
vn 0.9227 -0.1265 -0.3643
vn 0.9838 -0.1286 -0.1252
vn 0.9888 -0.0665 -0.1335
vn 0.9905 -0.0014 -0.1378
vn 0.9949 -0.0722 0.0698
vn 0.9973 -0.0016 0.0735
vn 0.9878 -0.1408 0.0665
vn -0.9971 0.0709 0.0286
vn -0.9891 0.1384 0.0506
vn -0.9914 0.1298 0.0156
vn -0.9977 0.0665 0.0088
vn -0.9974 0.0724 -0.0038
vn -0.9900 0.1411 -0.0068
vn 0.9194 -0.0000 -0.3934
vn 0.9904 -0.0000 -0.1384
vn 0.9973 -0.0000 0.0738
vn -0.0012 -1.0000 0.0013
vn -0.0936 -0.9956 0.0047
vn 0.0939 -0.9956 -0.0024
vn 0.1016 -0.9948 0.0053
vn 0.0085 -1.0000 -0.0012
vn -0.1017 -0.9947 -0.0118
vn 0.0004 -1.0000 -0.0063
vn -0.0954 -0.9950 -0.0298
vn 0.0965 -0.9952 0.0159
vn 1.0000 -0.0016 -0.0003
vn 1.0000 0.0016 -0.0003
vn 1.0000 0.0014 0.0012
vn 1.0000 -0.0000 0.0004
vn 1.0000 -0.0014 0.0012
vn 1.0000 -0.0000 0.0008
vn 1.0000 -0.0015 0.0036
vn 1.0000 0.0015 0.0036
vn 0.0004 1.0000 -0.0063
vn -0.0954 0.9950 -0.0298
vn 0.0965 0.9952 0.0159
vn 0.1016 0.9948 0.0053
vn 0.0085 1.0000 -0.0012
vn -0.1017 0.9947 -0.0118
vn -0.0012 1.0000 0.0013
vn -0.0936 0.9956 0.0047
vn 0.0939 0.9956 -0.0024
vn -0.9234 -0.0650 -0.3783
vn -0.9228 -0.1265 -0.3639
vn -0.9201 -0.0014 -0.3916
vn -0.9904 -0.0014 -0.1379
vn -0.9888 -0.0665 -0.1335
vn -0.9838 -0.1285 -0.1252
vn -0.9950 -0.0722 0.0696
vn -0.9878 -0.1408 0.0663
vn -0.9973 -0.0016 0.0733
vn 0.9971 -0.0709 0.0286
vn 0.9891 -0.1383 0.0505
vn 0.9914 -0.1298 0.0156
vn 0.9977 -0.0665 0.0088
vn 0.9974 -0.0723 -0.0038
vn 0.9900 -0.1411 -0.0068
vn 0.9971 0.0709 0.0286
vn 0.9891 0.1383 0.0505
vn 0.9977 0.0665 0.0088
vn 0.9914 0.1298 0.0156
vn 0.9974 0.0723 -0.0038
vn 0.9900 0.1411 -0.0068
vn -0.9195 -0.0000 -0.3930
vn -0.9201 0.0014 -0.3916
vn -0.9904 0.0014 -0.1379
vn -0.9904 -0.0000 -0.1384
vn -0.9973 -0.0000 0.0737
vn -0.9973 0.0016 0.0733
vn -0.9234 0.0650 -0.3784
vn -0.9228 0.1265 -0.3639
vn -0.9838 0.1285 -0.1252
vn -0.9888 0.0665 -0.1335
vn -0.9950 0.0722 0.0696
vn -0.9878 0.1408 0.0663
vn 0.0791 -0.9969 -0.0038
vn 0.0028 -1.0000 -0.0018
vn -0.0796 -0.9968 0.0036
vt 0.600636 0.750228
vt 0.619950 0.750201
vt 0.619969 0.754978
vt 0.600636 0.755836
vt 0.625000 0.750000
vt 0.625000 0.750685
vt 0.625000 0.751370
vt 0.619969 0.788937
vt 0.600636 0.792352
vt 0.375000 0.500000
vt 0.369192 0.500272
vt 0.370046 0.500031
vt 0.332648 0.500296
vt 0.336063 0.500037
vt 0.373630 0.500000
vt 0.374315 0.500000
vt 0.874658 0.500499
vt 0.869149 0.500361
vt 0.870019 0.500075
vt 0.874771 0.500334
vt 0.832648 0.500333
vt 0.836064 0.500042
vt 0.873630 0.500000
vt 0.874315 0.500000
vt 0.875000 0.500000
vt 0.600636 0.957648
vt 0.619969 0.961064
vt 0.619969 0.995022
vt 0.600636 0.994164
vt 0.625000 0.998630
vt 0.625000 0.999315
vt 0.625000 1.000000
vt 0.619969 0.999791
vt 0.600636 0.999772
vt 0.619704 0.750000
vt 0.602225 0.755808
vt 0.620366 0.754954
vt 0.622352 0.750000
vt 0.619968 0.788937
vt 0.625000 0.747710
vt 0.625000 0.748855
vt 0.629954 0.748798
vt 0.630813 0.747204
vt 0.625685 0.750000
vt 0.626370 0.750000
vt 0.663937 0.748786
vt 0.667352 0.747161
vt 0.380393 0.750000
vt 0.397842 0.755808
vt 0.442181 0.755808
vt 0.440197 0.750000
vt 0.399429 0.792352
vt 0.442578 0.792352
vt 0.500016 0.792352
vt 0.500015 0.755808
vt 0.500000 0.750000
vt 0.602225 0.994192
vt 0.620366 0.995046
vt 0.619968 0.961063
vt 0.619704 1.000000
vt 0.622352 1.000000
vt 0.125228 0.747280
vt 0.125209 0.748965
vt 0.125024 0.748991
vt 0.125029 0.747435
vt 0.125000 0.750000
vt 0.125000 0.749074
vt 0.125000 0.748147
vt 0.620366 0.999976
vt 0.602225 0.999972
vt 0.874772 0.540553
vt 0.874752 0.505881
vt 0.874949 0.505055
vt 0.874972 0.537340
vt 0.875000 0.500999
vt 0.875000 0.501997
vt 0.332648 0.747232
vt 0.369164 0.747238
vt 0.370022 0.748960
vt 0.336063 0.748959
vt 0.374772 0.747280
vt 0.374809 0.748959
vt 0.375000 0.750000
vt 0.374315 0.750000
vt 0.373630 0.750000
vt 0.832648 0.746872
vt 0.869164 0.746878
vt 0.870022 0.748751
vt 0.836064 0.748750
vt 0.874772 0.746920
vt 0.874791 0.748756
vt 0.875000 0.750000
vt 0.874315 0.750000
vt 0.873630 0.750000
vt 0.375000 0.501778
vt 0.375000 0.500889
vt 0.374981 0.500889
vt 0.374810 0.501695
vt 0.625172 0.748830
vt 0.624946 0.748823
vt 0.624269 0.749687
vt 0.399429 0.750228
vt 0.380095 0.750203
vt 0.379754 0.749998
vt 0.397842 0.750029
vt 0.375744 0.749748
vt 0.377697 0.750000
vt 0.399429 0.999772
vt 0.442578 0.999772
vt 0.442181 0.999972
vt 0.397842 0.999972
vt 0.500016 0.999772
vt 0.500015 0.999972
vt 0.500000 1.000000
vt 0.440197 1.000000
vt 0.380393 1.000000
vt 0.557471 0.750228
vt 0.557867 0.750029
vt 0.602225 0.750029
vt 0.500016 0.750228
vt 0.500015 0.750029
vt 0.559852 0.750000
vt 0.399429 0.750229
vt 0.442578 0.750228
vt 0.442578 0.755836
vt 0.399429 0.755836
vt 0.500016 0.750229
vt 0.500016 0.755836
vt 0.630813 0.746942
vt 0.629973 0.748768
vt 0.667352 0.746872
vt 0.663937 0.748750
vt 0.399429 0.957648
vt 0.397842 0.994192
vt 0.442181 0.994192
vt 0.442578 0.957648
vt 0.500015 0.994192
vt 0.500016 0.957648
vt 0.832648 0.747161
vt 0.836064 0.748786
vt 0.870046 0.748798
vt 0.869192 0.747207
vt 0.875000 0.748855
vt 0.875000 0.747710
vt 0.332648 0.747521
vt 0.336063 0.748995
vt 0.370046 0.749008
vt 0.369192 0.747573
vt 0.375000 0.749074
vt 0.375000 0.748147
vt 0.832648 0.540553
vt 0.869164 0.540553
vt 0.869164 0.618681
vt 0.832648 0.618681
vt 0.874772 0.618681
vt 0.874772 0.696914
vt 0.869164 0.696914
vt 0.832648 0.696914
vt 0.442578 0.994164
vt 0.399429 0.994164
vt 0.500016 0.994164
vt 0.667352 0.500333
vt 0.630851 0.500361
vt 0.629982 0.500075
vt 0.663937 0.500042
vt 0.625343 0.500499
vt 0.625229 0.500334
vt 0.625000 0.500000
vt 0.625685 0.500000
vt 0.626370 0.500000
vt 0.167352 0.500296
vt 0.130851 0.500322
vt 0.129981 0.500067
vt 0.163937 0.500037
vt 0.125343 0.500445
vt 0.125229 0.500297
vt 0.125000 0.500000
vt 0.125685 0.500000
vt 0.126370 0.500000
vt 0.129954 0.749008
vt 0.130808 0.747573
vt 0.125685 0.750000
vt 0.126370 0.750000
vt 0.163937 0.748995
vt 0.167352 0.747521
vt 0.750000 0.500042
vt 0.750000 0.500333
vt 0.750000 0.500000
vt 0.250000 0.500037
vt 0.250000 0.500296
vt 0.250000 0.500000
vt 0.442578 0.875000
vt 0.399429 0.875000
vt 0.500016 0.875000
vt 0.836063 0.505818
vt 0.750000 0.505818
vt 0.750000 0.540553
vt 0.663937 0.505818
vt 0.667352 0.540553
vt 0.332648 0.540475
vt 0.336063 0.505726
vt 0.250000 0.505726
vt 0.250000 0.540475
vt 0.163937 0.505726
vt 0.167352 0.540475
vt 0.619969 0.961063
vt 0.619969 0.875000
vt 0.600636 0.875000
vt 0.625000 0.875000
vt 0.380076 0.961063
vt 0.380076 0.875000
vt 0.375000 0.998630
vt 0.375000 0.875000
vt 0.375000 0.751370
vt 0.380076 0.788937
vt 0.750000 0.748750
vt 0.750000 0.746872
vt 0.750000 0.750000
vt 0.250000 0.748959
vt 0.250000 0.747232
vt 0.250000 0.750000
vt 0.163937 0.748959
vt 0.167352 0.747232
vt 0.557471 0.957648
vt 0.557471 0.875000
vt 0.557471 0.792352
vt 0.130836 0.747238
vt 0.129978 0.748960
vt 0.836063 0.748786
vt 0.750000 0.748786
vt 0.750000 0.747161
vt 0.832648 0.741240
vt 0.869164 0.741265
vt 0.869164 0.744069
vt 0.832648 0.744052
vt 0.874772 0.741433
vt 0.874772 0.744190
vt 0.869192 0.618678
vt 0.869192 0.537340
vt 0.869192 0.700115
vt 0.875000 0.735329
vt 0.875000 0.618663
vt 0.625228 0.540553
vt 0.630836 0.540553
vt 0.630832 0.619481
vt 0.625209 0.622682
vt 0.667352 0.618680
vt 0.667352 0.696914
vt 0.630813 0.700115
vt 0.625000 0.735329
vt 0.832648 0.618680
vt 0.750000 0.618681
vt 0.750000 0.696914
vt 0.874976 0.748781
vt 0.874972 0.747068
vt 0.625000 0.501997
vt 0.625000 0.618663
vt 0.630808 0.618678
vt 0.630808 0.537340
vt 0.667352 0.618681
vt 0.625000 0.500999
vt 0.629954 0.505015
vt 0.869160 0.505865
vt 0.832648 0.505860
vt 0.625248 0.505881
vt 0.625051 0.505055
vt 0.625029 0.537340
vt 0.630840 0.505865
vt 0.667352 0.505860
vt 0.870046 0.505015
vt 0.125228 0.741850
vt 0.125228 0.744606
vt 0.125029 0.744907
vt 0.125029 0.742236
vt 0.125000 0.745342
vt 0.125000 0.742537
vt 0.750000 0.505860
vt 0.832648 0.742397
vt 0.832648 0.744883
vt 0.869192 0.744889
vt 0.869192 0.742375
vt 0.875000 0.744918
vt 0.875000 0.742126
vt 0.130808 0.745306
vt 0.130808 0.742790
vt 0.167352 0.745298
vt 0.167352 0.742813
vt 0.369187 0.537251
vt 0.369168 0.617975
vt 0.332648 0.618782
vt 0.374791 0.614750
vt 0.374772 0.697221
vt 0.369164 0.697221
vt 0.332648 0.697221
vt 0.250000 0.748995
vt 0.250000 0.747521
vt 0.125000 0.501778
vt 0.125000 0.618759
vt 0.130808 0.618778
vt 0.130808 0.537251
vt 0.125000 0.735741
vt 0.130808 0.700431
vt 0.167352 0.697221
vt 0.167352 0.618782
vt 0.375051 0.748965
vt 0.374971 0.747435
vt 0.250000 0.618782
vt 0.250000 0.697221
vt 0.125228 0.540475
vt 0.130836 0.540476
vt 0.130836 0.618782
vt 0.125228 0.618782
vt 0.130836 0.697221
vt 0.125228 0.697221
vt 0.125248 0.505782
vt 0.125051 0.504956
vt 0.125029 0.537251
vt 0.125000 0.500889
vt 0.369192 0.504951
vt 0.332648 0.505763
vt 0.370027 0.504920
vt 0.129954 0.504920
vt 0.250000 0.505763
vt 0.167352 0.505763
vt 0.130840 0.505768
vt 0.130836 0.540475
vt 0.332648 0.741657
vt 0.369164 0.741681
vt 0.369164 0.744485
vt 0.332648 0.744467
vt 0.374772 0.741849
vt 0.374772 0.744606
vt 0.374971 0.744907
vt 0.374971 0.742236
vt 0.375000 0.742536
vt 0.375000 0.745342
vt 0.380076 0.961064
vt 0.380076 0.995022
vt 0.375000 0.999315
vt 0.380076 0.999791
vt 0.375000 1.000000
vt 0.379680 0.995046
vt 0.377697 1.000000
vt 0.380076 0.754978
vt 0.375000 0.750685
vt 0.379680 0.999976
vt 0.442181 0.750029
vt 0.379679 0.754954
vt 0.619968 0.961064
vt 0.619968 0.875000
vt 0.620292 0.749992
vt 0.557471 0.999772
vt 0.557867 0.999972
vt 0.559852 1.000000
vt 0.557867 0.994192
vt 0.557867 0.755808
vt 0.557471 0.994164
vt 0.557471 0.755836
vt 0.600636 0.750229
vt 0.874972 0.618678
vt 0.874972 0.700115
vt 0.750000 0.744883
vt 0.750000 0.742397
vt 0.667352 0.742397
vt 0.667352 0.744883
vt 0.625228 0.742205
vt 0.625209 0.744808
vt 0.630832 0.744878
vt 0.630836 0.742373
vt 0.625000 0.740390
vt 0.630808 0.741170
vt 0.630808 0.744051
vt 0.625000 0.744050
vt 0.667352 0.741240
vt 0.667352 0.744052
vt 0.625024 0.622679
vt 0.874972 0.744491
vt 0.874972 0.741820
vt 0.750000 0.744052
vt 0.750000 0.741240
vt 0.369192 0.618778
vt 0.369192 0.700431
vt 0.375000 0.735741
vt 0.375000 0.618759
vt 0.130836 0.741681
vt 0.130836 0.744485
vt 0.167352 0.741657
vt 0.167352 0.744467
vt 0.374976 0.614747
vt 0.374971 0.700431
vt 0.332648 0.742813
vt 0.332648 0.745298
vt 0.369192 0.745305
vt 0.369192 0.742790
vt 0.250000 0.745298
vt 0.250000 0.742813
vt 0.250000 0.744467
vt 0.250000 0.741657
vt 0.125029 0.618778
vt 0.125029 0.700431
vt 0.874972 0.732750
vt 0.874772 0.731941
vt 0.875000 0.736750
vt 0.875000 0.738171
vt 0.874972 0.738203
vt 0.874772 0.738116
vt 0.874972 0.739798
vt 0.874772 0.739513
vt 0.875000 0.740149
vt 0.750000 0.731971
vt 0.832648 0.731972
vt 0.667352 0.731972
vt 0.667352 0.738357
vt 0.750000 0.738357
vt 0.832648 0.738357
vt 0.750000 0.740206
vt 0.832648 0.740206
vt 0.667352 0.740206
vt 0.630836 0.740188
vt 0.625228 0.740067
vt 0.630836 0.738351
vt 0.625228 0.738308
vt 0.630832 0.732771
vt 0.625209 0.735967
vt 0.667352 0.731971
vt 0.869164 0.739392
vt 0.832648 0.739374
vt 0.832648 0.738067
vt 0.869164 0.738073
vt 0.869164 0.731936
vt 0.832648 0.731935
vt 0.625029 0.741724
vt 0.625029 0.739757
vt 0.625000 0.739281
vt 0.625029 0.738215
vt 0.625000 0.738171
vt 0.625024 0.736757
vt 0.625000 0.736750
vt 0.630808 0.739358
vt 0.667352 0.739374
vt 0.630808 0.738076
vt 0.667352 0.738067
vt 0.630808 0.732738
vt 0.667352 0.731935
vt 0.869192 0.740196
vt 0.869192 0.738341
vt 0.869192 0.732768
vt 0.832648 0.731971
vt 0.750000 0.739374
vt 0.750000 0.738067
vt 0.750000 0.731935
vt 0.374971 0.733151
vt 0.374772 0.732340
vt 0.375000 0.737162
vt 0.375000 0.738583
vt 0.374971 0.738614
vt 0.374772 0.738528
vt 0.374971 0.740210
vt 0.374772 0.739925
vt 0.375000 0.740560
vt 0.250000 0.732370
vt 0.332648 0.732370
vt 0.167352 0.732370
vt 0.167352 0.738768
vt 0.250000 0.738768
vt 0.332648 0.738768
vt 0.250000 0.740618
vt 0.332648 0.740618
vt 0.167352 0.740618
vt 0.125029 0.740210
vt 0.125228 0.739925
vt 0.125000 0.740560
vt 0.125000 0.738583
vt 0.125029 0.738614
vt 0.125228 0.738528
vt 0.125029 0.733151
vt 0.125228 0.732340
vt 0.125000 0.737162
vt 0.369164 0.739804
vt 0.332648 0.739787
vt 0.332648 0.738479
vt 0.369164 0.738485
vt 0.369164 0.732335
vt 0.332648 0.732334
vt 0.369192 0.740608
vt 0.369192 0.738753
vt 0.369192 0.733169
vt 0.130808 0.740608
vt 0.130808 0.738753
vt 0.130808 0.733169
vt 0.250000 0.739787
vt 0.167352 0.739787
vt 0.167352 0.738479
vt 0.250000 0.738479
vt 0.250000 0.732334
vt 0.167352 0.732334
vt 0.130836 0.739804
vt 0.130836 0.738485
vt 0.130836 0.732335
vt 0.625024 0.744520
s 1
usemtl cover.001
f 3882/2471/2433 4078/2472/2434 4205/2473/2435 4092/2474/2436
f 4078/2472/2434 3806/2475/2437 4022/2476/2438 4205/2473/2435
f 4205/2473/2435 4022/2476/2438 3838/2477/2439 4014/2478/2440
f 4092/2474/2436 4205/2473/2435 4014/2478/2440 3888/2479/2441
f 3807/2480/2442 4018/2481/2443 4206/2482/2444 3968/2480/2445
f 4018/2481/2443 3831/2483/2446 3992/2484/2447 4206/2482/2444
f 4206/2482/2444 3992/2484/2447 3842/2485/2448 4020/2486/2449
f 3968/2480/2445 4206/2482/2444 4020/2486/2449 3817/2480/2450
f 3804/2487/2451 4024/2488/2452 4207/2489/2453 3965/2490/2454
f 4024/2488/2452 3833/2491/2455 3988/2492/2456 4207/2489/2453
f 4207/2489/2453 3988/2492/2456 3844/2493/2457 4026/2494/2458
f 3965/2490/2454 4207/2489/2453 4026/2494/2458 3814/2495/2459
f 3887/2496/2460 4083/2497/2461 4208/2498/2462 4091/2499/2463
f 4083/2497/2461 3837/2500/2464 4025/2501/2465 4208/2498/2462
f 4208/2498/2462 4025/2501/2465 3802/2502/2466 3938/2503/2467
f 4091/2499/2463 4208/2498/2462 3938/2503/2467 3881/2504/2468
f 3884/2505/2469 4090/2506/2470 4209/2507/2471 4080/2508/2472
f 4090/2506/2470 3886/2479/2473 4082/2509/2474 4209/2507/2471
f 4209/2507/2471 4082/2509/2474 3847/2477/2475 4031/2476/2476
f 4080/2508/2472 4209/2507/2471 4031/2476/2476 3816/2475/2477
f 3827/2510/2478 3956/2511/2479 4210/2512/2480 3949/2513/2481
f 3956/2511/2479 3816/2475/2482 4031/2514/2483 4210/2512/2480
f 4210/2512/2480 4031/2514/2483 3847/2515/2484 3999/2516/2485
f 3949/2513/2481 4210/2512/2480 3999/2516/2485 3825/2517/2486
f 3875/2518/2487 4076/2519/2488 4211/2520/2489 4063/2521/2490
f 4076/2519/2488 3878/2522/2491 4066/2523/2492 4211/2520/2489
f 4211/2520/2489 4066/2523/2492 3850/2524/2493 4033/2525/2494
f 4063/2521/2490 4211/2520/2489 4033/2525/2494 3820/2526/2495
f 3885/2496/2496 4089/2527/2497 4212/2528/2498 4002/2529/2499
f 4089/2527/2497 3883/2530/2500 3951/2531/2501 4212/2528/2498
f 4212/2528/2498 3951/2531/2501 3812/2502/2502 4032/2501/2503
f 4002/2529/2499 4212/2528/2498 4032/2501/2503 3848/2500/2504
f 3857/2532/2505 3937/2533/2506 4213/2534/2507 4048/2535/2508
f 3937/2533/2506 3801/2536/2509 3962/2536/2510 4213/2534/2507
f 4213/2534/2507 3962/2536/2510 3811/2536/2511 3950/2537/2512
f 4048/2535/2508 4213/2534/2507 3950/2537/2512 3859/2538/2513
f 3881/2504/2514 3938/2503/2515 4214/2539/2516 4088/2540/2517
f 3938/2503/2515 3802/2502/2518 3963/2502/2519 4214/2539/2516
f 4214/2539/2516 3963/2502/2519 3812/2502/2520 3951/2531/2521
f 4088/2540/2517 4214/2539/2516 3951/2531/2521 3883/2530/2522
f 3822/2541/2523 3939/2542/2524 4215/2543/2525 4036/2544/2526
f 3939/2542/2524 3804/2487/2527 3965/2490/2528 4215/2543/2525
f 4215/2543/2525 3965/2490/2528 3814/2495/2529 3952/2545/2530
f 4036/2544/2526 4215/2543/2525 3952/2545/2530 3821/2546/2531
f 3863/2547/2532 4047/2548/2533 4216/2549/2534 4011/2550/2535
f 4047/2548/2533 3858/2551/2536 4037/2552/2537 4216/2549/2534
f 4216/2549/2534 4037/2552/2537 3805/2553/2538 4019/2554/2539
f 4011/2550/2535 4216/2549/2534 4019/2554/2539 3836/2555/2540
f 3824/2556/2541 3953/2557/2542 4217/2558/2543 4008/2559/2544
f 3953/2557/2542 3830/2560/2545 3978/2561/2546 4217/2558/2543
f 4217/2558/2543 3978/2561/2546 3802/2562/2547 4025/2563/2548
f 4008/2559/2544 4217/2558/2543 4025/2563/2548 3837/2564/2549
f 3865/2565/2550 3942/2566/2551 4218/2567/2552 4060/2565/2553
f 3942/2566/2551 3807/2480/2554 3968/2480/2555 4218/2567/2552
f 4218/2567/2552 3968/2480/2555 3817/2480/2556 3955/2568/2557
f 4060/2565/2553 4218/2567/2552 3955/2568/2557 3866/2565/2558
f 3829/2510/2559 3943/2569/2560 4219/2570/2561 3976/2510/2562
f 3943/2569/2560 3806/2475/2563 3967/2571/2564 4219/2570/2561
f 4219/2570/2561 3967/2571/2564 3816/2475/2565 3956/2511/2566
f 3976/2510/2562 4219/2570/2561 3956/2511/2566 3827/2510/2567
f 3873/2572/2568 3944/2573/2569 4220/2574/2570 4075/2575/2571
f 3944/2573/2569 3805/2553/2572 3966/2576/2573 4220/2574/2570
f 4220/2574/2570 3966/2576/2573 3815/2553/2574 3957/2577/2575
f 4075/2575/2571 4220/2574/2570 3957/2577/2575 3875/2518/2576
f 3874/2578/2577 3947/2579/2578 4221/2580/2579 4074/2581/2580
f 3947/2579/2578 3809/2582/2581 3970/2583/2582 4221/2580/2579
f 4221/2580/2579 3970/2583/2582 3819/2584/2583 3960/2585/2584
f 4074/2581/2580 4221/2580/2579 3960/2585/2584 3876/2586/2585
f 3882/2471/2586 3948/2587/2587 4222/2588/2588 4087/2589/2589
f 3948/2587/2587 3810/2590/2590 3971/2591/2591 4222/2588/2588
f 4222/2588/2588 3971/2591/2591 3820/2526/2592 3961/2592/2593
f 4087/2589/2589 4222/2588/2588 3961/2592/2593 3884/2505/2594
f 3873/2593/2595 4061/2594/2596 4223/2595/2597 4073/2596/2598
f 4061/2594/2596 3810/2597/2599 4027/2598/2600 4223/2595/2597
f 4223/2595/2597 4027/2598/2600 3839/2524/2601 4007/2523/2602
f 4073/2596/2598 4223/2595/2597 4007/2523/2602 3880/2522/2603
f 3829/2510/2604 3981/2599/2605 4224/2600/2606 3943/2569/2607
f 3981/2599/2605 3823/2601/2608 3958/2602/2609 4224/2600/2606
f 4224/2600/2606 3958/2602/2609 3838/2515/2610 4022/2514/2611
f 3943/2569/2607 4224/2600/2606 4022/2514/2611 3806/2475/2612
f 3877/2603/2613 4072/2604/2614 4225/2605/2615 3994/2606/2616
f 4072/2604/2614 3876/2586/2617 3960/2585/2618 4225/2605/2615
f 4225/2605/2615 3960/2585/2618 3819/2584/2619 4034/2607/2620
f 3994/2606/2616 4225/2605/2615 4034/2607/2620 3849/2608/2621
f 3826/2609/2622 3959/2610/2623 4226/2611/2624 3954/2612/2625
f 3959/2610/2623 3848/2564/2626 4032/2563/2627 4226/2611/2624
f 4226/2611/2624 4032/2563/2627 3812/2562/2628 3982/2613/2629
f 3954/2612/2625 4226/2611/2624 3982/2613/2629 3828/2614/2630
f 3861/2615/2631 4039/2616/2632 4227/2617/2633 4045/2618/2634
f 4039/2616/2632 3845/2555/2635 4030/2554/2636 4227/2617/2633
f 4227/2617/2633 4030/2554/2636 3815/2553/2637 4038/2619/2638
f 4045/2618/2634 4227/2617/2633 4038/2619/2638 3860/2620/2639
f 3852/2621/2640 3941/2622/2641 4228/2623/2642 4186/2624/2643
f 3941/2622/2641 3822/2541/2644 4183/2625/2645 4228/2623/2642
f 4228/2623/2642 4183/2625/2645 3911/2626/2646 4116/2627/2647
f 4186/2624/2643 4228/2623/2642 4116/2627/2647 3896/2628/2648
f 3879/2603/2649 4067/2606/2650 4229/2629/2651 4071/2630/2652
f 4067/2606/2650 3840/2608/2653 4028/2631/2654 4229/2629/2651
f 4229/2629/2651 4028/2631/2654 3809/2582/2655 3947/2579/2656
f 4071/2630/2652 4229/2629/2651 3947/2579/2656 3874/2578/2657
f 3834/2632/2658 4021/2633/2659 4230/2634/2660 3986/2635/2661
f 4021/2633/2659 3808/2636/2662 3969/2637/2663 4230/2634/2660
f 4230/2634/2660 3969/2637/2663 3818/2638/2664 4023/2639/2665
f 3986/2635/2661 4230/2634/2660 4023/2639/2665 3843/2640/2666
f 3832/2641/2667 4015/2642/2668 4231/2643/2669 3990/2644/2670
f 4015/2642/2668 3803/2645/2671 3964/2646/2672 4231/2643/2669
f 4231/2643/2669 3964/2646/2672 3813/2647/2673 4017/2648/2674
f 3990/2644/2670 4231/2643/2669 4017/2648/2674 3841/2649/2675
f 3859/2538/2676 3950/2537/2677 4232/2650/2678 4044/2651/2679
f 3950/2537/2677 3811/2536/2680 4029/2652/2681 4232/2650/2678
f 4232/2650/2678 4029/2652/2681 3846/2653/2682 4001/2654/2683
f 4044/2651/2679 4232/2650/2678 4001/2654/2683 3862/2655/2684
f 3834/2632/2658 3986/2635/2661 4233/2656/2685 3985/2657/2686
f 3986/2635/2661 3843/2640/2666 3987/2658/2687 4233/2656/2685
f 4233/2656/2685 3987/2658/2687 3844/2493/2457 3988/2492/2456
f 3985/2657/2686 4233/2656/2685 3988/2492/2456 3833/2491/2455
f 3832/2641/2667 3990/2644/2670 4234/2659/2688 3989/2660/2689
f 3990/2644/2670 3841/2649/2675 3991/2661/2690 4234/2659/2688
f 4234/2659/2688 3991/2661/2690 3842/2485/2448 3992/2484/2447
f 3989/2660/2689 4234/2659/2688 3992/2484/2447 3831/2483/2446
f 3877/2603/2613 3994/2606/2616 4235/2662/2691 4070/2663/2692
f 3994/2606/2616 3849/2608/2621 3995/2664/2693 4235/2662/2691
f 4235/2662/2691 3995/2664/2693 3850/2524/2493 4066/2523/2492
f 4070/2663/2692 4235/2662/2691 4066/2523/2492 3878/2522/2491
f 3855/2621/2694 3998/2665/2695 4236/2666/2696 3940/2667/2697
f 3998/2665/2695 3844/2493/2698 3987/2658/2699 4236/2666/2696
f 4236/2666/2696 3987/2658/2699 3843/2640/2700 3945/2668/2701
f 3940/2667/2697 4236/2666/2696 3945/2668/2701 3854/2669/2702
f 3867/2670/2703 4000/2671/2704 4237/2672/2705 4059/2673/2706
f 4000/2671/2704 3842/2485/2707 3991/2661/2708 4237/2672/2705
f 4237/2672/2705 3991/2661/2708 3841/2649/2709 4051/2674/2710
f 4059/2673/2706 4237/2672/2705 4051/2674/2710 3871/2675/2711
f 3885/2496/2496 4002/2676/2499 4238/2677/2712 4086/2678/2713
f 4002/2676/2499 3848/2500/2504 3997/2679/2714 4238/2677/2712
f 4238/2677/2712 3997/2679/2714 3847/2477/2475 4082/2478/2474
f 4086/2678/2713 4238/2677/2712 4082/2478/2474 3886/2479/2473
f 3879/2603/2649 4005/2680/2715 4239/2681/2716 4069/2663/2717
f 4005/2680/2715 3835/2682/2718 4006/2683/2719 4239/2681/2716
f 4239/2681/2716 4006/2683/2719 3836/2684/2720 4068/2685/2721
f 4069/2663/2717 4239/2681/2716 4068/2685/2721 3880/2522/2603
f 3824/2556/2541 4008/2559/2544 4240/2686/2722 3980/2687/2723
f 4008/2559/2544 3837/2564/2549 4009/2688/2724 4240/2686/2722
f 4240/2686/2722 4009/2688/2724 3838/2515/2610 3958/2602/2609
f 3980/2687/2723 4240/2686/2722 3958/2602/2609 3823/2601/2608
f 3863/2547/2532 4011/2550/2535 4241/2689/2725 4042/2690/2726
f 4011/2550/2535 3836/2555/2540 4006/2691/2727 4241/2689/2725
f 4241/2689/2725 4006/2691/2727 3835/2653/2728 4040/2692/2729
f 4042/2690/2726 4241/2689/2725 4040/2692/2729 3864/2693/2730
f 3887/2496/2460 4013/2694/2731 4242/2695/2732 4085/2678/2733
f 4013/2694/2731 3840/2608/2653 4004/2664/2734 4242/2695/2732
f 4242/2695/2732 4004/2664/2734 3839/2524/2601 4084/2696/2735
f 4085/2678/2733 4242/2695/2732 4084/2696/2735 3888/2479/2441
f 3857/2532/2736 4041/2697/2737 4243/2698/2738 3937/2533/2739
f 4041/2697/2737 3864/2693/2730 4040/2692/2729 4243/2698/2738
f 4243/2698/2738 4040/2692/2729 3835/2653/2728 4016/2652/2740
f 3937/2533/2739 4243/2698/2738 4016/2652/2740 3801/2536/2741
f 3848/2564/2626 3959/2699/2623 4244/2700/2742 3997/2688/2743
f 3959/2699/2623 3826/2609/2622 3977/2701/2744 4244/2700/2742
f 4244/2700/2742 3977/2701/2744 3825/2517/2486 3999/2516/2485
f 3997/2688/2743 4244/2700/2742 3999/2516/2485 3847/2515/2484
f 3895/2702/2745 4112/2703/2746 4245/2704/2747 4185/2705/2748
f 4112/2703/2746 3910/2706/2749 4181/2707/2750 4245/2704/2747
f 4245/2704/2747 4181/2707/2750 3830/2560/2545 3953/2557/2542
f 4185/2705/2748 4245/2704/2747 3953/2557/2542 3824/2556/2541
f 3855/2621/2694 4179/2624/2751 4246/2708/2752 3972/2709/2753
f 4179/2624/2751 3908/2628/2754 4129/2710/2755 4246/2708/2752
f 4246/2708/2752 4129/2710/2755 3892/2711/2756 4180/2712/2757
f 3972/2709/2753 4246/2708/2752 4180/2712/2757 3821/2546/2758
f 3851/2713/2759 3979/2714/2760 4247/2715/2761 4175/2716/2762
f 3979/2714/2760 3856/2669/2763 4176/2717/2764 4247/2715/2761
f 4247/2715/2761 4176/2717/2764 3901/2718/2765 4126/2719/2766
f 4175/2716/2762 4247/2715/2761 4126/2719/2766 3889/2720/2767
f 3852/2621/2640 4186/2721/2643 4248/2722/2768 4035/2667/2769
f 4186/2721/2643 3896/2628/2648 4132/2723/2770 4248/2722/2768
f 4248/2722/2768 4132/2723/2770 3901/2718/2765 4176/2717/2764
f 4035/2667/2769 4248/2722/2768 4176/2717/2764 3856/2669/2763
f 3802/2562/2518 3978/2561/2771 4249/2724/2772 3963/2562/2519
f 3978/2561/2771 3830/2560/2773 3975/2725/2774 4249/2724/2772
f 4249/2724/2772 3975/2725/2774 3828/2614/2775 3982/2613/2776
f 3963/2562/2519 4249/2724/2772 3982/2613/2776 3812/2562/2520
f 3853/2726/2777 4177/2727/2778 4250/2728/2779 3973/2729/2780
f 4177/2727/2778 3898/2720/2781 4111/2719/2782 4250/2728/2779
f 4250/2728/2779 4111/2719/2782 3904/2718/2783 4188/2730/2784
f 3973/2729/2780 4250/2728/2779 4188/2730/2784 3854/2669/2702
f 3818/2638/2785 3974/2731/2786 4251/2732/2787 4023/2639/2788
f 3974/2731/2786 3853/2726/2777 3973/2729/2780 4251/2732/2787
f 4251/2732/2787 3973/2729/2780 3854/2669/2702 3945/2668/2701
f 4023/2639/2788 4251/2732/2787 3945/2668/2701 3843/2640/2700
f 3833/2491/2789 4024/2488/2790 4252/2733/2791 3983/2734/2792
f 4024/2488/2790 3804/2487/2793 3939/2542/2794 4252/2733/2791
f 4252/2733/2791 3939/2542/2794 3822/2541/2644 3941/2622/2641
f 3983/2734/2792 4252/2733/2791 3941/2622/2641 3852/2621/2640
f 3808/2636/2795 3946/2735/2796 4253/2736/2797 3969/2637/2798
f 3946/2735/2796 3851/2713/2799 3984/2737/2553 4253/2736/2797
f 4253/2736/2797 3984/2737/2553 3853/2726/2800 3974/2731/2801
f 3969/2637/2798 4253/2736/2797 3974/2731/2801 3818/2638/2802
f 3808/2636/2803 4021/2633/2804 4254/2738/2805 3946/2735/2806
f 4021/2633/2804 3834/2632/2807 4010/2739/2808 4254/2738/2805
f 4254/2738/2805 4010/2739/2808 3856/2669/2763 3979/2714/2760
f 3946/2735/2806 4254/2738/2805 3979/2714/2760 3851/2713/2759
f 3844/2493/2698 3998/2665/2695 4255/2740/2809 4026/2494/2810
f 3998/2665/2695 3855/2621/2694 3972/2709/2753 4255/2740/2809
f 4255/2740/2809 3972/2709/2753 3821/2546/2758 3952/2545/2811
f 4026/2494/2810 4255/2740/2809 3952/2545/2811 3814/2495/2812
f 3914/2741/2813 4189/2742/2814 4256/2743/2815 4148/2744/2816
f 4189/2742/2814 3857/2532/2505 4048/2535/2508 4256/2743/2815
f 4256/2743/2815 4048/2535/2508 3859/2538/2513 4190/2745/2817
f 4148/2744/2816 4256/2743/2815 4190/2745/2817 3916/2746/2818
f 3833/2491/2789 3983/2734/2792 4257/2747/2819 3985/2657/2820
f 3983/2734/2792 3852/2621/2640 4035/2667/2769 4257/2747/2819
f 4257/2747/2819 4035/2667/2769 3856/2669/2763 4010/2739/2808
f 3985/2657/2820 4257/2747/2819 4010/2739/2808 3834/2632/2807
f 3907/2748/2821 4184/2749/2822 4258/2750/2823 4127/2751/2824
f 4184/2749/2822 3826/2609/2622 3954/2612/2625 4258/2750/2823
f 4258/2750/2823 3954/2612/2625 3828/2614/2630 4182/2752/2825
f 4127/2751/2824 4258/2750/2823 4182/2752/2825 3893/2753/2826
f 3916/2746/2827 4190/2745/2828 4259/2754/2829 4162/2755/2830
f 4190/2745/2828 3859/2538/2676 4044/2651/2679 4259/2754/2829
f 4259/2754/2829 4044/2651/2679 3862/2655/2684 4195/2756/2831
f 4162/2755/2830 4259/2754/2829 4195/2756/2831 3920/2757/2832
f 3872/2670/2833 4054/2758/2834 4260/2759/2835 4201/2760/2836
f 4054/2758/2834 3865/2565/2837 4202/2761/2838 4260/2759/2835
f 4260/2759/2835 4202/2761/2838 3926/2762/2839 4158/2763/2840
f 4201/2760/2836 4260/2759/2835 4158/2763/2840 3923/2764/2841
f 3845/2555/2635 4039/2616/2632 4261/2765/2842 3993/2691/2843
f 4039/2616/2632 3861/2615/2631 4043/2766/2844 4261/2765/2842
f 4261/2765/2842 4043/2766/2844 3862/2655/2684 4001/2654/2683
f 3993/2691/2843 4261/2765/2842 4001/2654/2683 3846/2653/2682
f 3870/2767/2845 4193/2768/2846 4262/2769/2847 4056/2770/2848
f 4193/2768/2846 3917/2771/2849 4164/2772/2850 4262/2769/2847
f 4262/2769/2847 4164/2772/2850 3919/2773/2851 4196/2774/2852
f 4056/2770/2848 4262/2769/2847 4196/2774/2852 3871/2675/2711
f 3805/2553/2572 4037/2552/2853 4263/2775/2854 3966/2576/2573
f 4037/2552/2853 3858/2551/2855 4046/2776/2856 4263/2775/2854
f 4263/2775/2854 4046/2776/2856 3860/2620/2857 4038/2619/2858
f 3966/2576/2573 4263/2775/2854 4038/2619/2858 3815/2553/2574
f 3872/2670/2833 4201/2760/2836 4264/2777/2859 4057/2673/2860
f 4201/2760/2836 3923/2764/2841 4169/2778/2861 4264/2777/2859
f 4264/2777/2859 4169/2778/2861 3935/2773/2862 4192/2774/2863
f 4057/2673/2860 4264/2777/2859 4192/2774/2863 3868/2675/2864
f 3869/2779/2865 4058/2780/2866 4265/2781/2867 4191/2782/2868
f 4058/2780/2866 3868/2675/2864 4192/2774/2863 4265/2781/2867
f 4265/2781/2867 4192/2774/2863 3935/2773/2862 4172/2783/2869
f 4191/2782/2868 4265/2781/2867 4172/2783/2869 3913/2784/2870
f 3803/2645/2871 4049/2785/2872 4266/2786/2873 3964/2646/2874
f 4049/2785/2872 3869/2779/2875 4053/2787/2526 4266/2786/2873
f 4266/2786/2873 4053/2787/2526 3870/2767/2876 4050/2788/2877
f 3964/2646/2874 4266/2786/2873 4050/2788/2877 3813/2647/2878
f 3831/2483/2879 4018/2481/2880 4267/2789/2881 4052/2790/2882
f 4018/2481/2880 3807/2480/2883 3942/2566/2884 4267/2789/2881
f 4267/2789/2881 3942/2566/2884 3865/2565/2837 4054/2758/2834
f 4052/2790/2882 4267/2789/2881 4054/2758/2834 3872/2670/2833
f 3842/2485/2707 4000/2671/2704 4268/2791/2885 4020/2486/2886
f 4000/2671/2704 3867/2670/2703 4055/2758/2887 4268/2791/2885
f 4268/2791/2885 4055/2758/2887 3866/2565/2888 3955/2568/2889
f 4020/2486/2886 4268/2791/2885 3955/2568/2889 3817/2480/2890
f 3813/2647/2891 4050/2788/2892 4269/2792/2893 4017/2648/2894
f 4050/2788/2892 3870/2767/2845 4056/2770/2848 4269/2792/2893
f 4269/2792/2893 4056/2770/2848 3871/2675/2711 4051/2674/2710
f 4017/2648/2894 4269/2792/2893 4051/2674/2710 3841/2649/2709
f 3831/2483/2879 4052/2790/2882 4270/2793/2895 3989/2660/2896
f 4052/2790/2882 3872/2670/2833 4057/2673/2860 4270/2793/2895
f 4270/2793/2895 4057/2673/2860 3868/2675/2864 4012/2794/2897
f 3989/2660/2896 4270/2793/2895 4012/2794/2897 3832/2641/2898
f 3803/2645/2899 4015/2642/2900 4271/2795/2901 4049/2785/2902
f 4015/2642/2900 3832/2641/2898 4012/2794/2897 4271/2795/2901
f 4271/2795/2901 4012/2794/2897 3868/2675/2864 4058/2796/2866
f 4049/2785/2902 4271/2795/2901 4058/2796/2866 3869/2779/2865
f 3922/2797/2903 4154/2798/2904 4272/2799/2905 4199/2800/2906
f 4154/2798/2904 3925/2801/2907 4200/2802/2908 4272/2799/2905
f 4272/2799/2905 4200/2802/2908 3858/2551/2536 4047/2548/2533
f 4199/2800/2906 4272/2799/2905 4047/2548/2533 3863/2547/2532
f 3858/2551/2855 4200/2802/2909 4273/2803/2910 4046/2776/2856
f 4200/2802/2909 3925/2801/2911 4139/2804/2912 4273/2803/2910
f 4273/2803/2910 4139/2804/2912 3929/2805/2913 4204/2806/2914
f 4046/2776/2856 4273/2803/2910 4204/2806/2914 3860/2620/2857
f 3840/2608/2653 4067/2606/2650 4274/2662/2915 4004/2664/2734
f 4067/2606/2650 3879/2603/2649 4069/2663/2717 4274/2662/2915
f 4274/2662/2915 4069/2663/2717 3880/2522/2603 4007/2523/2602
f 4004/2664/2734 4274/2662/2915 4007/2523/2602 3839/2524/2601
f 3846/2682/2916 4065/2807/2917 4275/2681/2918 3993/2683/2919
f 4065/2807/2917 3877/2603/2613 4070/2663/2692 4275/2681/2918
f 4275/2681/2918 4070/2663/2692 3878/2522/2491 3996/2685/2920
f 3993/2683/2919 4275/2681/2918 3996/2685/2920 3845/2684/2921
f 3835/2682/2718 4005/2807/2715 4276/2808/2922 4016/2809/2923
f 4005/2807/2715 3879/2603/2649 4071/2630/2652 4276/2808/2922
f 4276/2808/2922 4071/2630/2652 3874/2578/2657 4062/2810/2924
f 4016/2809/2923 4276/2808/2922 4062/2810/2924 3801/2811/2925
f 3846/2682/2916 4029/2809/2926 4277/2812/2927 4065/2807/2917
f 4029/2809/2926 3811/2811/2928 4064/2813/2929 4277/2812/2927
f 4277/2812/2927 4064/2813/2929 3876/2586/2617 4072/2604/2614
f 4065/2807/2917 4277/2812/2927 4072/2604/2614 3877/2603/2613
f 3805/2553/2930 3944/2573/2931 4278/2814/2932 4019/2815/2933
f 3944/2573/2931 3873/2572/2595 4073/2596/2598 4278/2814/2932
f 4278/2814/2932 4073/2596/2598 3880/2522/2603 4068/2685/2721
f 4019/2815/2933 4278/2814/2932 4068/2685/2721 3836/2684/2720
f 3801/2811/2509 4062/2810/2934 4279/2816/2935 3962/2811/2510
f 4062/2810/2934 3874/2578/2577 4074/2581/2580 4279/2816/2935
f 4279/2816/2935 4074/2581/2580 3876/2586/2585 4064/2813/2936
f 3962/2811/2510 4279/2816/2935 4064/2813/2936 3811/2811/2511
f 3810/2590/2590 4061/2594/2937 4280/2817/2938 3971/2591/2591
f 4061/2594/2937 3873/2572/2568 4075/2575/2571 4280/2817/2938
f 4280/2817/2938 4075/2575/2571 3875/2518/2576 4063/2521/2939
f 3971/2591/2591 4280/2817/2938 4063/2521/2939 3820/2526/2592
f 3815/2553/2940 4030/2815/2941 4281/2818/2942 3957/2577/2943
f 4030/2815/2941 3845/2684/2921 3996/2685/2920 4281/2818/2942
f 4281/2818/2942 3996/2685/2920 3878/2522/2491 4076/2519/2488
f 3957/2577/2943 4281/2818/2942 4076/2519/2488 3875/2518/2487
f 3837/2500/2464 4083/2819/2461 4282/2820/2944 4009/2679/2945
f 4083/2819/2461 3887/2496/2460 4085/2678/2733 4282/2820/2944
f 4282/2820/2944 4085/2678/2733 3888/2479/2441 4014/2509/2440
f 4009/2679/2945 4282/2820/2944 4014/2509/2440 3838/2477/2439
f 3849/2608/2621 4081/2694/2946 4283/2695/2947 3995/2664/2693
f 4081/2694/2946 3885/2496/2496 4086/2678/2713 4283/2695/2947
f 4283/2695/2947 4086/2678/2713 3886/2479/2473 4003/2696/2948
f 3995/2664/2693 4283/2695/2947 4003/2696/2948 3850/2524/2493
f 3806/2475/2563 4078/2472/2949 4284/2821/2950 3967/2571/2564
f 4078/2472/2949 3882/2471/2586 4087/2589/2589 4284/2821/2950
f 4284/2821/2950 4087/2589/2589 3884/2505/2594 4080/2508/2951
f 3967/2571/2564 4284/2821/2950 4080/2508/2951 3816/2475/2565
f 3809/2582/2581 4077/2822/2952 4285/2823/2953 3970/2583/2582
f 4077/2822/2952 3881/2504/2514 4088/2540/2517 4285/2823/2953
f 4285/2823/2953 4088/2540/2517 3883/2530/2522 4079/2824/2954
f 3970/2583/2582 4285/2823/2953 4079/2824/2954 3819/2584/2583
f 3849/2608/2621 4034/2607/2620 4286/2825/2955 4081/2694/2946
f 4034/2607/2620 3819/2584/2619 4079/2824/2956 4286/2825/2955
f 4286/2825/2955 4079/2824/2956 3883/2530/2500 4089/2527/2497
f 4081/2694/2946 4286/2825/2955 4089/2527/2497 3885/2496/2496
f 3820/2526/2495 4033/2525/2494 4287/2826/2957 3961/2592/2958
f 4033/2525/2494 3850/2524/2493 4003/2696/2948 4287/2826/2957
f 4287/2826/2957 4003/2696/2948 3886/2479/2473 4090/2506/2470
f 3961/2592/2958 4287/2826/2957 4090/2506/2470 3884/2505/2469
f 3840/2608/2653 4013/2694/2731 4288/2827/2959 4028/2631/2654
f 4013/2694/2731 3887/2496/2460 4091/2499/2463 4288/2827/2959
f 4288/2827/2959 4091/2499/2463 3881/2504/2468 4077/2822/2960
f 4028/2631/2654 4288/2827/2959 4077/2822/2960 3809/2582/2655
f 3810/2597/2599 3948/2587/2961 4289/2828/2962 4027/2598/2600
f 3948/2587/2961 3882/2829/2433 4092/2474/2436 4289/2828/2962
f 4289/2828/2962 4092/2474/2436 3888/2479/2441 4084/2696/2735
f 4027/2598/2600 4289/2828/2962 4084/2696/2735 3839/2524/2601
f 3911/2626/2963 4183/2625/2964 4290/2830/2965 4094/2831/2966
f 4183/2625/2964 3822/2541/2523 4036/2544/2526 4290/2830/2965
f 4290/2830/2965 4036/2544/2526 3821/2546/2531 4180/2712/2967
f 4094/2831/2966 4290/2830/2965 4180/2712/2967 3892/2711/2968
f 3908/2628/2754 4179/2624/2751 4291/2722/2969 4101/2723/2969
f 4179/2624/2751 3855/2621/2694 3940/2667/2697 4291/2722/2969
f 4291/2722/2969 3940/2667/2697 3854/2669/2702 4188/2730/2784
f 4101/2723/2969 4291/2722/2969 4188/2730/2784 3904/2718/2783
f 3826/2609/2622 4184/2749/2822 4292/2832/2970 3977/2701/2744
f 4184/2749/2822 3907/2748/2821 4106/2833/2971 4292/2832/2970
f 4292/2832/2970 4106/2833/2971 3905/2834/2972 4187/2835/2973
f 3977/2701/2744 4292/2832/2970 4187/2835/2973 3825/2517/2486
f 3899/2836/2974 4174/2837/2975 4293/2838/2976 4108/2839/2977
f 4174/2837/2975 3827/2510/2478 3949/2513/2481 4293/2838/2976
f 4293/2838/2976 3949/2513/2481 3825/2517/2486 4187/2835/2973
f 4108/2839/2977 4293/2838/2976 4187/2835/2973 3905/2834/2972
f 3890/2840/2978 4123/2841/2979 4294/2842/2980 4173/2843/2981
f 4123/2841/2979 3902/2844/2982 4178/2845/2983 4294/2842/2980
f 4294/2842/2980 4178/2845/2983 3823/2601/2608 3981/2599/2605
f 4173/2843/2981 4294/2842/2980 3981/2599/2605 3829/2510/2604
f 3851/2713/2799 4175/2716/2984 4295/2846/2985 3984/2737/2553
f 4175/2716/2984 3889/2720/2986 4121/2720/2987 4295/2846/2985
f 4295/2846/2985 4121/2720/2987 3898/2720/2988 4177/2727/2989
f 3984/2737/2553 4295/2846/2985 4177/2727/2989 3853/2726/2800
f 3830/2560/2773 4181/2707/2990 4296/2847/2991 3975/2725/2774
f 4181/2707/2990 3910/2706/2992 4099/2848/2993 4296/2847/2991
f 4296/2847/2991 4099/2848/2993 3893/2753/2994 4182/2752/2995
f 3975/2725/2774 4296/2847/2991 4182/2752/2995 3828/2614/2775
f 3895/2702/2745 4185/2705/2748 4297/2849/2996 4130/2850/2997
f 4185/2705/2748 3824/2556/2541 3980/2687/2723 4297/2849/2996
f 4297/2849/2996 3980/2687/2723 3823/2601/2608 4178/2845/2983
f 4130/2850/2997 4297/2849/2996 4178/2845/2983 3902/2844/2982
f 3867/2670/2703 4198/2760/2998 4298/2851/2999 4055/2758/2887
f 4198/2760/2998 3932/2764/3000 4161/2852/3001 4298/2851/2999
f 4298/2851/2999 4161/2852/3001 3928/2853/3002 4203/2854/3003
f 4055/2758/2887 4298/2851/2999 4203/2854/3003 3866/2565/2888
f 3932/2764/3000 4198/2760/2998 4299/2777/3004 4141/2778/3004
f 4198/2760/2998 3867/2670/2703 4059/2673/2706 4299/2777/3004
f 4299/2777/3004 4059/2673/2706 3871/2675/2711 4196/2774/2852
f 4141/2778/3004 4299/2777/3004 4196/2774/2852 3919/2773/2851
f 3914/2741/3005 4170/2855/3006 4300/2856/3007 4189/2742/3008
f 4170/2855/3006 3934/2857/3009 4194/2858/3010 4300/2856/3007
f 4300/2856/3007 4194/2858/3010 3864/2693/2730 4041/2697/2737
f 4189/2742/3008 4300/2856/3007 4041/2697/2737 3857/2532/2736
f 3926/2762/3011 4202/2761/3012 4301/2859/3013 4134/2860/3014
f 4202/2761/3012 3865/2565/2550 4060/2565/2553 4301/2859/3013
f 4301/2859/3013 4060/2565/2553 3866/2565/2558 4203/2854/3015
f 4134/2860/3014 4301/2859/3013 4203/2854/3015 3928/2853/3016
f 3931/2861/3017 4197/2862/3018 4302/2863/3019 4159/2864/3020
f 4197/2862/3018 3861/2615/2631 4045/2618/2634 4302/2863/3019
f 4302/2863/3019 4045/2618/2634 3860/2620/2639 4204/2806/3021
f 4159/2864/3020 4302/2863/3019 4204/2806/3021 3929/2805/3022
f 3861/2615/2631 4197/2862/3018 4303/2865/3023 4043/2766/2844
f 4197/2862/3018 3931/2861/3017 4146/2866/3024 4303/2865/3023
f 4303/2865/3023 4146/2866/3024 3920/2757/2832 4195/2756/2831
f 4043/2766/2844 4303/2865/3023 4195/2756/2831 3862/2655/2684
f 3922/2797/2903 4199/2800/2906 4304/2867/3025 4165/2868/3026
f 4199/2800/2906 3863/2547/2532 4042/2690/2726 4304/2867/3025
f 4304/2867/3025 4042/2690/2726 3864/2693/2730 4194/2858/3010
f 4165/2868/3026 4304/2867/3025 4194/2858/3010 3934/2857/3009
f 3869/2779/2875 4191/2782/3027 4305/2869/3028 4053/2787/2526
f 4191/2782/3027 3913/2784/3029 4153/2870/3030 4305/2869/3028
f 4305/2869/3028 4153/2870/3030 3917/2771/3031 4193/2768/3032
f 4053/2787/2526 4305/2869/3028 4193/2768/3032 3870/2767/2876
f 3911/2626/2963 4094/2831/2966 4306/2871/3033 4093/2872/3034
f 4094/2831/2966 3892/2711/2968 4095/2873/3035 4306/2871/3033
f 4306/2871/3033 4095/2873/3035 3894/2874/3036 4096/2875/3037
f 4093/2872/3034 4306/2871/3033 4096/2875/3037 3912/2876/3038
f 3912/2876/3038 4096/2875/3037 4307/2877/3039 4097/2878/3040
f 4096/2875/3037 3894/2874/3036 4098/2879/3041 4307/2877/3039
f 4307/2877/3039 4098/2879/3041 3893/2753/2994 4099/2848/2993
f 4097/2878/3040 4307/2877/3039 4099/2848/2993 3910/2706/2992
f 3908/2628/2754 4101/2723/2969 4308/2880/2969 4100/2881/3042
f 4101/2723/2969 3904/2718/2783 4102/2882/3043 4308/2880/2969
f 4308/2880/2969 4102/2882/3043 3906/2883/3044 4103/2884/3045
f 4100/2881/3042 4308/2880/2969 4103/2884/3045 3909/2885/3046
f 3909/2885/3046 4103/2884/3045 4309/2886/3047 4104/2887/3048
f 4103/2884/3045 3906/2883/3044 4105/2888/3049 4309/2886/3047
f 4309/2886/3047 4105/2888/3049 3905/2834/2972 4106/2833/2971
f 4104/2887/3048 4309/2886/3047 4106/2833/2971 3907/2748/2821
f 3899/2836/2974 4108/2839/2977 4310/2889/3050 4107/2890/3051
f 4108/2839/2977 3905/2834/2972 4105/2888/3049 4310/2889/3050
f 4310/2889/3050 4105/2888/3049 3906/2883/3044 4109/2891/3052
f 4107/2890/3051 4310/2889/3050 4109/2891/3052 3900/2892/3053
f 3900/2892/3053 4109/2891/3052 4311/2893/3054 4110/2894/3055
f 4109/2891/3052 3906/2883/3044 4102/2895/3043 4311/2893/3054
f 4311/2893/3054 4102/2895/3043 3904/2718/2783 4111/2719/2782
f 4110/2894/3055 4311/2893/3054 4111/2719/2782 3898/2720/2781
f 3910/2706/2749 4112/2703/2746 4312/2896/3056 4097/2878/3057
f 4112/2703/2746 3895/2702/2745 4113/2897/3058 4312/2896/3056
f 4312/2896/3056 4113/2897/3058 3897/2898/3059 4114/2899/3060
f 4097/2878/3057 4312/2896/3056 4114/2899/3060 3912/2876/3061
f 3912/2876/3061 4114/2899/3060 4313/2900/3062 4093/2872/3063
f 4114/2899/3060 3897/2898/3059 4115/2901/3064 4313/2900/3062
f 4313/2900/3062 4115/2901/3064 3896/2628/2648 4116/2627/2647
f 4093/2872/3063 4313/2900/3062 4116/2627/2647 3911/2626/2646
f 3890/2840/3065 4118/2902/3066 4314/2903/3067 4117/2904/3068
f 4118/2902/3066 3899/2836/3069 4107/2890/3070 4314/2903/3067
f 4314/2903/3067 4107/2890/3070 3900/2892/3071 4119/2905/3072
f 4117/2904/3068 4314/2903/3067 4119/2905/3072 3891/2906/3073
f 3891/2906/3073 4119/2905/3072 4315/2907/3074 4120/2908/3075
f 4119/2905/3072 3900/2892/3071 4110/2894/3076 4315/2907/3074
f 4315/2907/3074 4110/2894/3076 3898/2720/2988 4121/2720/2987
f 4120/2908/3075 4315/2907/3074 4121/2720/2987 3889/2720/2986
f 3902/2844/2982 4123/2841/2979 4316/2909/3077 4122/2910/3078
f 4123/2841/2979 3890/2840/2978 4117/2904/3079 4316/2909/3077
f 4316/2909/3077 4117/2904/3079 3891/2906/3080 4124/2911/3081
f 4122/2910/3078 4316/2909/3077 4124/2911/3081 3903/2912/3082
f 3903/2912/3082 4124/2911/3081 4317/2913/3083 4125/2914/3084
f 4124/2911/3081 3891/2906/3080 4120/2908/3085 4317/2913/3083
f 4317/2913/3083 4120/2908/3085 3889/2720/2767 4126/2719/2766
f 4125/2914/3084 4317/2913/3083 4126/2719/2766 3901/2718/2765
f 3907/2748/2821 4127/2751/2824 4318/2915/3086 4104/2887/3048
f 4127/2751/2824 3893/2753/2826 4098/2879/3087 4318/2915/3086
f 4318/2915/3086 4098/2879/3087 3894/2874/3088 4128/2916/3089
f 4104/2887/3048 4318/2915/3086 4128/2916/3089 3909/2885/3046
f 3909/2885/3046 4128/2916/3089 4319/2917/3090 4100/2918/3042
f 4128/2916/3089 3894/2874/3088 4095/2873/3091 4319/2917/3090
f 4319/2917/3090 4095/2873/3091 3892/2711/2756 4129/2710/2755
f 4100/2918/3042 4319/2917/3090 4129/2710/2755 3908/2628/2754
f 3895/2702/2745 4130/2850/2997 4320/2919/3092 4113/2897/3058
f 4130/2850/2997 3902/2844/2982 4122/2910/3078 4320/2919/3092
f 4320/2919/3092 4122/2910/3078 3903/2912/3082 4131/2920/3093
f 4113/2897/3058 4320/2919/3092 4131/2920/3093 3897/2898/3059
f 3897/2898/3059 4131/2920/3093 4321/2921/3094 4115/2901/3064
f 4131/2920/3093 3903/2912/3082 4125/2914/3084 4321/2921/3094
f 4321/2921/3094 4125/2914/3084 3901/2718/2765 4132/2723/2770
f 4115/2901/3064 4321/2921/3094 4132/2723/2770 3896/2628/2648
f 3926/2762/3011 4134/2860/3014 4322/2922/3095 4133/2923/3096
f 4134/2860/3014 3928/2853/3016 4135/2924/3097 4322/2922/3095
f 4322/2922/3095 4135/2924/3097 3930/2925/3098 4136/2926/3099
f 4133/2923/3096 4322/2922/3095 4136/2926/3099 3927/2927/3100
f 3927/2927/3100 4136/2926/3099 4323/2928/3101 4137/2929/3102
f 4136/2926/3099 3930/2925/3098 4138/2930/3103 4323/2928/3101
f 4323/2928/3101 4138/2930/3103 3929/2805/2913 4139/2804/2912
f 4137/2929/3102 4323/2928/3101 4139/2804/2912 3925/2801/2911
f 3932/2764/3000 4141/2778/3004 4324/2931/3004 4140/2932/3104
f 4141/2778/3004 3919/2773/2851 4142/2933/3105 4324/2931/3004
f 4324/2931/3004 4142/2933/3105 3921/2934/3106 4143/2935/3107
f 4140/2932/3104 4324/2931/3004 4143/2935/3107 3933/2936/3108
f 3933/2936/3108 4143/2935/3107 4325/2937/3109 4144/2938/3110
f 4143/2935/3107 3921/2934/3106 4145/2939/3111 4325/2937/3109
f 4325/2937/3109 4145/2939/3111 3920/2757/2832 4146/2866/3024
f 4144/2938/3110 4325/2937/3109 4146/2866/3024 3931/2861/3017
f 3914/2741/2813 4148/2744/2816 4326/2940/3112 4147/2941/3113
f 4148/2744/2816 3916/2746/2818 4149/2942/3114 4326/2940/3112
f 4326/2940/3112 4149/2942/3114 3918/2943/3115 4150/2944/3116
f 4147/2941/3113 4326/2940/3112 4150/2944/3116 3915/2945/3117
f 3915/2945/3117 4150/2944/3116 4327/2946/3118 4151/2947/3119
f 4150/2944/3116 3918/2943/3115 4152/2948/3120 4327/2946/3118
f 4327/2946/3118 4152/2948/3120 3917/2771/3031 4153/2870/3030
f 4151/2947/3119 4327/2946/3118 4153/2870/3030 3913/2784/3029
f 3925/2801/2907 4154/2798/2904 4328/2949/3121 4137/2929/3122
f 4154/2798/2904 3922/2797/2903 4155/2950/3123 4328/2949/3121
f 4328/2949/3121 4155/2950/3123 3924/2951/3124 4156/2952/3125
f 4137/2929/3122 4328/2949/3121 4156/2952/3125 3927/2927/3126
f 3927/2927/3126 4156/2952/3125 4329/2953/3127 4133/2923/3128
f 4156/2952/3125 3924/2951/3124 4157/2954/3129 4329/2953/3127
f 4329/2953/3127 4157/2954/3129 3923/2764/2841 4158/2763/2840
f 4133/2923/3128 4329/2953/3127 4158/2763/2840 3926/2762/2839
f 3931/2861/3017 4159/2864/3020 4330/2955/3130 4144/2938/3110
f 4159/2864/3020 3929/2805/3022 4138/2930/3131 4330/2955/3130
f 4330/2955/3130 4138/2930/3131 3930/2925/3132 4160/2956/3133
f 4144/2938/3110 4330/2955/3130 4160/2956/3133 3933/2936/3108
f 3933/2936/3108 4160/2956/3133 4331/2957/3134 4140/2932/3104
f 4160/2956/3133 3930/2925/3132 4135/2924/3135 4331/2957/3134
f 4331/2957/3134 4135/2924/3135 3928/2853/3002 4161/2852/3001
f 4140/2932/3104 4331/2957/3134 4161/2852/3001 3932/2764/3000
f 3916/2746/2827 4162/2755/2830 4332/2958/3136 4149/2942/3137
f 4162/2755/2830 3920/2757/2832 4145/2939/3111 4332/2958/3136
f 4332/2958/3136 4145/2939/3111 3921/2934/3106 4163/2959/3138
f 4149/2942/3137 4332/2958/3136 4163/2959/3138 3918/2943/3139
f 3918/2943/3139 4163/2959/3138 4333/2960/3140 4152/2948/3141
f 4163/2959/3138 3921/2934/3106 4142/2933/3105 4333/2960/3140
f 4333/2960/3140 4142/2933/3105 3919/2773/2851 4164/2772/2850
f 4152/2948/3141 4333/2960/3140 4164/2772/2850 3917/2771/2849
f 3922/2797/2903 4165/2868/3026 4334/2961/3142 4155/2950/3123
f 4165/2868/3026 3934/2857/3009 4166/2962/3143 4334/2961/3142
f 4334/2961/3142 4166/2962/3143 3936/2963/3144 4167/2964/3145
f 4155/2950/3123 4334/2961/3142 4167/2964/3145 3924/2951/3124
f 3924/2951/3124 4167/2964/3145 4335/2965/3146 4157/2954/3129
f 4167/2964/3145 3936/2963/3144 4168/2966/3147 4335/2965/3146
f 4335/2965/3146 4168/2966/3147 3935/2773/2862 4169/2778/2861
f 4157/2954/3129 4335/2965/3146 4169/2778/2861 3923/2764/2841
f 3934/2857/3009 4170/2855/3006 4336/2967/3148 4166/2962/3143
f 4170/2855/3006 3914/2741/3005 4147/2941/3149 4336/2967/3148
f 4336/2967/3148 4147/2941/3149 3915/2945/3150 4171/2968/3151
f 4166/2962/3143 4336/2967/3148 4171/2968/3151 3936/2963/3144
f 3936/2963/3144 4171/2968/3151 4337/2969/3152 4168/2966/3147
f 4171/2968/3151 3915/2945/3150 4151/2947/3153 4337/2969/3152
f 4337/2969/3152 4151/2947/3153 3913/2784/2870 4172/2783/2869
f 4168/2966/3147 4337/2969/3152 4172/2783/2869 3935/2773/2862
f 3890/2840/3065 4173/2843/3154 4338/2970/3155 4118/2902/3066
f 4173/2843/3154 3829/2510/2559 3976/2510/2562 4338/2970/3155
f 4338/2970/3155 3976/2510/2562 3827/2510/2567 4174/2837/3156
f 4118/2902/3066 4338/2970/3155 4174/2837/3156 3899/2836/3069
o Cube.016
v -1.259304 3.329336 0.542955
v -0.911356 3.329341 0.543325
v -0.907737 3.328763 -0.522468
v -0.911308 2.103744 0.543275
v -1.262762 2.104314 -0.522702
v -1.085226 3.329324 0.589048
v -1.085658 2.103009 0.588519
v -0.933123 3.329267 0.527813
v -1.242771 3.328763 -0.522729
v -0.926172 3.329598 -0.522840
v -0.932944 2.103774 0.527778
v -1.244287 2.103479 -0.522996
v -0.927727 2.104314 -0.522498
v -1.085229 3.329324 0.565981
v -1.085229 2.103753 0.565981
v -0.930778 3.329256 -0.499338
v -0.904819 3.329260 -0.499368
v -1.265362 2.128686 -0.523808
v -1.265890 3.300673 -0.523287
v -0.904865 3.302670 -0.523098
v -0.904610 2.132411 -0.523126
v -1.264136 3.301080 0.546561
v -1.264377 2.133692 0.545975
v -0.906133 3.299951 0.545514
v -0.906298 2.132499 0.546241
v -1.085321 2.133863 0.594536
v -1.084973 3.300322 0.594341
v -1.239876 3.301965 -0.523304
v -1.239646 2.132454 -0.523301
v -0.930621 2.131113 -0.523145
v -0.930530 3.302133 -0.523829
v -1.231521 2.134587 0.524910
v -1.231663 3.299251 0.524547
v -0.937614 2.133649 0.522595
v -1.085111 3.298932 0.560495
v -1.085543 2.132712 0.560692
v -0.904753 2.103848 -0.498783
v -0.899045 3.299366 -0.498117
v -0.930389 2.103213 -0.501803
v -0.936842 2.135640 -0.498119
v -0.936793 3.298336 -0.498020
v -0.898715 2.134958 -0.498035
v -1.265681 2.103818 -0.499802
v -1.239720 2.103822 -0.499760
v -1.233708 2.134991 -0.499074
v -1.271787 3.298106 -0.498464
v -1.265748 3.329229 -0.499219
v -1.240109 3.329865 -0.502209
v -1.233657 3.297645 -0.497887
v -1.271455 2.133716 -0.498551
v -1.259033 2.103735 0.544040
v -1.176185 3.329339 0.574741
v -1.237115 2.103791 0.528333
v -1.237501 3.329308 0.528365
v -1.158426 3.300488 0.550264
v -1.174091 3.299578 0.580776
v -1.253876 2.133156 0.551935
v -0.944237 3.299181 0.527325
v -0.945327 2.133116 0.527877
v -0.915107 3.301152 0.551261
v -0.994525 2.135214 0.580484
v -0.910192 2.103732 0.277670
v -0.911688 2.103749 0.504005
v -0.918209 2.103701 0.486871
v -0.932992 3.329366 0.493730
v -0.906434 3.300549 0.506072
v -0.905028 3.301306 0.273107
v -0.914416 3.303999 0.487139
v -0.904835 2.133097 0.253332
v -0.906156 2.133655 0.507368
v -0.914102 2.131526 0.487248
v -0.911676 3.329289 0.503719
v -0.910656 3.329335 0.293790
v -0.918224 3.329378 0.486059
v -1.260341 3.329339 0.277064
v -1.258798 3.329329 0.505773
v -1.252498 3.329351 0.488731
v -1.233297 3.300739 0.519620
v -1.264041 2.132532 0.507749
v -1.265494 2.131538 0.269185
v -1.256356 2.130804 0.489111
v -1.258810 2.103789 0.505479
v -1.259834 2.103743 0.295025
v -1.252263 2.103699 0.487807
v -1.237501 2.103714 0.496350
v -1.233284 2.133257 0.519520
v -1.264365 3.299252 0.509280
v -1.265596 3.300619 0.262930
v -1.256177 3.300682 0.488528
v -1.004906 2.103754 0.577060
v -1.155519 3.329324 0.556048
v -1.014919 2.103754 0.556029
v -1.247906 3.330162 0.532906
v -0.921943 3.330195 0.534630
v -1.248563 2.102883 0.533601
v -0.922568 2.102917 0.534301
v -1.095169 3.330182 0.581872
v -0.909188 2.104079 -0.523369
v -1.261261 3.328993 -0.523682
v -1.017480 2.133688 0.551070
v -1.168048 2.133818 0.582052
v -1.002140 3.300203 0.581774
v -1.165524 2.103754 0.577083
v -1.155519 2.103753 0.556048
v -1.153334 2.133739 0.551006
v -1.004906 3.329324 0.577060
v -1.014919 3.329324 0.556029
v -1.016619 3.300220 0.551074
v -0.937553 3.298465 0.522687
vn 0.0269 0.0145 -0.9995
vn -0.6263 0.0712 -0.7763
vn -0.4235 0.6809 -0.5976
vn 0.0495 0.7436 -0.6668
vn 0.7087 -0.0977 -0.6988
vn 0.7902 -0.1875 -0.5834
vn 0.9862 -0.0960 -0.1350
vn 0.3601 0.8907 -0.2775
vn 0.7146 0.1023 -0.6920
vn 0.9855 0.1085 -0.1301
vn 0.6615 -0.0593 -0.7476
vn 0.0206 -0.0059 -0.9998
vn -0.6330 -0.0647 -0.7714
vn -0.4366 0.6557 -0.6160
vn 0.0006 0.0891 -0.9960
vn 0.2281 -0.0873 -0.9697
vn 0.2369 0.0871 -0.9676
vn -0.9907 0.0806 -0.1094
vn -0.9915 -0.0765 -0.1051
vn -0.8008 -0.2132 0.5597
vn -0.4080 -0.0860 0.9089
vn -0.8653 -0.0885 0.4934
vn 0.0005 -0.7814 0.6240
vn 0.0547 -0.9971 -0.0526
vn 0.0251 -0.9967 -0.0768
vn 0.2592 -0.0935 0.9613
vn 0.8225 -0.1007 0.5598
vn 0.4340 0.0951 0.8959
vn -0.2252 -0.0836 -0.9707
vn 0.0009 -0.0909 -0.9959
vn -0.0070 0.9986 0.0528
vn -0.0547 0.9780 -0.2011
vn -0.0032 0.9984 -0.0559
vn -0.8825 -0.1142 -0.4563
vn -0.8835 0.1033 -0.4568
vn 0.9905 -0.0810 -0.1113
vn 0.9918 0.0757 -0.1034
vn -0.9812 0.0742 -0.1782
vn -0.9792 -0.0794 -0.1867
vn 0.0175 0.9998 0.0045
vn 0.3655 0.9307 0.0123
vn 0.0355 0.9994 -0.0003
vn 0.0528 0.9985 -0.0118
vn 0.9690 0.1543 -0.1927
vn 0.9821 0.0800 -0.1704
vn 0.9783 0.1457 -0.1475
vn 0.0155 -0.9999 0.0061
vn 0.2609 -0.9653 0.0080
vn 0.0451 -0.9989 -0.0113
vn 0.0371 -0.9993 -0.0002
vn -0.0194 -0.9998 0.0072
vn -0.3501 -0.9366 0.0116
vn -0.0355 -0.9994 -0.0003
vn -0.0548 -0.9984 -0.0122
vn -0.0134 0.9999 0.0028
vn -0.2355 0.9719 0.0066
vn -0.0459 0.9989 -0.0122
vn -0.0373 0.9993 -0.0002
vn -0.9692 -0.1541 -0.1919
vn -0.9823 -0.0772 -0.1708
vn -0.9786 -0.1442 -0.1470
vn 0.8035 -0.2085 0.5576
vn 0.4277 -0.6792 -0.5965
vn 0.8051 0.2208 0.5505
vn 0.8777 0.0892 0.4707
vn -0.3651 -0.8927 -0.2640
vn -0.4266 -0.0964 -0.8993
vn -0.4287 0.0944 -0.8985
vn -0.7991 0.1855 -0.5719
vn 0.0480 0.9883 -0.1451
vn -0.0001 -0.9995 -0.0330
vn -0.0272 -0.9963 -0.0816
vn 0.2211 0.1690 -0.9605
vn 0.4389 -0.6563 -0.6137
vn 0.0235 0.0046 -0.9997
vn -0.6434 -0.0563 -0.7635
vn -0.8182 0.1042 0.5655
vn 0.0320 -0.9995 -0.0062
vn -0.6064 -0.7919 -0.0713
vn -0.0412 0.9988 0.0266
vn -0.9870 0.1609 -0.0020
vn -0.0322 0.9995 -0.0064
vn 0.6073 0.7912 -0.0721
vn 0.0752 -0.9972 -0.0001
vn -0.2407 -0.0921 0.9662
vn -0.2504 0.0880 0.9641
vn -0.1562 -0.7640 0.6261
vn -0.0457 -0.9983 0.0348
vn -0.2256 0.0844 -0.9706
vn 0.0083 0.9942 0.1073
vn 0.0150 0.9986 0.0515
vn -0.0560 0.9975 -0.0439
vn -0.0752 0.9972 -0.0000
vn 0.9878 -0.1554 -0.0046
vn 0.9796 0.0768 -0.1860
vn 0.0444 -0.9986 0.0291
vn -0.4896 -0.6453 -0.5864
vn 0.2279 -0.1734 -0.9581
vn -0.0006 -0.1774 -0.9841
vn 0.1524 -0.7613 0.6303
vn 0.0368 0.9993 -0.0058
vn -0.0368 -0.9993 -0.0059
vn -0.0167 0.9986 0.0504
vn 0.0016 -0.0895 0.9960
vn 0.0008 0.1785 -0.9839
vn 0.9820 0.1700 -0.0828
vn 0.9851 0.1695 0.0297
vn 0.9957 0.0907 0.0213
vn 0.9920 0.0822 -0.0961
vn -0.0031 0.1803 0.9836
vn -0.2583 0.1760 0.9499
vn -0.0003 0.0903 0.9959
vn 0.9754 0.0802 -0.2051
vn 0.9712 -0.0919 -0.2199
vn -0.4877 -0.6403 -0.5934
vn 0.4890 0.6397 -0.5930
vn -0.6741 0.0592 -0.7363
vn 0.2425 0.0940 0.9656
vn -0.6574 0.7507 -0.0650
vn 0.9911 -0.0853 -0.1018
vn 0.9961 -0.0863 0.0206
vn 0.9870 -0.1581 0.0288
vn 0.9796 -0.1767 -0.0953
vn 0.9772 0.0816 -0.1960
vn 0.9745 0.1486 -0.1684
vn -0.9818 -0.1709 -0.0828
vn -0.9855 -0.1671 0.0305
vn -0.9956 -0.0915 0.0206
vn -0.9919 -0.0810 -0.0982
vn -0.9961 0.0851 0.0219
vn -0.9909 0.0857 -0.1038
vn -0.9869 0.1589 0.0272
vn -0.9794 0.1775 -0.0966
vn 0.6580 -0.7501 -0.0659
vn -0.8087 0.2082 0.5502
vn 0.0458 0.9986 0.0261
vn -0.2279 0.1651 -0.9596
vn -0.2281 -0.1665 -0.9593
vn 0.2356 0.1872 0.9536
vn 0.9805 -0.0756 -0.1815
vn 0.9684 -0.1548 -0.1955
vn -0.9689 0.1508 -0.1961
vn 0.9774 -0.1427 -0.1558
vn 0.9829 -0.0747 -0.1680
vn -0.9837 0.0713 -0.1653
vn -0.9778 0.1380 -0.1574
vt 0.869345 0.500361
vt 0.874370 0.500000
vt 0.874973 0.500069
vt 0.874658 0.500499
vt 0.375885 0.751349
vt 0.375288 0.749865
vt 0.369681 0.748532
vt 0.125000 0.749846
vt 0.125690 0.750000
vt 0.130335 0.748655
vt 0.631063 0.500361
vt 0.374345 0.500000
vt 0.369393 0.500277
vt 0.125353 0.500427
vt 0.500015 0.993611
vt 0.442186 0.756306
vt 0.437440 0.993899
vt 0.869491 0.505451
vt 0.630843 0.505291
vt 0.375767 0.749811
vt 0.381981 0.755438
vt 0.373691 0.749856
vt 0.499596 0.750216
vt 0.440197 0.750000
vt 0.562925 0.756363
vt 0.625448 0.750673
vt 0.618384 0.994573
vt 0.557862 0.756296
vt 0.500015 0.756097
vt 0.492842 0.999972
vt 0.559852 1.000000
vt 0.500000 1.000000
vt 0.626256 0.750147
vt 0.873861 0.749797
vt 0.369221 0.505179
vt 0.130644 0.505394
vt 0.131238 0.742550
vt 0.368728 0.742362
vt 0.874994 0.749417
vt 0.874772 0.738130
vt 0.874772 0.692871
vt 0.874772 0.741775
vt 0.868846 0.738379
vt 0.623740 0.749138
vt 0.625000 0.738246
vt 0.625000 0.740917
vt 0.625021 0.724036
vt 0.375867 0.749219
vt 0.374772 0.738542
vt 0.374773 0.692954
vt 0.374772 0.742190
vt 0.125006 0.749219
vt 0.125228 0.738738
vt 0.125228 0.742246
vt 0.125228 0.688928
vt 0.368823 0.738794
vt 0.624437 0.749833
vt 0.375000 0.500006
vt 0.624405 0.999984
vt 0.625000 0.999310
vt 0.624729 0.749774
vt 0.619011 0.755279
vt 0.619135 0.994694
vt 0.624638 1.000000
vt 0.625000 0.999308
vt 0.440197 1.000000
vt 0.375375 1.000000
vt 0.500000 0.750000
vt 0.559852 0.750000
vt 0.625349 0.500478
vt 0.125684 0.500000
vt 0.625684 0.500000
vt 0.375394 0.998959
vt 0.625248 0.506077
vt 0.625000 0.500982
vt 0.125036 0.749799
vt 0.875000 0.749736
vt 0.875000 0.740530
vt 0.125248 0.505975
vt 0.125000 0.500874
vt 0.375000 0.741142
vt 0.442578 0.756350
vt 0.437984 0.993904
vt 0.375638 0.998666
vt 0.442578 0.750228
vt 0.557864 0.993873
vt 0.500016 0.999772
vt 0.557471 0.999772
vt 0.624247 0.999997
vt 0.126498 0.749798
vt 0.868739 0.741950
vt 0.375000 0.500000
vt 0.557471 0.750228
vt 0.874752 0.505939
vt 0.375000 0.500890
vt 0.435220 0.999772
vt 0.500016 0.756359
vt 0.868701 0.688592
vt 0.868431 0.506266
vt 0.500016 0.993866
vt 0.625000 0.500000
vt 0.125000 0.500000
vt 0.131062 0.500322
vt 0.557471 0.993842
vt 0.874969 0.749794
vt 0.873702 0.749817
vt 0.875000 0.501001
vt 0.631460 0.506333
vt 0.631090 0.685219
vt 0.368714 0.687889
vt 0.368461 0.505337
vt 0.131129 0.683992
vt 0.131462 0.506231
vt 0.374810 0.501695
vt 0.375437 0.999982
vt 0.375467 0.999998
vt 0.631235 0.742063
vt 0.631187 0.738271
vt 0.131217 0.738623
s 1
usemtl cover.001
f 4358/2971/3157 4369/2972/3158 4348/2973/3159 4341/2974/3160
f 4370/2975/3161 4391/2976/3162 4424/2977/3163
f 4392/2978/3164 4371/2979/3165 4416/2980/3166
f 4369/2972/3158 4358/2971/3157 4359/2981/3167
f 4367/2982/3168 4356/2983/3169 4437/2984/3170
f 4373/2985/3171 4443/2986/3172 4393/2987/3173
f 4379/2988/3174 4369/2972/3158 4378/2989/3175
f 4389/2990/3176 4395/2991/3177 4361/2992/3178
f 4345/2993/3179 4391/2976/3180 4442/2994/3181
f 4399/2995/3182 4363/2996/3183 4398/2997/3184
f 4438/2998/3185 4374/2999/3186 4373/2985/3171
f 4435/3000/3187 4445/3001/3188 4352/3002/3189
f 4378/2989/3175 4372/3003/3190 4447/3004/3191
f 4383/3005/3192 4387/3006/3193 4424/2977/3163
f 4387/3006/3193 4416/2980/3166 4424/2977/3163
f 4361/2992/3178 4425/3007/3194 4417/3008/3195
f 4432/3009/3196 4412/3010/3197 4411/3011/3198
f 4412/3010/3197 4432/3009/3196 4410/3012/3199
f 4410/3012/3200 4406/3013/3201 4412/3010/3202
f 4434/3014/3203 4402/3015/3204 4401/3016/3205
f 4402/3015/3204 4434/3014/3203 4400/3017/3206
f 4433/3018/3207 4422/3019/3208 4421/3020/3209
f 4422/3019/3208 4433/3018/3207 4420/3021/3210
f 4431/3022/3211 4415/3023/3212 4414/3024/3213
f 4415/3023/3212 4431/3022/3211 4413/3025/3214
f 4420/3021/3215 4419/3026/3216 4422/3019/3217
f 4342/3027/3218 4363/2996/3183 4399/2995/3182
f 4356/2983/3169 4367/2982/3168 4350/3028/3219
f 4340/3029/3220 4398/2997/3184 4362/3030/3221
f 4372/3003/3190 4349/3031/3222 4397/3032/3223
f 4396/3033/3224 4346/3034/3225 4447/3035/3191
f 4435/3000/3187 4352/3002/3189 4429/3036/3226
f 4435/3000/3187 4429/3036/3226 4392/3037/3164
f 4345/2993/3179 4353/3038/3227 4430/3039/3228
f 4429/3036/3229 4393/2987/3173 4392/3037/3164
f 4436/3040/3230 4369/2972/3158 4359/2981/3167
f 4366/3041/3231 4367/2982/3168 4437/2984/3170
f 4393/2987/3173 4443/2986/3172 4370/2975/3161
f 4373/2985/3171 4374/2999/3186 4443/2986/3172
f 4369/2972/3158 4368/3042/3232 4378/2989/3175
f 4360/3043/3233 4361/2992/3178 4395/2991/3177
f 4436/3040/3230 4375/3044/3234 4377/3045/3235
f 4431/3022/3211 4414/3024/3213 4339/3046/3236
f 4447/3004/3191 4346/3047/3225 4403/3048/3237
f 4437/2984/3170 4385/3049/3238 4386/3050/3239
f 4433/3018/3207 4423/3051/3240 4391/2976/3180
f 4439/3052/3241 4394/3053/3242 4395/2991/3177
f 4393/2987/3173 4370/2975/3161 4371/3054/3165
f 4353/3038/3227 4345/2993/3179 4442/2994/3181
f 4441/3055/3243 4389/2990/3244 4345/2993/3179
f 4446/3056/3245 4438/2998/3185 4373/2985/3171
f 4344/3057/3246 4444/3058/3247 4435/3000/3187
f 4445/3001/3188 4432/3059/3196 4346/3034/3248
f 4379/2988/3174 4378/2989/3175 4447/3004/3191
f 4349/3031/3222 4377/3045/3235 4434/3014/3203
f 4432/3009/3196 4403/3048/3249 4346/3047/3248
f 4424/2977/3163 4391/2976/3162 4423/3051/3250
f 4361/2992/3178 4360/3060/3233 4425/3007/3194
f 4392/2978/3164 4386/3050/3239 4431/3022/3211
f 4410/3012/3200 4404/3061/3251 4406/3013/3201
f 4420/3021/3215 4417/3008/3195 4419/3026/3216
f 4434/3014/3203 4401/3016/3205 4342/3027/3252
f 4356/2983/3169 4350/3028/3219 4343/3062/3253
f 4370/2975/3161 4443/2986/3172 4442/2994/3254 4391/2976/3162
f 4374/2999/3186 4353/3038/3255 4442/2994/3254 4443/2986/3172
f 4428/3063/3256 4345/2993/3179 4434/3014/3203 4342/3027/3252
f 4348/2973/3159 4355/3064/3257 4341/2974/3160
f 4350/3028/3219 4381/3065/3258 4343/3062/3253
f 4433/3018/3207 4345/2993/3179 4389/2990/3244
f 4391/2976/3180 4345/2993/3179 4433/3018/3207
f 4435/3000/3187 4390/3066/3259 4344/3057/3246
f 4430/3039/3228 4349/3031/3222 4434/3014/3203 4345/2993/3179
f 4389/2990/3176 4441/3055/3243 4439/3052/3241 4395/2991/3177
f 4441/3055/3243 4345/2993/3179 4364/3067/3260 4439/3052/3241
f 4393/2987/3173 4429/3036/3229 4352/3002/3261 4373/2985/3171
f 4355/3064/3262 4411/3011/3263 4405/3068/3264 4376/3069/3265
f 4344/3057/3266 4390/3066/3267 4394/3053/3242 4365/3070/3268
f 4366/3041/3269 4387/3006/3193 4383/3005/3192 4367/2982/3270
f 4351/3071/3271 4368/3042/3232 4436/3040/3230
f 4347/3072/3272 4366/3041/3231 4437/2984/3170
f 4369/2972/3158 4436/3040/3230 4368/3042/3232
f 4357/3073/3273 4437/2984/3170 4356/2983/3169
f 4447/3035/3191 4372/3003/3190 4397/3032/3223 4396/3033/3224
f 4364/3067/3260 4399/2995/3182 4440/3074/3274 4365/3070/3268
f 4394/3053/3242 4360/3043/3233 4395/2991/3177
f 4399/2995/3182 4398/2997/3184 4440/3074/3274
f 4404/3061/3251 4410/3012/3200 4340/3075/3220 4362/3076/3221
f 4403/3048/3237 4354/3077/3275 4379/2988/3174 4447/3004/3191
f 4380/3078/3276 4407/3079/3277 4400/3017/3278 4375/3044/3279
f 4405/3068/3264 4407/3079/3277 4380/3078/3276 4376/3069/3265
f 4349/3031/3222 4372/3003/3190 4378/2989/3175 4377/3045/3235
f 4377/3045/3235 4378/2989/3175 4368/3042/3232 4351/3071/3271
f 4358/2971/3280 4341/2974/3281 4355/3064/3262 4376/3069/3265
f 4359/2981/3167 4380/3078/3276 4375/3044/3279 4436/3040/3230
f 4351/3071/3271 4436/3040/3230 4377/3045/3235
f 4369/2972/3158 4379/2988/3174 4354/3077/3275 4348/2973/3159
f 4380/3078/3276 4359/2981/3167 4358/2971/3280 4376/3069/3265
f 4381/3065/3282 4421/3020/3283 4418/3080/3284 4388/3081/3285
f 4416/2980/3166 4371/2979/3165 4370/2975/3161 4424/2977/3163
f 4392/2978/3164 4416/2980/3166 4387/3006/3193 4386/3050/3239
f 4418/3080/3284 4426/3082/3286 4384/3083/3287 4388/3081/3285
f 4384/3083/3287 4426/3082/3286 4413/3025/3288 4385/3049/3289
f 4356/2983/3169 4343/3062/3253 4381/3065/3282 4388/3081/3285
f 4347/3072/3272 4437/2984/3170 4386/3050/3239
f 4367/2982/3270 4383/3005/3192 4382/3084/3290 4350/3028/3219
f 4386/3050/3239 4387/3006/3193 4366/3041/3269 4347/3072/3272
f 4384/3083/3287 4357/3073/3273 4356/2983/3169 4388/3081/3285
f 4357/3073/3273 4384/3083/3287 4385/3049/3289 4437/2984/3170
f 4417/3008/3195 4420/3021/3215 4389/2990/3176 4361/2992/3178
f 4439/3052/3241 4364/3067/3260 4365/3070/3268 4394/3053/3242
f 4433/3018/3207 4389/2990/3244 4420/3021/3210
f 4390/3066/3267 4339/3085/3291 4360/3043/3233 4394/3053/3242
f 4390/3066/3259 4435/3000/3187 4431/3086/3211 4339/3085/3236
f 4392/3037/3164 4393/2987/3173 4371/3054/3165
f 4397/3032/3223 4438/2998/3185 4446/3056/3245 4396/3033/3224
f 4431/3086/3211 4435/3000/3187 4392/3037/3164
f 4363/2996/3183 4362/3030/3221 4398/2997/3184
f 4444/3058/3247 4340/3029/3292 4432/3059/3196 4435/3000/3187
f 4352/3002/3261 4445/3001/3293 4446/3056/3245 4373/2985/3171
f 4445/3001/3188 4435/3000/3187 4432/3059/3196
f 4445/3001/3293 4346/3034/3225 4396/3033/3224 4446/3056/3245
f 4353/3038/3255 4374/2999/3186 4438/2998/3185 4430/3039/3294
f 4430/3039/3294 4438/2998/3185 4397/3032/3223 4349/3031/3222
f 4398/2997/3184 4340/3029/3220 4444/3058/3295 4440/3074/3274
f 4365/3070/3268 4440/3074/3274 4444/3058/3295 4344/3057/3266
f 4428/3063/3256 4399/2995/3182 4364/3067/3260 4345/2993/3179
f 4411/3011/3198 4355/3064/3257 4348/2973/3159 4432/3009/3196
f 4428/3063/3256 4342/3027/3218 4399/2995/3182
f 4348/2973/3159 4354/3077/3275 4403/3048/3249 4432/3009/3196
f 4408/3087/3296 4363/2996/3183 4342/3027/3218 4401/3016/3297
f 4400/3017/3206 4434/3014/3203 4377/3045/3235 4375/3044/3234
f 4362/3076/3221 4363/2996/3183 4408/3087/3296 4404/3061/3251
f 4432/3009/3196 4340/3075/3292 4410/3012/3199
f 4423/3051/3250 4382/3084/3290 4383/3005/3192 4424/2977/3163
f 4425/3007/3194 4360/3060/3233 4339/3046/3291 4414/3024/3298
f 4421/3020/3209 4381/3065/3258 4350/3028/3219 4433/3018/3207
f 4350/3028/3219 4382/3084/3290 4423/3051/3240 4433/3018/3207
f 4413/3025/3214 4431/3022/3211 4386/3050/3239 4385/3049/3238
f 4406/3013/3201 4405/3068/3264 4411/3011/3263 4412/3010/3202
f 4401/3016/3297 4402/3015/3299 4409/3088/3300 4408/3087/3296
f 4409/3088/3300 4402/3015/3299 4400/3017/3278 4407/3079/3277
f 4409/3088/3300 4406/3013/3201 4404/3061/3251 4408/3087/3296
f 4409/3088/3300 4407/3079/3277 4405/3068/3264 4406/3013/3201
f 4419/3026/3216 4418/3080/3284 4421/3020/3283 4422/3019/3217
f 4417/3008/3195 4425/3007/3194 4427/3089/3301 4419/3026/3216
f 4419/3026/3216 4427/3089/3301 4426/3082/3286 4418/3080/3284
f 4414/3024/3298 4415/3023/3302 4427/3089/3301 4425/3007/3194
f 4415/3023/3302 4413/3025/3288 4426/3082/3286 4427/3089/3301
o Cube.017
v -1.815163 -0.807749 0.523796
v -1.814879 -1.100710 0.523872
v -1.815895 -0.806813 -0.493816
v -1.815609 -1.101861 -0.493816
v -3.002199 -0.808899 0.524153
v -3.001915 -1.101860 0.524229
v -3.001379 -0.807962 -0.493959
v -3.001093 -1.103010 -0.493959
v -1.815022 -0.954119 0.560221
v -1.815753 -0.954119 -0.458197
v -3.001236 -0.955268 -0.458339
v -3.002057 -0.955269 0.560221
v -1.814907 -1.072597 0.534976
v -1.815638 -1.072597 -0.483441
v -3.001122 -1.073746 -0.483584
v -3.001942 -1.073747 0.534976
v -1.815868 -0.835205 -0.483750
v -3.001351 -0.836354 -0.483893
v -3.002172 -0.836355 0.534667
v -1.815137 -0.835206 0.534667
v -3.001914 -1.103011 0.352370
v -3.002200 -0.807963 0.352370
v -3.001914 -1.103011 -0.319308
v -3.002139 -0.807963 -0.469574
v -2.973840 -0.807936 -0.494733
v -2.973603 -1.102984 -0.494729
v -2.973758 -0.955203 -0.459111
v -2.973564 -1.073424 -0.484257
v -2.973931 -0.836041 -0.484760
v -2.015088 -0.807006 -0.494800
v -1.844084 -0.954165 -0.459133
v -1.843968 -1.072748 -0.484418
v -1.844249 -0.835375 -0.484639
v -1.814878 -1.101861 -0.319015
v -1.815215 -0.806813 -0.469014
v -1.814878 -1.101861 0.351064
v -1.815164 -0.806932 0.500207
v -1.814885 -1.095426 0.526738
v -1.841893 -0.806839 -0.494677
v -3.001914 -1.102865 0.501241
v -3.002194 -0.813771 0.526561
v -1.815087 -0.886237 0.550684
v -1.815687 -1.021783 -0.467521
v -3.001171 -1.022932 -0.467664
v -3.001991 -1.022933 0.550896
v -1.815114 -0.954288 -0.432345
v -1.814956 -1.021783 0.550896
v -3.001920 -1.096576 0.526784
v -1.814970 -1.101861 -0.470575
v -1.815818 -0.886237 -0.467734
v -3.001302 -0.887386 -0.467876
v -3.002123 -0.887387 0.550684
v -1.815159 -0.812621 0.526516
v -3.002200 -0.808082 0.501231
v -3.001975 -0.933549 -0.435890
v -3.001812 -1.103010 -0.470937
v -2.973619 -1.022836 -0.468420
v -2.973862 -0.887291 -0.468663
v -1.841607 -1.101886 -0.494677
v -1.844199 -0.886298 -0.468662
v -1.844021 -1.021840 -0.468464
v -1.815164 -0.806813 0.351064
v -1.814878 -1.101715 0.500217
v -3.001889 -1.022933 -0.444948
v -2.014787 -1.102054 -0.494800
vn -1.0000 -0.0010 -0.0000
vn 0.9999 0.0007 -0.0119
vn 0.7766 -0.0001 -0.6300
vn 0.7611 -0.1426 -0.6328
vn 1.0000 0.0010 -0.0003
vn 0.9998 -0.0045 -0.0174
vn 0.7478 -0.2088 -0.6303
vn 0.6621 -0.2499 -0.7065
vn -1.0000 -0.0009 -0.0004
vn -1.0000 -0.0009 -0.0000
vn -0.7724 -0.0002 -0.6352
vn -0.9999 -0.0026 -0.0146
vn -0.7586 -0.1450 -0.6352
vn -0.9998 -0.0072 -0.0194
vn -0.7448 -0.2113 -0.6329
vn -0.6587 -0.2521 -0.7090
vn 0.0171 -0.3330 -0.9428
vn 0.0157 -0.3163 -0.9485
vn 0.0003 -0.3349 -0.9422
vn 1.0000 0.0010 -0.0000
vn 0.9998 0.0066 -0.0176
vn 0.6616 0.2512 -0.7066
vn 0.7472 0.2101 -0.6305
vn -0.0135 -0.2203 -0.9753
vn -0.0141 -0.0015 -0.9999
vn -0.0130 -0.3172 -0.9483
vn -0.7463 0.2099 -0.6316
vn -0.7600 0.1413 -0.6344
vn -0.0139 0.2185 -0.9757
vn -0.0136 0.3167 -0.9484
vn 0.7609 0.1432 -0.6329
vn -0.6592 0.2507 -0.7090
vn -0.0136 0.3344 -0.9423
vn -0.0128 -0.3346 -0.9423
vn -0.9998 0.0056 -0.0192
vn -0.9999 0.0022 -0.0158
vn 0.0159 0.2187 -0.9757
vn 0.0151 0.3162 -0.9486
vn 0.0165 -0.0013 -0.9999
vn 0.0163 -0.2201 -0.9753
vn -0.0003 0.3347 -0.9423
vn 0.0163 0.3332 -0.9427
vt 0.750466 0.285768
vt 0.750855 0.285768
vt 0.751244 0.294686
vt 0.751244 0.285768
vt 0.751244 0.290227
vt 0.414034 0.473660
vt 0.417874 0.473557
vt 0.417874 0.559839
vt 0.751244 0.383983
vt 0.751244 0.473280
vt 0.416599 0.286933
vt 0.417428 0.660651
vt 0.417874 0.624703
vt 0.417932 0.660792
vt 0.751244 0.653537
vt 0.751244 0.657164
vt 0.750855 0.660792
vt 0.585681 0.286903
vt 0.750466 0.660792
vt 0.584610 0.473557
vt 0.588425 0.500677
vt 0.584610 0.559839
vt 0.585020 0.660653
vt 0.584610 0.624703
vt 0.584588 0.660792
vt 0.418240 0.660792
vt 0.421999 0.624703
vt 0.418547 0.660792
vt 0.251276 0.285768
vt 0.251842 0.285768
vt 0.251276 0.290227
vt 0.252409 0.285768
vt 0.251276 0.294686
vt 0.251276 0.383983
vt 0.251276 0.473280
vt 0.251276 0.657164
vt 0.251276 0.653537
vt 0.251842 0.660792
vt 0.417438 0.285890
vt 0.417932 0.285768
vt 0.417874 0.322965
vt 0.751244 0.563409
vt 0.580638 0.559839
vt 0.580632 0.473557
vt 0.580640 0.624703
vt 0.584610 0.322965
vt 0.584610 0.387553
vt 0.580622 0.387553
vt 0.580621 0.322965
vt 0.417874 0.387553
vt 0.584588 0.285768
vt 0.584239 0.285768
vt 0.584239 0.660792
vt 0.751244 0.660792
vt 0.585012 0.285890
vt 0.588425 0.387553
vt 0.421992 0.387553
vt 0.421992 0.322965
vt 0.421992 0.473557
vt 0.421999 0.559839
vt 0.418548 0.285768
vt 0.418240 0.285768
vt 0.252409 0.660792
vt 0.251276 0.563408
vt 0.251276 0.660792
s 1
usemtl pages.003
f 4468/3090/3303 4487/3091/3303 4463/3092/3303
f 4487/3091/3303 4453/3093/3303 4495/3094/3303
f 4493/3095/3304 4457/3096/3305 4497/3097/3306
f 4468/3090/3303 4492/3098/3303 4459/3099/3303
f 4468/3090/3303 4463/3092/3303 4492/3098/3303
f 4481/3100/3307 4493/3095/3304 4482/3101/3308
f 4482/3101/3308 4464/3102/3309 4450/3103/3310
f 4466/3104/3303 4488/3105/3303 4501/3106/3303
f 4470/3107/3311 4468/3090/3303 4469/3108/3312
f 4458/3109/3313 4502/3110/3314 4498/3111/3315
f 4502/3110/3314 4470/3107/3311 4471/3112/3316
f 4465/3113/3317 4471/3112/3316 4454/3114/3318
f 4486/3115/3319 4480/3116/3320 4477/3117/3321
f 4449/3118/3322 4510/3119/3322 4485/3120/3322
f 4510/3119/3322 4483/3121/3322 4460/3122/3322
f 4460/3122/3322 4483/3121/3322 4494/3123/3322
f 4494/3123/3322 4483/3121/3322 4456/3124/3322
f 4500/3125/3322 4467/3126/3322 4484/3127/3322
f 4496/3128/3323 4451/3129/3324 4461/3130/3325
f 4499/3131/3303 4469/3108/3312 4468/3090/3303 4459/3099/3303
f 4463/3092/3303 4487/3091/3303 4495/3094/3303
f 4469/3108/3312 4499/3131/3303 4466/3104/3303
f 4498/3111/3315 4505/3132/3326 4474/3133/3327 4458/3109/3313
f 4465/3113/3317 4476/3134/3328 4505/3132/3326 4498/3111/3315
f 4497/3097/3306 4464/3102/3309 4482/3101/3308 4493/3095/3304
f 4462/3135/3329 4491/3136/3330 4504/3137/3331 4475/3138/3332
f 4491/3136/3330 4458/3109/3313 4474/3133/3327 4504/3137/3331
f 4490/3139/3333 4493/3095/3304 4496/3128/3323 4461/3130/3325
f 4455/3140/3334 4462/3135/3329 4475/3138/3332 4473/3141/3335
f 4481/3100/3307 4496/3128/3323 4493/3095/3304
f 4454/3114/3318 4472/3142/3336 4476/3134/3328 4465/3113/3317
f 4493/3095/3304 4490/3139/3333 4457/3096/3305
f 4471/3112/3316 4465/3113/3317 4498/3111/3315 4502/3110/3314
f 4469/3108/3312 4466/3104/3303 4501/3106/3303
f 4501/3106/3303 4488/3105/3303 4452/3143/3303
f 4471/3112/3316 4470/3107/3311 4469/3108/3312
f 4462/3135/3329 4455/3140/3334 4503/3144/3337
f 4511/3145/3338 4502/3110/3314 4458/3109/3313 4491/3136/3330
f 4503/3144/3337 4511/3145/3338 4491/3136/3330 4462/3135/3329
f 4472/3142/3336 4477/3117/3321 4480/3116/3320 4476/3134/3328
f 4511/3145/3338 4503/3144/3337 4470/3107/3311
f 4502/3110/3314 4511/3145/3338 4470/3107/3311
f 4504/3137/3331 4508/3146/3339 4479/3147/3340 4475/3138/3332
f 4474/3133/3327 4478/3148/3341 4508/3146/3339 4504/3137/3331
f 4505/3132/3326 4507/3149/3342 4478/3148/3341 4474/3133/3327
f 4476/3134/3328 4480/3116/3320 4507/3149/3342 4505/3132/3326
f 4475/3138/3332 4479/3147/3340 4512/3150/3343 4473/3141/3335
f 4479/3147/3340 4461/3130/3325 4451/3129/3324 4506/3151/3344
f 4507/3149/3342 4480/3116/3320 4464/3102/3309 4497/3097/3306
f 4506/3151/3344 4512/3150/3343 4479/3147/3340
f 4478/3148/3341 4507/3149/3342 4497/3097/3306 4457/3096/3305
f 4478/3148/3341 4457/3096/3305 4490/3139/3333 4508/3146/3339
f 4508/3146/3339 4490/3139/3333 4461/3130/3325 4479/3147/3340
f 4480/3116/3320 4486/3115/3319 4450/3103/3310 4464/3102/3309
f 4483/3121/3322 4509/3152/3322 4489/3153/3322 4456/3124/3322
f 4509/3152/3322 4481/3100/3307 4482/3101/3308
f 4483/3121/3322 4481/3100/3307 4509/3152/3322
f 4485/3120/3322 4510/3119/3322 4460/3122/3322
f 4467/3126/3322 4489/3153/3322 4509/3152/3322
f 4448/3154/3322 4500/3125/3322 4484/3127/3322
f 4484/3127/3322 4467/3126/3322 4509/3152/3322
o Cube.018
v -1.795927 -0.780018 0.542922
v -1.795589 -1.128726 0.541799
v -1.796229 -0.777929 -0.522930
v -1.796143 -1.131830 -0.522468
v -3.021488 -0.781208 0.542924
v -3.021151 -1.129916 0.541796
v -3.020935 -0.777992 -0.522702
v -3.020850 -1.131878 -0.522724
v -1.795754 -0.954341 0.589048
v -3.021324 -0.955529 0.589048
v -1.795614 -1.106870 0.526392
v -1.796467 -0.796796 -0.522729
v -1.795959 -1.112997 -0.522822
v -3.021460 -0.803054 0.527431
v -3.021121 -1.108516 0.525601
v -3.021117 -0.796854 -0.523017
v -3.020611 -1.113027 -0.522498
v -1.795754 -0.954338 0.565981
v -3.021325 -0.955526 0.565981
v -1.795673 -1.108789 -0.499339
v -1.795644 -1.134748 -0.499369
v -2.991017 -1.135405 0.541308
v -1.824578 -1.134124 0.540779
v -2.994885 -0.775095 -0.523263
v -1.824580 -0.773705 -0.523288
v -1.822233 -1.134728 -0.523098
v -2.992492 -1.136117 -0.523127
v -1.825274 -0.776284 0.547201
v -2.991393 -0.776803 0.546629
v -1.825672 -1.133044 0.546306
v -2.992200 -1.133888 0.546312
v -2.991214 -0.955405 0.594536
v -1.824756 -0.954622 0.594341
v -1.823263 -0.799717 -0.523305
v -2.992773 -0.801080 -0.523301
v -2.993815 -1.110107 -0.523145
v -1.824325 -1.108742 -0.523142
v -2.991451 -0.808723 0.523838
v -1.824819 -0.807501 0.524084
v -2.991826 -1.101969 0.524446
v -1.825832 -1.101428 0.523255
v -1.826146 -0.954485 0.560494
v -2.992366 -0.955184 0.560692
v -3.021055 -1.136001 -0.498784
v -1.825794 -1.140649 -0.498125
v -3.021025 -1.109922 -0.499094
v -2.990779 -1.103883 -0.498663
v -2.008871 -1.102049 -0.356114
v -2.814162 -1.141646 -0.352442
v -1.795952 -0.801170 0.522493
v -2.991962 -0.775570 0.541460
v -1.825611 -0.774558 0.542756
v -3.021435 -0.775073 -0.499803
v -3.021405 -0.801034 -0.499760
v -2.991048 -0.807074 -0.499059
v -2.002928 -0.768175 -0.352773
v -1.796024 -0.773819 -0.499219
v -1.796053 -0.799902 -0.499517
v -2.004414 -0.807000 -0.353624
v -2.991282 -0.769171 -0.498558
v -3.021423 -0.869620 0.576003
v -1.795826 -0.868439 0.576006
v -3.021395 -0.877385 0.554451
v -1.795914 -0.803366 0.528871
v -1.825764 -0.815244 0.528141
v -2.991980 -0.816097 0.528121
v -1.824654 -0.811678 0.561552
v -2.991499 -0.810155 0.560791
v -1.795597 -1.118180 0.548306
v -3.021170 -1.119360 0.548308
v -1.795616 -1.099392 0.531432
v -3.021183 -1.100328 0.531590
v -1.825417 -1.094007 0.527936
v -2.991328 -1.073838 0.535224
v -1.825175 -1.125099 0.551106
v -2.991108 -1.099774 0.561164
v -3.021197 -1.129732 0.302593
v -3.021161 -1.129066 0.504005
v -3.021198 -1.122699 0.486873
v -1.795579 -1.106418 0.493131
v -1.825434 -1.132121 0.502659
v -1.825445 -1.133450 0.310866
v -1.824408 -1.124836 0.486020
v -3.021197 -1.107072 0.486899
v -2.992395 -1.134355 0.309229
v -2.991710 -1.133162 0.502729
v -2.992224 -1.126086 0.486273
v -2.814912 -1.102804 0.518960
v -2.010310 -1.102028 0.518773
v -1.795621 -1.127891 0.503718
v -1.795574 -1.128911 0.293789
v -1.795538 -1.121343 0.486059
v -1.795882 -0.780099 0.303861
v -1.795917 -0.780769 0.505773
v -1.795880 -0.787135 0.488621
v -1.795881 -0.802754 0.488649
v -1.999978 -0.807011 0.519898
v -2.991579 -0.777724 0.504342
v -2.991698 -0.776369 0.310954
v -2.992542 -0.784956 0.487866
v -3.021457 -0.781944 0.505478
v -3.021504 -0.780920 0.295025
v -3.021540 -0.788491 0.487806
v -3.021499 -0.803408 0.494867
v -2.805585 -0.807803 0.519924
v -1.825194 -0.776649 0.504740
v -1.824870 -0.775515 0.314167
v -1.824804 -0.783768 0.487969
v -3.021246 -1.035848 0.577060
v -1.795822 -0.884048 0.556048
v -3.021256 -1.025836 0.556029
v -1.794750 -1.117573 0.535898
v -3.022011 -1.118753 0.535967
v -1.794934 -0.979075 0.577791
v -3.022096 -0.979007 0.577898
v -3.021939 -1.122955 -0.496667
v -2.991430 -1.123123 -0.524139
v -1.827357 -1.121827 -0.524185
v -1.826869 -0.786776 -0.524229
v -2.991114 -0.788060 -0.524191
v -1.824810 -0.886723 0.551302
v -1.824272 -1.103133 -0.499558
v -2.991324 -1.023245 0.551070
v -2.991340 -0.872677 0.582051
v -2.991818 -1.141755 -0.499387
v -1.825260 -0.768065 -0.499808
v -1.824795 -1.037456 0.581773
v -2.992342 -1.127413 0.550198
v -1.794816 -1.121771 -0.497274
v -2.993517 -0.807289 0.520174
v -1.824560 -0.805558 -0.499968
v -1.795139 -0.786868 -0.497101
v -3.022262 -0.788051 -0.497710
v -2.991405 -0.887392 0.551006
v -1.824661 -0.872271 0.582025
v -2.991472 -0.782830 0.550108
v -1.795042 -0.792246 0.539765
v -3.022353 -0.793434 0.539657
v -1.795676 -1.034661 0.577060
v -1.795686 -1.024648 0.556029
v -1.824792 -1.022977 0.551073
v -2.991106 -1.038050 0.582100
v -1.794786 -1.114826 0.490390
v -2.993684 -1.103649 0.518367
v -1.824946 -1.127839 0.460049
v -3.021987 -1.116102 0.490849
v -2.992151 -1.128963 0.458222
v -1.821836 -1.102474 0.494661
v -3.022292 -0.795004 0.492132
v -1.795091 -0.793728 0.492597
v -2.992049 -0.781943 0.461025
v -2.995696 -0.807420 0.493110
v -1.823387 -0.806180 0.519722
v -1.824686 -0.781005 0.461755
v -2.991371 -1.138859 -0.013881
v -2.991082 -1.135309 0.518078
v -1.824517 -1.133933 0.517202
v -1.824988 -1.137845 -0.044191
v -1.825705 -0.770968 -0.013395
v -1.825996 -0.774527 0.519854
v -2.992561 -0.775903 0.518974
v -2.992089 -0.771981 -0.043800
vn -0.1755 0.4466 -0.8774
vn -0.1097 0.7439 -0.6592
vn -0.1873 0.8840 -0.4282
vn -0.1049 0.9893 -0.1009
vn -0.0016 0.9963 -0.0863
vn 0.9992 0.0241 0.0329
vn 0.9984 -0.0366 -0.0426
vn 0.9957 -0.0927 -0.0036
vn 0.9998 -0.0182 0.0099
vn 0.9977 0.0644 -0.0207
vn 0.9961 0.0313 -0.0827
vn 0.9999 0.0063 -0.0153
vn 0.9994 -0.0026 -0.0357
vn 0.9975 0.0692 -0.0124
vn -0.0946 0.9893 0.1111
vn -0.1913 0.9815 0.0087
vn -0.0773 0.9678 0.2396
vn 0.0975 -0.9904 0.0979
vn 0.1891 -0.9819 0.0069
vn 0.0716 -0.9761 0.2050
vn -0.9999 -0.0063 -0.0155
vn -0.9993 0.0023 -0.0360
vn -0.9975 -0.0692 -0.0125
vn -0.9992 0.0230 0.0327
vn -0.9978 -0.0627 -0.0232
vn -0.9521 -0.0632 -0.2990
vn 0.9996 -0.0032 0.0267
vn 0.9488 -0.0626 -0.3095
vn -0.9988 0.0045 0.0497
vn -0.9996 -0.0051 0.0260
vn -0.9982 -0.0182 0.0576
vn -0.1763 0.2450 0.9534
vn -0.0846 0.2318 0.9691
vn -0.1019 0.3454 0.9329
vn 0.0992 0.8667 -0.4889
vn 0.1990 0.8605 -0.4690
vn 0.0890 0.9960 -0.0078
vn -0.0905 -0.7653 -0.6373
vn -0.1071 -0.9852 -0.1336
vn 0.0002 -0.9963 -0.0861
vn -0.1752 -0.8124 -0.5561
vn 0.1659 -0.9859 0.0212
vn 0.0859 -0.9959 0.0269
vn 0.1039 -0.9946 0.0084
vn 0.0844 0.2306 0.9694
vn 0.1745 0.2466 0.9533
vn 0.0996 0.3474 0.9324
vn -0.0397 0.0095 -0.9992
vn -0.0164 -0.0042 -0.9999
vn -0.0129 -0.0766 -0.9970
vn 0.0353 -0.0087 -0.9993
vn 0.0135 0.0035 -0.9999
vn 0.0123 0.0696 -0.9975
vn 0.0998 -0.9857 -0.1358
vn 0.1062 -0.7739 -0.6243
vn 0.0023 -0.9963 -0.0861
vn 0.0133 0.0001 -0.9999
vn 0.0265 -0.0559 -0.9981
vn -0.0104 -0.0669 -0.9977
vn -0.0129 -0.0010 -0.9999
vn 0.0880 0.0009 -0.9961
vn -0.0927 -0.2176 -0.9716
vn 0.0869 -0.2221 -0.9711
vn 0.0865 0.9901 -0.1105
vn 0.0853 0.9723 -0.2177
vn -0.0853 0.9904 -0.1088
vn -0.0934 -0.4469 0.8897
vn -0.1858 -0.4153 0.8905
vn -0.1992 -0.5121 0.8355
vn -0.0978 -0.5167 0.8506
vn 0.0921 0.4210 -0.9024
vn -0.0829 -0.9878 0.1315
vn 0.0887 0.9804 0.1760
vn 0.0696 -0.9621 -0.2638
vn 0.1528 -0.9667 -0.2051
vn 0.0892 -0.9941 -0.0624
vn -0.0004 0.9989 -0.0471
vn 0.0010 1.0000 -0.0034
vn -0.1041 -0.9945 0.0088
vn -0.1743 0.9804 -0.0920
vn -0.1661 0.9859 0.0213
vn -0.0858 0.9960 0.0268
vn -0.1039 0.9946 0.0084
vn 0.1745 -0.9804 -0.0919
vn 0.0874 -0.9902 -0.1088
vn 0.1041 0.9945 0.0088
vn -0.0696 0.9621 -0.2638
vn -0.1536 0.9667 -0.2048
vn -0.0908 0.9938 -0.0645
vn 0.0882 -0.3835 -0.9193
vn 0.2016 -0.7077 -0.6771
vn -0.2072 0.3643 0.9079
vn -0.0988 0.4276 0.8986
vn -0.0870 0.4989 0.8623
vn 0.9989 0.0098 0.0453
vn 0.9975 0.0609 0.0344
vn -0.9962 -0.0109 -0.0860
vn -0.0862 -0.4000 -0.9124
vn -0.1797 -0.2405 -0.9539
vn -0.0875 -0.3405 0.9362
vn 0.0962 -0.4292 0.8980
vn -0.0869 0.2214 -0.9713
vn -0.0889 -0.0019 -0.9960
vn -0.9979 -0.0271 0.0592
vn -0.9998 -0.0194 0.0094
vn -0.9979 -0.0576 0.0308
vn 0.9956 0.0281 -0.0891
vn 0.9961 -0.0089 -0.0878
vn -0.0844 -0.9943 -0.0657
vn -0.0683 -0.9627 -0.2617
vn -0.0862 -0.9963 0.0049
vn -0.0839 -0.9902 -0.1119
vn 0.0028 -1.0000 -0.0034
vn -0.1624 -0.9867 0.0063
vn 0.0840 0.9945 -0.0631
vn 0.0688 0.9631 -0.2603
vn 1.0000 -0.0052 -0.0059
vn 0.9940 -0.1088 -0.0088
vn 0.9980 -0.0630 0.0004
vn 0.9971 -0.0754 -0.0079
vn -0.1314 0.9913 0.0071
vn 0.0684 -0.9874 -0.1425
vn 0.1364 -0.9809 -0.1386
vn -1.0000 -0.0031 -0.0053
vn -0.9936 -0.1124 -0.0107
vn -0.9971 -0.0762 -0.0079
vn -0.9978 -0.0659 0.0004
vn -0.0637 -0.9874 -0.1447
vn -0.1410 -0.9779 -0.1542
vn -0.0776 -0.9951 0.0620
vn 0.0808 -0.9944 0.0676
vn -1.0000 0.0042 -0.0061
vn -0.9940 0.1089 -0.0088
vn -0.9980 0.0630 0.0004
vn -0.9973 0.0728 -0.0071
vn 1.0000 0.0027 -0.0051
vn 0.9936 0.1125 -0.0107
vn 0.9973 0.0737 -0.0071
vn 0.9978 0.0660 0.0004
vn -0.0686 0.9872 -0.1441
vn -0.1362 0.9810 -0.1384
vn 0.1342 -0.9909 0.0095
vn 0.1857 -0.9743 -0.1272
vn 0.0630 0.9879 -0.1421
vn 0.0777 0.9949 0.0636
vn -0.0811 0.9945 0.0662
vn 0.1412 0.9780 -0.1532
vn -0.0340 0.0117 -0.9994
vn -0.0382 0.0347 -0.9987
vn -0.0225 0.0500 -0.9985
vn 0.0380 -0.0135 -0.9992
vn 0.0425 -0.0387 -0.9983
vn 0.1991 -0.5151 0.8337
vn 0.1857 -0.4127 0.8917
vn 0.0953 -0.5181 0.8500
vn 0.0125 0.0759 -0.9970
vn -0.1738 -0.0013 -0.9848
vn -0.0890 0.3256 -0.9413
vn 0.1811 0.4301 -0.8844
vn 0.9988 -0.0449 -0.0216
vn 0.9987 -0.0295 -0.0408
vn 0.9979 -0.0252 0.0596
vn 0.9979 -0.0563 0.0307
vn -0.9988 0.0448 -0.0218
vn -0.9987 0.0294 -0.0412
vn 0.9988 0.0064 0.0493
vn -0.9989 0.0079 0.0455
vn -0.9976 0.0598 0.0340
vn -0.9960 0.0293 -0.0840
vn -0.9956 0.0264 -0.0902
vn -0.0893 0.0002 0.9960
vn -0.1791 0.0002 0.9838
vn 0.1696 -0.2261 -0.9592
vn -0.0961 -0.9587 0.2679
vn -0.1868 -0.9823 0.0090
vn 0.1762 0.0003 -0.9843
vn 0.0871 -0.9914 -0.0977
vn 0.1786 -0.9804 -0.0836
vn 0.0897 -0.0005 0.9960
vn 0.1795 0.0008 0.9837
vn -0.0439 0.0352 -0.9984
vn -0.0243 0.0544 -0.9982
vn 0.0390 -0.0312 -0.9988
vn 0.0228 -0.0479 -0.9986
vn -0.0883 -0.9712 -0.2212
vn 0.0810 -0.9739 -0.2120
vn -0.0841 0.9738 -0.2114
vn 0.1020 0.7059 0.7009
vn 0.0878 -0.2397 0.9669
vn -0.0901 -0.2378 0.9671
vn 0.2352 0.8048 0.5449
vn 0.1719 0.9797 -0.1027
vn 0.1612 0.9869 0.0057
vn -0.1674 -0.9856 0.0234
vn -0.1910 -0.9770 -0.0944
vn -0.0950 -0.9899 -0.1054
vn -0.0002 -1.0000 0.0041
vn -0.0836 -0.9962 0.0261
vn -0.1533 0.9715 -0.1809
vn 0.0836 -0.9767 -0.1977
vn 0.1505 -0.9740 -0.1695
vn -0.9987 0.0335 -0.0385
vn -0.9994 0.0051 -0.0331
vn -0.9999 -0.0006 -0.0139
vn -0.9985 0.0503 -0.0210
vn -0.9978 -0.0649 -0.0102
vn -0.1710 -0.9656 -0.1960
vn -0.0875 -0.9730 -0.2138
vn 0.1697 0.9645 -0.2024
vn -0.0870 0.9913 -0.0988
vn -0.1785 0.9803 -0.0844
vn 0.0002 1.0000 0.0041
vn 0.1669 0.9857 0.0227
vn 0.1908 0.9770 -0.0953
vn 0.0948 0.9898 -0.1065
vn 0.0837 0.9961 0.0266
vn 0.9987 -0.0334 -0.0388
vn 0.9994 -0.0049 -0.0333
vn 0.9999 0.0006 -0.0141
vn 0.9985 -0.0503 -0.0212
vn 0.9978 0.0649 -0.0102
vn -0.0837 0.9763 -0.1996
vn -0.1504 0.9737 -0.1711
vn -0.1726 -0.9795 -0.1040
vn -0.1673 -0.9651 -0.2016
vn 0.1540 -0.9709 -0.1837
vn 0.0874 0.9725 -0.2158
vn 0.1705 0.9653 -0.1977
vn -0.9962 -0.0872 0.0010
vn 0.0884 0.2226 -0.9709
vn 0.9982 -0.0165 0.0581
vn -0.9976 0.0666 -0.0197
vn 0.1734 0.2236 -0.9591
vn -0.1726 0.2222 -0.9596
vn 0.1747 -0.2332 0.9566
vn -0.1805 -0.2316 0.9559
vn 0.9965 0.0833 0.0020
vn -0.1552 -0.9658 -0.2078
vn 0.1554 0.9660 -0.2065
vn -0.9961 0.0879 0.0016
vn 0.9961 -0.0881 0.0020
vt 0.622129 0.750000
vt 0.624506 0.751170
vt 0.625008 0.749503
vt 0.630054 0.748319
vt 0.664252 0.748531
vt 0.125005 0.749769
vt 0.125000 0.750000
vt 0.125000 0.748647
vt 0.624247 0.999997
vt 0.625000 1.000000
vt 0.622160 1.000000
vt 0.874949 0.505586
vt 0.874973 0.500039
vt 0.875000 0.501001
vt 0.369635 0.748856
vt 0.375318 0.749790
vt 0.374325 0.750020
vt 0.869725 0.748620
vt 0.874959 0.749722
vt 0.874305 0.750000
vt 0.374981 0.500903
vt 0.375000 0.500000
vt 0.374810 0.501695
vt 0.377892 0.749601
vt 0.375193 0.749805
vt 0.431602 0.750000
vt 0.518591 0.999972
vt 0.440197 1.000000
vt 0.377494 0.999997
vt 0.500016 0.750228
vt 0.517634 0.750029
vt 0.557471 0.750228
vt 0.438739 0.750228
vt 0.442578 0.756350
vt 0.399429 0.756330
vt 0.873772 0.749849
vt 0.875000 0.749736
vt 0.869192 0.741084
vt 0.374306 0.750000
vt 0.369976 0.748802
vt 0.335203 0.749378
vt 0.874772 0.692871
vt 0.868691 0.696914
vt 0.868783 0.618681
vt 0.442578 0.993902
vt 0.438744 0.999772
vt 0.399429 0.993916
vt 0.625330 0.500480
vt 0.630390 0.500075
vt 0.631063 0.500361
vt 0.125330 0.500428
vt 0.130620 0.500066
vt 0.131062 0.500322
vt 0.130037 0.748656
vt 0.125690 0.750000
vt 0.165561 0.747446
vt 0.869226 0.500074
vt 0.869345 0.500361
vt 0.374345 0.500000
vt 0.369516 0.500031
vt 0.500015 0.993611
vt 0.442186 0.756306
vt 0.442184 0.993897
vt 0.869947 0.505270
vt 0.874344 0.500000
vt 0.630364 0.505277
vt 0.619969 0.755219
vt 0.617162 0.750205
vt 0.625031 0.749749
vt 0.625000 0.750690
vt 0.625000 0.999307
vt 0.618297 0.994500
vt 0.630491 0.748639
vt 0.130419 0.748855
vt 0.868693 0.741265
vt 0.874772 0.741775
vt 0.868880 0.744069
vt 0.834566 0.748349
vt 0.832648 0.539727
vt 0.631286 0.619471
vt 0.625000 0.501056
vt 0.374773 0.692954
vt 0.368704 0.697221
vt 0.368787 0.617983
vt 0.125000 0.500946
vt 0.130053 0.505172
vt 0.131290 0.618782
vt 0.368680 0.741681
vt 0.374772 0.742190
vt 0.368880 0.744485
vt 0.381613 0.994512
vt 0.375000 0.999310
vt 0.375377 1.000000
vt 0.380076 0.755447
vt 0.375437 0.999982
vt 0.500000 0.750000
vt 0.382109 0.755359
vt 0.600636 0.756352
vt 0.618443 0.994488
vt 0.557862 0.756296
vt 0.500015 0.756097
vt 0.623689 0.749539
vt 0.559852 1.000000
vt 0.500000 1.000000
vt 0.631323 0.744051
vt 0.631195 0.741171
vt 0.369192 0.740451
vt 0.369535 0.505180
vt 0.167686 0.540475
vt 0.375000 0.739765
vt 0.131351 0.744485
vt 0.131188 0.741681
vt 0.874972 0.739204
vt 0.874772 0.738130
vt 0.625230 0.738197
vt 0.868844 0.738105
vt 0.625029 0.738860
vt 0.625000 0.738245
vt 0.625000 0.740917
vt 0.625005 0.732496
vt 0.631185 0.738096
vt 0.631106 0.732731
vt 0.868794 0.731936
vt 0.374971 0.739613
vt 0.374772 0.738542
vt 0.125029 0.739741
vt 0.125228 0.738714
vt 0.125228 0.742246
vt 0.125228 0.695246
vt 0.368821 0.738516
vt 0.125000 0.738364
vt 0.131215 0.738502
vt 0.131085 0.732335
vt 0.368777 0.732335
vt 0.369396 0.500272
vt 0.874658 0.500499
vt 0.617184 0.999788
vt 0.625000 0.999306
vt 0.602204 0.756285
vt 0.874752 0.505939
vt 0.375000 0.500890
vt 0.500016 0.999772
vt 0.559852 0.750000
vt 0.500016 0.756359
vt 0.500016 0.750229
vt 0.868431 0.506263
vt 0.500016 0.993866
vt 0.625000 0.500000
vt 0.625684 0.500000
vt 0.125000 0.500000
vt 0.125684 0.500000
vt 0.375362 0.998988
vt 0.557471 0.993842
vt 0.557471 0.756365
vt 0.125690 0.750000
vt 0.125040 0.749777
vt 0.875000 0.739359
vt 0.625248 0.506077
vt 0.631074 0.506170
vt 0.667373 0.540553
vt 0.631060 0.700093
vt 0.625051 0.505719
vt 0.368461 0.505334
vt 0.167375 0.540475
vt 0.125248 0.505975
vt 0.131074 0.506069
vt 0.131121 0.697221
vt 0.125051 0.505615
vt 0.557864 0.993873
vt 0.557471 0.999772
vt 0.874995 0.749708
s 1
usemtl cover.003
f 4584/3155/3345 4552/3156/3346 4527/3157/3347
f 4527/3157/3347 4552/3156/3346 4656/3158/3348
f 4656/3158/3348 4552/3156/3346 4600/3159/3349
f 4649/3160/3350 4576/3161/3351 4562/3162/3352
f 4624/3163/3353 4523/3164/3354 4583/3165/3355
f 4641/3166/3356 4525/3167/3357 4532/3168/3358
f 4563/3169/3359 4517/3170/3360 4541/3171/3361
f 4535/3172/3362 4514/3173/3363 4542/3174/3364
f 4645/3175/3365 4528/3176/3366 4566/3177/3367
f 4650/3178/3368 4526/3179/3369 4575/3180/3370
f 4626/3181/3371 4622/3182/3372 4649/3183/3350
f 4522/3184/3373 4627/3185/3374 4621/3186/3375
f 4573/3187/3376 4636/3188/3377 4580/3189/3378
f 4553/3190/3379 4523/3191/3380 4660/3192/3381
f 4550/3193/3382 4642/3194/3383 4617/3195/3384
f 4550/3193/3382 4526/3179/3385 4642/3194/3383
f 4603/3196/3386 4594/3197/3387 4670/3198/3388
f 4647/3199/3389 4574/3200/3390 4579/3201/3391
f 4520/3202/3392 4629/3203/3393 4539/3204/3394
f 4515/3205/3395 4631/3206/3396 4537/3207/3397
f 4665/3208/3398 4551/3209/3399 4609/3210/3400
f 4630/3211/3401 4538/3212/3402 4539/3204/3394
f 4547/3213/3403 4632/3214/3404 4631/3206/3396
f 4554/3215/3405 4646/3216/3406 4633/3217/3407
f 4634/3218/3408 4549/3219/3409 4559/3220/3410
f 4640/3221/3411 4582/3222/3412 4518/3223/3413 4543/3224/3414
f 4553/3225/3379 4552/3156/3346 4585/3226/3415
f 4542/3174/3364 4534/3227/3416 4535/3172/3362
f 4541/3171/3361 4564/3228/3417 4563/3169/3359
f 4600/3159/3349 4552/3156/3346 4553/3190/3379
f 4593/3229/3418 4602/3230/3419 4669/3231/3420
f 4601/3232/3421 4660/3192/3381 4560/3233/3422
f 4594/3197/3387 4667/3234/3423 4670/3198/3388
f 4558/3235/3424 4656/3158/3348 4559/3220/3410
f 4614/3236/3425 4611/3237/3426 4674/3238/3427
f 4570/3239/3428 4665/3208/3398 4643/3240/3429
f 4611/3237/3426 4671/3241/3430 4674/3238/3427
f 4610/3242/3431 4613/3243/3432 4673/3244/3433
f 4577/3245/3434 4550/3193/3382 4551/3246/3399
f 4551/3246/3399 4576/3247/3435 4577/3245/3434
f 4517/3170/3436 4648/3248/3437 4541/3171/3438
f 4574/3200/3439 4649/3183/3350 4513/3249/3440
f 4627/3185/3374 4575/3180/3370 4531/3250/3441
f 4578/3251/3442 4575/3180/3443 4526/3179/3385
f 4588/3252/3444 4640/3221/3411 4587/3253/3445
f 4635/3254/3446 4555/3255/3447 4554/3215/3405
f 4582/3222/3448 4625/3256/3449 4518/3223/3450
f 4626/3181/3371 4652/3257/3451 4530/3258/3452
f 4559/3220/3410 4600/3159/3349 4601/3232/3421
f 4668/3259/3453 4598/3260/3454 4593/3229/3418
f 4617/3195/3384 4664/3261/3455 4567/3262/3456
f 4567/3262/3456 4571/3263/3457 4617/3195/3384
f 4571/3263/3457 4609/3210/3400 4617/3195/3384
f 4642/3194/3383 4616/3264/3458 4664/3261/3455
f 4563/3169/3359 4672/3265/3459 4673/3244/3433
f 4672/3265/3459 4618/3266/3460 4610/3242/3431
f 4655/3267/3461 4604/3268/3462 4603/3196/3463
f 4604/3268/3462 4655/3267/3461 4602/3230/3464
f 4656/3158/3348 4596/3269/3465 4527/3157/3347
f 4656/3158/3348 4558/3235/3424 4596/3269/3465
f 4602/3230/3419 4595/3270/3466 4604/3268/3467
f 4658/3271/3468 4591/3272/3469 4590/3273/3470
f 4591/3272/3469 4658/3271/3468 4589/3274/3471
f 4599/3275/3472 4591/3272/3473 4659/3276/3474
f 4599/3275/3472 4657/3277/3475 4595/3270/3466
f 4661/3278/3476 4615/3279/3477 4614/3236/3478
f 4615/3279/3477 4661/3278/3476 4613/3243/3479
f 4662/3280/3480 4607/3281/3481 4606/3282/3482
f 4607/3281/3481 4662/3280/3480 4605/3283/3483
f 4613/3243/3432 4612/3284/3484 4615/3279/3485
f 4665/3208/3398 4608/3285/3486 4562/3162/3487
f 4665/3208/3398 4570/3239/3428 4608/3285/3486
f 4620/3286/3488 4666/3287/3489 4663/3288/3490
f 4620/3286/3488 4607/3281/3491 4666/3287/3489
f 4582/3222/3412 4640/3221/3411 4588/3252/3444
f 4632/3214/3404 4528/3176/3492 4519/3176/3493 4536/3289/3494
f 4630/3211/3401 4525/3167/3495 4516/3290/3496 4538/3212/3402
f 4632/3214/3404 4547/3213/3403 4528/3176/3492
f 4514/3164/3497 4581/3291/3498 4587/3253/3445 4542/3292/3499
f 4630/3211/3401 4549/3219/3500 4525/3167/3495
f 4531/3250/3501 4575/3180/3443 4646/3216/3406 4555/3255/3447
f 4584/3155/3345 4586/3293/3502 4552/3156/3346
f 4578/3251/3442 4646/3216/3406 4575/3180/3443
f 4553/3225/3379 4585/3226/3415 4583/3165/3503 4523/3164/3380
f 4641/3166/3356 4533/3294/3504 4516/3290/3505 4525/3167/3357
f 4581/3291/3506 4514/3164/3507 4624/3163/3353
f 4645/3175/3365 4565/3295/3508 4519/3176/3509 4528/3176/3366
f 4649/3183/3350 4574/3200/3439 4521/3296/3510 4626/3181/3371
f 4573/3187/3511 4517/3170/3512 4650/3178/3368
f 4625/3256/3449 4582/3222/3448 4621/3186/3375 4627/3185/3374
f 4626/3181/3371 4530/3258/3452 4622/3182/3372
f 4649/3183/3350 4622/3182/3372 4576/3247/3351
f 4584/3155/3513 4625/3256/3449 4627/3185/3374 4623/3297/3514
f 4627/3185/3374 4531/3250/3441 4623/3297/3514
f 4544/3298/3515 4636/3188/3377 4573/3187/3376 4522/3299/3516
f 4622/3182/3517 4633/3217/3407 4577/3245/3434 4576/3247/3435
f 4534/3227/3416 4543/3224/3518 4518/3223/3519
f 4530/3258/3520 4554/3215/3405 4633/3217/3407 4622/3182/3517
f 4670/3198/3388 4557/3300/3521 4533/3294/3522 4603/3196/3386
f 4601/3232/3421 4553/3190/3379 4660/3192/3381
f 4574/3200/3390 4647/3199/3389 4545/3301/3523 4521/3296/3524
f 4529/3302/3525 4548/3303/3526 4629/3203/3393 4520/3202/3392
f 4524/3304/3527 4546/3305/3528 4631/3206/3396 4515/3205/3395
f 4551/3209/3399 4665/3208/3398 4562/3162/3487 4576/3161/3435
f 4630/3211/3401 4629/3203/3393 4548/3303/3526 4549/3219/3500
f 4629/3203/3393 4630/3211/3401 4539/3204/3394
f 4536/3289/3494 4537/3207/3397 4631/3206/3396 4632/3214/3404
f 4546/3305/3528 4547/3213/3403 4631/3206/3396
f 4578/3251/3442 4577/3245/3434 4633/3217/3407 4646/3216/3406
f 4643/3240/3429 4567/3262/3456 4547/3213/3529 4546/3305/3530
f 4554/3215/3405 4555/3255/3447 4646/3216/3406
f 4560/3233/3422 4634/3218/3408 4559/3220/3410
f 4549/3219/3409 4548/3303/3531 4559/3220/3410
f 4580/3189/3378 4579/3201/3391 4540/3306/3532 4648/3248/3437
f 4567/3262/3456 4643/3240/3429 4571/3263/3457
f 4585/3226/3415 4552/3156/3346 4586/3293/3502
f 4588/3252/3444 4587/3253/3445 4639/3307/3533 4654/3308/3534
f 4540/3306/3532 4541/3171/3438 4648/3248/3437
f 4542/3174/3364 4543/3224/3518 4534/3227/3416
f 4541/3171/3361 4540/3309/3532 4564/3228/3417
f 4654/3308/3534 4639/3307/3533 4545/3301/3523 4544/3298/3515
f 4514/3173/3363 4535/3172/3362 4669/3231/3420 4602/3230/3419
f 4564/3228/3417 4540/3309/3532 4513/3310/3535
f 4601/3232/3421 4600/3159/3349 4553/3190/3379
f 4532/3168/3536 4634/3218/3408 4660/3192/3381 4592/3311/3537
f 4560/3233/3422 4660/3192/3381 4634/3218/3408
f 4667/3234/3423 4589/3274/3538 4556/3312/3539 4637/3313/3540
f 4561/3314/3541 4557/3300/3521 4670/3198/3388 4667/3234/3423
f 4637/3313/3540 4561/3314/3541 4667/3234/3423
f 4589/3274/3538 4667/3234/3423 4597/3315/3542
f 4548/3303/3531 4529/3302/3543 4558/3235/3424 4559/3220/3410
f 4594/3197/3387 4597/3315/3542 4667/3234/3423
f 4559/3220/3410 4656/3158/3348 4600/3159/3349
f 4533/3294/3522 4557/3300/3521 4538/3212/3544 4516/3290/3545
f 4529/3302/3546 4520/3202/3547 4628/3316/3548 4558/3235/3549
f 4520/3202/3547 4556/3312/3550 4628/3316/3548
f 4556/3312/3539 4520/3202/3551 4539/3204/3552 4637/3313/3540
f 4532/3168/3536 4525/3167/3553 4549/3219/3409 4634/3218/3408
f 4649/3160/3350 4662/3280/3480 4606/3282/3482 4513/3310/3440
f 4539/3204/3552 4538/3212/3544 4557/3300/3521 4637/3313/3540
f 4662/3280/3480 4649/3160/3350 4562/3162/3352
f 4674/3238/3427 4572/3317/3554 4565/3295/3555 4614/3236/3425
f 4557/3300/3521 4561/3314/3541 4637/3313/3540
f 4660/3192/3381 4523/3191/3380 4592/3311/3537
f 4551/3209/3399 4550/3193/3382 4617/3195/3384 4609/3210/3400
f 4609/3210/3400 4571/3263/3457 4643/3240/3429 4665/3208/3398
f 4568/3318/3556 4572/3317/3554 4674/3238/3427 4671/3241/3430
f 4671/3241/3430 4605/3283/3557 4569/3319/3558 4638/3320/3559
f 4611/3237/3426 4619/3321/3560 4671/3241/3430
f 4524/3304/3561 4515/3205/3562 4644/3322/3563 4570/3239/3564
f 4638/3320/3559 4568/3318/3556 4671/3241/3430
f 4605/3283/3557 4671/3241/3430 4619/3321/3560
f 4515/3205/3562 4569/3319/3565 4644/3322/3563
f 4565/3295/3555 4572/3317/3554 4536/3289/3566 4519/3176/3567
f 4566/3177/3568 4528/3176/3569 4547/3213/3529 4567/3262/3456
f 4546/3305/3530 4524/3304/3570 4570/3239/3428 4643/3240/3429
f 4537/3207/3571 4536/3289/3566 4572/3317/3554 4638/3320/3559
f 4569/3319/3558 4515/3205/3572 4537/3207/3571 4638/3320/3559
f 4572/3317/3554 4568/3318/3556 4638/3320/3559
f 4517/3170/3360 4563/3169/3359 4673/3244/3433 4613/3243/3432
f 4650/3178/3368 4517/3170/3512 4613/3243/3479 4661/3278/3476
f 4526/3179/3369 4650/3178/3368 4661/3278/3476 4616/3264/3573
f 4544/3298/3515 4545/3301/3523 4647/3199/3389 4636/3188/3377
f 4636/3188/3377 4647/3199/3389 4579/3201/3391 4580/3189/3378
f 4513/3249/3535 4540/3306/3532 4579/3201/3391 4574/3200/3390
f 4577/3245/3434 4578/3251/3442 4550/3193/3382
f 4580/3189/3378 4648/3248/3437 4517/3170/3436 4573/3187/3376
f 4650/3178/3368 4627/3185/3374 4522/3184/3373 4573/3187/3511
f 4543/3224/3414 4542/3292/3499 4587/3253/3445 4640/3221/3411
f 4627/3185/3374 4650/3178/3368 4575/3180/3370
f 4550/3193/3382 4578/3251/3442 4526/3179/3385
f 4635/3254/3446 4653/3323/3574 4585/3226/3415 4586/3293/3502
f 4653/3323/3574 4635/3254/3446 4554/3215/3405
f 4624/3163/3353 4626/3181/3371 4651/3324/3575 4581/3291/3506
f 4625/3256/3449 4584/3155/3513 4527/3157/3576
f 4521/3296/3510 4651/3324/3575 4626/3181/3371
f 4583/3165/3355 4652/3257/3451 4626/3181/3371 4624/3163/3353
f 4653/3323/3574 4554/3215/3405 4530/3258/3520 4652/3257/3577
f 4585/3226/3415 4653/3323/3574 4652/3257/3577 4583/3165/3503
f 4635/3254/3446 4623/3297/3578 4531/3250/3501 4555/3255/3447
f 4586/3293/3502 4584/3155/3345 4623/3297/3578 4635/3254/3446
f 4581/3291/3498 4651/3324/3579 4639/3307/3533 4587/3253/3445
f 4651/3324/3579 4521/3296/3524 4545/3301/3523 4639/3307/3533
f 4544/3298/3515 4522/3299/3516 4621/3186/3580 4654/3308/3534
f 4654/3308/3534 4621/3186/3580 4582/3222/3412 4588/3252/3444
f 4641/3166/3356 4655/3267/3461 4603/3196/3463 4533/3294/3504
f 4592/3311/3581 4655/3267/3461 4641/3166/3356 4532/3168/3358
f 4518/3223/3519 4590/3273/3582 4668/3259/3453 4534/3227/3416
f 4560/3233/3422 4559/3220/3410 4601/3232/3421
f 4598/3260/3454 4668/3259/3453 4590/3273/3582
f 4628/3316/3548 4556/3312/3550 4589/3274/3471 4658/3271/3468
f 4624/3325/3353 4514/3173/3507 4602/3230/3464 4655/3267/3461
f 4628/3316/3548 4658/3271/3468 4558/3235/3549
f 4523/3191/3354 4624/3325/3353 4655/3267/3461 4592/3311/3581
f 4668/3259/3453 4669/3231/3420 4535/3172/3362 4534/3227/3416
f 4669/3231/3420 4668/3259/3453 4593/3229/3418
f 4566/3177/3568 4567/3262/3456 4664/3261/3455 4616/3264/3458
f 4513/3310/3535 4606/3282/3583 4672/3265/3459 4564/3228/3417
f 4618/3266/3460 4672/3265/3459 4606/3282/3583
f 4645/3175/3365 4661/3278/3476 4614/3236/3478 4565/3295/3508
f 4616/3264/3573 4661/3278/3476 4645/3175/3365 4566/3177/3367
f 4644/3322/3563 4569/3319/3565 4605/3283/3483 4662/3280/3480
f 4617/3195/3384 4642/3194/3383 4664/3261/3455
f 4642/3194/3383 4526/3179/3385 4616/3264/3458
f 4673/3244/3433 4672/3265/3459 4610/3242/3431
f 4563/3169/3359 4564/3228/3417 4672/3265/3459
f 4603/3196/3386 4604/3268/3467 4657/3277/3475 4594/3197/3387
f 4644/3322/3563 4662/3280/3480 4570/3239/3564
f 4602/3230/3419 4593/3229/3418 4595/3270/3466
f 4595/3270/3466 4657/3277/3475 4604/3268/3467
f 4599/3275/3472 4598/3260/3454 4590/3273/3582 4591/3272/3473
f 4527/3157/3576 4596/3269/3584 4658/3271/3468
f 4658/3271/3468 4596/3269/3584 4558/3235/3549
f 4589/3274/3538 4597/3315/3542 4659/3276/3474 4591/3272/3473
f 4595/3270/3466 4593/3229/3418 4598/3260/3454 4599/3275/3472
f 4594/3197/3387 4657/3277/3475 4659/3276/3474 4597/3315/3542
f 4599/3275/3472 4659/3276/3474 4657/3277/3475
f 4614/3236/3425 4615/3279/3485 4663/3288/3490 4611/3237/3426
f 4562/3162/3352 4608/3285/3585 4662/3280/3480
f 4662/3280/3480 4608/3285/3585 4570/3239/3564
f 4613/3243/3432 4610/3242/3431 4612/3284/3484
f 4612/3284/3484 4663/3288/3490 4615/3279/3485
f 4620/3286/3488 4612/3284/3484 4610/3242/3431 4618/3266/3460
f 4619/3321/3560 4611/3237/3426 4663/3288/3490 4666/3287/3489
f 4612/3284/3484 4620/3286/3488 4663/3288/3490
f 4620/3286/3488 4618/3266/3460 4606/3282/3583 4607/3281/3491
f 4605/3283/3557 4619/3321/3560 4666/3287/3489 4607/3281/3491
f 4625/3256/3449 4658/3271/3468 4590/3273/3470 4518/3223/3450
f 4658/3271/3468 4625/3256/3449 4527/3157/3576
o Cube.019
v 3.954727 -2.462997 0.523796
v 3.955011 -2.755958 0.523872
v 3.953995 -2.462061 -0.493816
v 3.954281 -2.757109 -0.493816
v 2.767692 -2.464147 0.524153
v 2.767975 -2.757108 0.524229
v 2.768511 -2.463210 -0.493959
v 2.768797 -2.758258 -0.493959
v 3.954869 -2.609367 0.560221
v 3.954138 -2.609367 -0.458197
v 2.768654 -2.610516 -0.458339
v 2.767833 -2.610517 0.560221
v 3.954984 -2.727845 0.534975
v 3.954253 -2.727845 -0.483441
v 2.768769 -2.728994 -0.483584
v 2.767948 -2.728995 0.534976
v 3.954023 -2.490453 -0.483750
v 2.768539 -2.491602 -0.483893
v 2.767718 -2.491603 0.534667
v 3.954754 -2.490454 0.534667
v 2.767977 -2.758259 0.352370
v 2.767691 -2.463211 0.352370
v 2.767976 -2.758259 -0.319308
v 2.767752 -2.463211 -0.469574
v 2.796050 -2.463184 -0.494733
v 2.796288 -2.758232 -0.494729
v 2.796133 -2.610451 -0.459112
v 2.796326 -2.728672 -0.484257
v 2.795959 -2.491289 -0.484760
v 3.754802 -2.462255 -0.494800
v 3.925806 -2.609413 -0.459133
v 3.925922 -2.727996 -0.484419
v 3.925641 -2.490623 -0.484639
v 3.955012 -2.757109 -0.319016
v 3.954676 -2.462061 -0.469014
v 3.955012 -2.757109 0.351064
v 3.954726 -2.462180 0.500207
v 3.955006 -2.750674 0.526738
v 3.927997 -2.462087 -0.494677
v 2.767976 -2.758113 0.501241
v 2.767696 -2.469019 0.526561
v 3.954803 -2.541485 0.550683
v 3.954203 -2.677031 -0.467521
v 2.768720 -2.678180 -0.467664
v 2.767899 -2.678181 0.550896
v 3.954776 -2.609536 -0.432345
v 3.954934 -2.677031 0.550896
v 2.767970 -2.751824 0.526784
v 3.954920 -2.757109 -0.470575
v 3.954072 -2.541486 -0.467734
v 2.768588 -2.542634 -0.467876
v 2.767768 -2.542635 0.550684
v 3.954732 -2.467869 0.526516
v 2.767691 -2.463330 0.501231
v 2.767915 -2.588797 -0.435890
v 2.768079 -2.758259 -0.470938
v 2.796271 -2.678084 -0.468420
v 2.796029 -2.542539 -0.468664
v 3.928283 -2.757134 -0.494677
v 3.925692 -2.541547 -0.468663
v 3.925869 -2.677088 -0.468464
v 3.954726 -2.462061 0.351064
v 3.955012 -2.756963 0.500217
v 2.768001 -2.678181 -0.444948
v 3.755103 -2.757302 -0.494800
vn -1.0000 -0.0010 -0.0000
vn 0.9999 0.0007 -0.0119
vn 0.7766 -0.0001 -0.6300
vn 0.7611 -0.1426 -0.6328
vn 1.0000 0.0010 -0.0003
vn 0.9998 -0.0045 -0.0174
vn 0.7478 -0.2088 -0.6303
vn 0.6621 -0.2499 -0.7065
vn -1.0000 -0.0009 -0.0004
vn -1.0000 -0.0009 -0.0000
vn -0.7724 -0.0002 -0.6352
vn -0.9999 -0.0026 -0.0146
vn -0.7586 -0.1450 -0.6352
vn -0.9998 -0.0072 -0.0194
vn -0.7448 -0.2113 -0.6329
vn -0.6587 -0.2521 -0.7090
vn 0.0171 -0.3330 -0.9428
vn 0.0157 -0.3163 -0.9485
vn 0.0003 -0.3349 -0.9422
vn 1.0000 0.0010 -0.0000
vn 0.9998 0.0066 -0.0176
vn 0.6616 0.2512 -0.7066
vn 0.7472 0.2101 -0.6305
vn -0.0135 -0.2203 -0.9753
vn -0.0141 -0.0015 -0.9999
vn -0.0130 -0.3172 -0.9483
vn -0.7463 0.2099 -0.6316
vn -0.7600 0.1413 -0.6344
vn -0.0139 0.2185 -0.9757
vn -0.0136 0.3167 -0.9484
vn 0.7609 0.1432 -0.6329
vn -0.6592 0.2507 -0.7090
vn -0.0136 0.3344 -0.9423
vn -0.0128 -0.3346 -0.9423
vn -0.9998 0.0056 -0.0192
vn -0.9999 0.0022 -0.0158
vn 0.0159 0.2187 -0.9757
vn 0.0151 0.3162 -0.9486
vn 0.0165 -0.0013 -0.9999
vn 0.0163 -0.2201 -0.9753
vn -0.0003 0.3347 -0.9423
vn 0.0163 0.3332 -0.9427
vt 0.750466 0.285768
vt 0.750855 0.285768
vt 0.751244 0.294686
vt 0.751244 0.285768
vt 0.751244 0.290227
vt 0.414034 0.473660
vt 0.417874 0.473557
vt 0.417874 0.559839
vt 0.751244 0.383983
vt 0.751244 0.473280
vt 0.416599 0.286933
vt 0.417428 0.660651
vt 0.417874 0.624703
vt 0.417932 0.660792
vt 0.751244 0.653537
vt 0.751244 0.657164
vt 0.750855 0.660792
vt 0.585681 0.286903
vt 0.750466 0.660792
vt 0.584610 0.473557
vt 0.588425 0.500677
vt 0.584610 0.559839
vt 0.585020 0.660653
vt 0.584610 0.624703
vt 0.584588 0.660792
vt 0.418240 0.660792
vt 0.421999 0.624703
vt 0.418547 0.660792
vt 0.251276 0.285768
vt 0.251842 0.285768
vt 0.251276 0.290227
vt 0.252409 0.285768
vt 0.251276 0.294686
vt 0.251276 0.383983
vt 0.251276 0.473280
vt 0.251276 0.657164
vt 0.251276 0.653537
vt 0.251842 0.660792
vt 0.417438 0.285890
vt 0.417932 0.285768
vt 0.417874 0.322965
vt 0.751244 0.563409
vt 0.580638 0.559839
vt 0.580632 0.473557
vt 0.580640 0.624703
vt 0.584610 0.322965
vt 0.584610 0.387553
vt 0.580622 0.387553
vt 0.580621 0.322965
vt 0.417874 0.387553
vt 0.584588 0.285768
vt 0.584239 0.285768
vt 0.584239 0.660792
vt 0.751244 0.660792
vt 0.585012 0.285890
vt 0.588425 0.387553
vt 0.421992 0.387553
vt 0.421992 0.322965
vt 0.421992 0.473557
vt 0.421999 0.559839
vt 0.418548 0.285768
vt 0.418240 0.285768
vt 0.252409 0.660792
vt 0.251276 0.563408
vt 0.251276 0.660792
s 1
usemtl pages.003
f 4695/3326/3586 4714/3327/3586 4690/3328/3586
f 4714/3327/3586 4680/3329/3586 4722/3330/3586
f 4720/3331/3587 4684/3332/3588 4724/3333/3589
f 4695/3326/3586 4719/3334/3586 4686/3335/3586
f 4695/3326/3586 4690/3328/3586 4719/3334/3586
f 4708/3336/3590 4720/3331/3587 4709/3337/3591
f 4709/3337/3591 4691/3338/3592 4677/3339/3593
f 4693/3340/3586 4715/3341/3586 4728/3342/3586
f 4697/3343/3594 4695/3326/3586 4696/3344/3595
f 4685/3345/3596 4729/3346/3597 4725/3347/3598
f 4729/3346/3597 4697/3343/3594 4698/3348/3599
f 4692/3349/3600 4698/3348/3599 4681/3350/3601
f 4713/3351/3602 4707/3352/3603 4704/3353/3604
f 4676/3354/3605 4737/3355/3605 4712/3356/3605
f 4737/3355/3605 4710/3357/3605 4687/3358/3605
f 4687/3358/3605 4710/3357/3605 4721/3359/3605
f 4721/3359/3605 4710/3357/3605 4683/3360/3605
f 4727/3361/3605 4694/3362/3605 4711/3363/3605
f 4723/3364/3606 4678/3365/3607 4688/3366/3608
f 4726/3367/3586 4696/3344/3595 4695/3326/3586 4686/3335/3586
f 4690/3328/3586 4714/3327/3586 4722/3330/3586
f 4696/3344/3595 4726/3367/3586 4693/3340/3586
f 4725/3347/3598 4732/3368/3609 4701/3369/3610 4685/3345/3596
f 4692/3349/3600 4703/3370/3611 4732/3368/3609 4725/3347/3598
f 4724/3333/3589 4691/3338/3592 4709/3337/3591 4720/3331/3587
f 4689/3371/3612 4718/3372/3613 4731/3373/3614 4702/3374/3615
f 4718/3372/3613 4685/3345/3596 4701/3369/3610 4731/3373/3614
f 4717/3375/3616 4720/3331/3587 4723/3364/3606 4688/3366/3608
f 4682/3376/3617 4689/3371/3612 4702/3374/3615 4700/3377/3618
f 4708/3336/3590 4723/3364/3606 4720/3331/3587
f 4681/3350/3601 4699/3378/3619 4703/3370/3611 4692/3349/3600
f 4720/3331/3587 4717/3375/3616 4684/3332/3588
f 4698/3348/3599 4692/3349/3600 4725/3347/3598 4729/3346/3597
f 4696/3344/3595 4693/3340/3586 4728/3342/3586
f 4728/3342/3586 4715/3341/3586 4679/3379/3586
f 4698/3348/3599 4697/3343/3594 4696/3344/3595
f 4689/3371/3612 4682/3376/3617 4730/3380/3620
f 4738/3381/3621 4729/3346/3597 4685/3345/3596 4718/3372/3613
f 4730/3380/3620 4738/3381/3621 4718/3372/3613 4689/3371/3612
f 4699/3378/3619 4704/3353/3604 4707/3352/3603 4703/3370/3611
f 4738/3381/3621 4730/3380/3620 4697/3343/3594
f 4729/3346/3597 4738/3381/3621 4697/3343/3594
f 4731/3373/3614 4735/3382/3622 4706/3383/3623 4702/3374/3615
f 4701/3369/3610 4705/3384/3624 4735/3382/3622 4731/3373/3614
f 4732/3368/3609 4734/3385/3625 4705/3384/3624 4701/3369/3610
f 4703/3370/3611 4707/3352/3603 4734/3385/3625 4732/3368/3609
f 4702/3374/3615 4706/3383/3623 4739/3386/3626 4700/3377/3618
f 4706/3383/3623 4688/3366/3608 4678/3365/3607 4733/3387/3627
f 4734/3385/3625 4707/3352/3603 4691/3338/3592 4724/3333/3589
f 4733/3387/3627 4739/3386/3626 4706/3383/3623
f 4705/3384/3624 4734/3385/3625 4724/3333/3589 4684/3332/3588
f 4705/3384/3624 4684/3332/3588 4717/3375/3616 4735/3382/3622
f 4735/3382/3622 4717/3375/3616 4688/3366/3608 4706/3383/3623
f 4707/3352/3603 4713/3351/3602 4677/3339/3593 4691/3338/3592
f 4710/3357/3605 4736/3388/3605 4716/3389/3605 4683/3360/3605
f 4736/3388/3605 4708/3336/3590 4709/3337/3591
f 4710/3357/3605 4708/3336/3590 4736/3388/3605
f 4712/3356/3605 4737/3355/3605 4687/3358/3605
f 4694/3362/3605 4716/3389/3605 4736/3388/3605
f 4675/3390/3605 4727/3361/3605 4711/3363/3605
f 4711/3363/3605 4694/3362/3605 4736/3388/3605
o Cube.020
v 3.973964 -2.435266 0.542921
v 3.974301 -2.783974 0.541799
v 3.973661 -2.433177 -0.522930
v 3.973747 -2.787078 -0.522468
v 2.748402 -2.436456 0.542923
v 2.748740 -2.785164 0.541795
v 2.748955 -2.433240 -0.522702
v 2.749040 -2.787126 -0.522724
v 3.974136 -2.609589 0.589048
v 2.748566 -2.610777 0.589048
v 3.974276 -2.762119 0.526391
v 3.973423 -2.452045 -0.522729
v 3.973931 -2.768245 -0.522823
v 2.748430 -2.458302 0.527431
v 2.748769 -2.763764 0.525600
v 2.748773 -2.452103 -0.523017
v 2.749279 -2.768275 -0.522498
v 3.974136 -2.609586 0.565981
v 2.748565 -2.610774 0.565981
v 3.974217 -2.764037 -0.499339
v 3.974247 -2.789996 -0.499369
v 2.778873 -2.790653 0.541308
v 3.945313 -2.789372 0.540779
v 2.775005 -2.430343 -0.523263
v 3.945310 -2.428953 -0.523288
v 3.947657 -2.789976 -0.523098
v 2.777398 -2.791365 -0.523127
v 3.944617 -2.431532 0.547200
v 2.778497 -2.432051 0.546629
v 3.944218 -2.788292 0.546306
v 2.777690 -2.789136 0.546312
v 2.778676 -2.610653 0.594536
v 3.945134 -2.609870 0.594341
v 3.946627 -2.454965 -0.523305
v 2.777117 -2.456329 -0.523302
v 2.776075 -2.765355 -0.523146
v 3.945566 -2.763990 -0.523142
v 2.778439 -2.463972 0.523837
v 3.945071 -2.462749 0.524083
v 2.778064 -2.757217 0.524446
v 3.944058 -2.756676 0.523255
v 3.943744 -2.609733 0.560494
v 2.777524 -2.610432 0.560691
v 2.748836 -2.791249 -0.498784
v 3.944097 -2.795897 -0.498125
v 2.748865 -2.765170 -0.499094
v 2.779112 -2.759131 -0.498663
v 3.761019 -2.757297 -0.356115
v 2.955728 -2.796894 -0.352442
v 3.973938 -2.456418 0.522493
v 2.777929 -2.430818 0.541459
v 3.944280 -2.429806 0.542755
v 2.748456 -2.430321 -0.499803
v 2.748485 -2.456282 -0.499760
v 2.778842 -2.462322 -0.499059
v 3.766962 -2.423423 -0.352773
v 3.973866 -2.429068 -0.499219
v 3.973837 -2.455150 -0.499517
v 3.765476 -2.462248 -0.353624
v 2.778609 -2.424419 -0.498559
v 2.748468 -2.524868 0.576003
v 3.974064 -2.523687 0.576005
v 2.748495 -2.532633 0.554451
v 3.973976 -2.458615 0.528871
v 3.944126 -2.470492 0.528140
v 2.777910 -2.471345 0.528121
v 3.945236 -2.466926 0.561551
v 2.778392 -2.465403 0.560791
v 3.974294 -2.773428 0.548306
v 2.748720 -2.774609 0.548308
v 3.974274 -2.754640 0.531432
v 2.748708 -2.755576 0.531589
v 3.944474 -2.749256 0.527936
v 2.778562 -2.729086 0.535224
v 3.944716 -2.780347 0.551105
v 2.778782 -2.755022 0.561164
v 2.748694 -2.784980 0.302593
v 2.748729 -2.784315 0.504005
v 2.748692 -2.777947 0.486873
v 3.974311 -2.761666 0.493131
v 3.944456 -2.787369 0.502659
v 3.944445 -2.788698 0.310865
v 3.945483 -2.780084 0.486020
v 2.748693 -2.762320 0.486899
v 2.777495 -2.789603 0.309228
v 2.778180 -2.788410 0.502729
v 2.777666 -2.781334 0.486273
v 2.954979 -2.758052 0.518960
v 3.759581 -2.757276 0.518772
v 3.974269 -2.783139 0.503718
v 3.974316 -2.784159 0.293789
v 3.974352 -2.776591 0.486058
v 3.974009 -2.435347 0.303861
v 3.973973 -2.436017 0.505773
v 3.974010 -2.442383 0.488621
v 3.974009 -2.458002 0.488649
v 3.769912 -2.462259 0.519898
v 2.778312 -2.432972 0.504342
v 2.778192 -2.431617 0.310954
v 2.777348 -2.440204 0.487866
v 2.748434 -2.437192 0.505478
v 2.748386 -2.436168 0.295025
v 2.748350 -2.443739 0.487806
v 2.748391 -2.458657 0.494867
v 2.964305 -2.463051 0.519924
v 3.944696 -2.431897 0.504740
v 3.945020 -2.430763 0.314166
v 3.945087 -2.439016 0.487969
v 2.748644 -2.691097 0.577060
v 3.974068 -2.539296 0.556048
v 2.748634 -2.681084 0.556029
v 3.975140 -2.772821 0.535898
v 2.747880 -2.774001 0.535967
v 3.974956 -2.634323 0.577791
v 2.747794 -2.634255 0.577898
v 2.747952 -2.778203 -0.496667
v 2.778460 -2.778371 -0.524139
v 3.942533 -2.777075 -0.524186
v 3.943021 -2.442024 -0.524230
v 2.778777 -2.443308 -0.524192
v 3.945080 -2.541971 0.551302
v 3.945618 -2.758381 -0.499559
v 2.778566 -2.678493 0.551069
v 2.778550 -2.527925 0.582051
v 2.778072 -2.797004 -0.499387
v 3.944630 -2.423313 -0.499809
v 3.945095 -2.692704 0.581773
v 2.777548 -2.782661 0.550198
v 3.975074 -2.777019 -0.497275
v 2.776373 -2.462537 0.520173
v 3.945330 -2.460807 -0.499968
v 3.974751 -2.442116 -0.497101
v 2.747628 -2.443299 -0.497710
v 2.778486 -2.542640 0.551005
v 3.945230 -2.527520 0.582025
v 2.778418 -2.438078 0.550107
v 3.974849 -2.447494 0.539764
v 2.747538 -2.448682 0.539656
v 3.974214 -2.689909 0.577060
v 3.974205 -2.679896 0.556029
v 3.945098 -2.678225 0.551073
v 2.778785 -2.693298 0.582100
v 3.975104 -2.770074 0.490390
v 2.776206 -2.758898 0.518367
v 3.944945 -2.783087 0.460049
v 2.747903 -2.771350 0.490849
v 2.777739 -2.784211 0.458222
v 3.948054 -2.757722 0.494660
v 2.747599 -2.450253 0.492131
v 3.974799 -2.448976 0.492597
v 2.777842 -2.437191 0.461025
v 2.774194 -2.462668 0.493110
v 3.946503 -2.461428 0.519722
v 3.945205 -2.436254 0.461755
v 2.778520 -2.794107 -0.013881
v 2.778808 -2.790557 0.518077
v 3.945374 -2.789181 0.517201
v 3.944902 -2.793093 -0.044191
v 3.944185 -2.426216 -0.013396
v 3.943894 -2.429775 0.519854
v 2.777329 -2.431151 0.518973
v 2.777801 -2.427229 -0.043800
vn -0.1755 0.4466 -0.8774
vn -0.1097 0.7439 -0.6592
vn -0.1873 0.8840 -0.4282
vn -0.1049 0.9893 -0.1009
vn -0.0016 0.9963 -0.0863
vn 0.9992 0.0241 0.0329
vn 0.9984 -0.0366 -0.0426
vn 0.9957 -0.0927 -0.0036
vn 0.9998 -0.0182 0.0099
vn 0.9977 0.0644 -0.0207
vn 0.9961 0.0313 -0.0827
vn 0.9999 0.0063 -0.0153
vn 0.9994 -0.0026 -0.0357
vn 0.9975 0.0692 -0.0124
vn -0.0946 0.9893 0.1111
vn -0.1913 0.9815 0.0087
vn -0.0773 0.9678 0.2396
vn 0.0975 -0.9904 0.0979
vn 0.1891 -0.9819 0.0069
vn 0.0716 -0.9761 0.2050
vn -0.9999 -0.0063 -0.0155
vn -0.9993 0.0023 -0.0360
vn -0.9975 -0.0692 -0.0125
vn -0.9992 0.0230 0.0327
vn -0.9978 -0.0627 -0.0232
vn -0.9521 -0.0632 -0.2990
vn 0.9996 -0.0032 0.0267
vn 0.9488 -0.0626 -0.3095
vn -0.9988 0.0045 0.0497
vn -0.9996 -0.0051 0.0260
vn -0.9982 -0.0182 0.0576
vn -0.1763 0.2450 0.9534
vn -0.0846 0.2318 0.9691
vn -0.1019 0.3454 0.9329
vn 0.0992 0.8667 -0.4889
vn 0.1990 0.8605 -0.4690
vn 0.0890 0.9960 -0.0078
vn -0.0905 -0.7653 -0.6373
vn -0.1071 -0.9852 -0.1336
vn 0.0002 -0.9963 -0.0861
vn -0.1752 -0.8124 -0.5561
vn 0.1659 -0.9859 0.0212
vn 0.0859 -0.9959 0.0269
vn 0.1039 -0.9946 0.0084
vn 0.0844 0.2306 0.9694
vn 0.1745 0.2466 0.9533
vn 0.0996 0.3474 0.9324
vn -0.0397 0.0095 -0.9992
vn -0.0164 -0.0042 -0.9999
vn -0.0129 -0.0766 -0.9970
vn 0.0353 -0.0087 -0.9993
vn 0.0135 0.0035 -0.9999
vn 0.0123 0.0696 -0.9975
vn 0.0998 -0.9857 -0.1358
vn 0.1062 -0.7739 -0.6243
vn 0.0023 -0.9963 -0.0861
vn 0.0133 0.0001 -0.9999
vn 0.0265 -0.0559 -0.9981
vn -0.0104 -0.0669 -0.9977
vn -0.0129 -0.0010 -0.9999
vn 0.0880 0.0009 -0.9961
vn -0.0927 -0.2176 -0.9716
vn 0.0869 -0.2221 -0.9711
vn 0.0865 0.9901 -0.1105
vn 0.0853 0.9723 -0.2177
vn -0.0853 0.9904 -0.1088
vn -0.0934 -0.4469 0.8897
vn -0.1858 -0.4153 0.8905
vn -0.1992 -0.5121 0.8355
vn -0.0978 -0.5167 0.8506
vn 0.0921 0.4210 -0.9024
vn -0.0829 -0.9878 0.1315
vn 0.0887 0.9804 0.1760
vn 0.0696 -0.9621 -0.2638
vn 0.1528 -0.9667 -0.2051
vn 0.0892 -0.9941 -0.0624
vn -0.0004 0.9989 -0.0471
vn 0.0010 1.0000 -0.0034
vn -0.1041 -0.9945 0.0088
vn -0.1743 0.9804 -0.0920
vn -0.1661 0.9859 0.0213
vn -0.0858 0.9960 0.0268
vn -0.1039 0.9946 0.0084
vn 0.1745 -0.9804 -0.0919
vn 0.0874 -0.9902 -0.1088
vn 0.1041 0.9945 0.0088
vn -0.0696 0.9621 -0.2638
vn -0.1536 0.9667 -0.2048
vn -0.0908 0.9938 -0.0645
vn 0.0882 -0.3835 -0.9193
vn 0.2016 -0.7077 -0.6771
vn -0.2072 0.3643 0.9079
vn -0.0988 0.4276 0.8986
vn -0.0870 0.4989 0.8623
vn 0.9989 0.0098 0.0453
vn 0.9975 0.0609 0.0344
vn -0.9962 -0.0109 -0.0860
vn -0.0862 -0.4000 -0.9124
vn -0.1797 -0.2405 -0.9539
vn -0.0875 -0.3405 0.9362
vn 0.0962 -0.4292 0.8980
vn -0.0869 0.2214 -0.9713
vn -0.0889 -0.0019 -0.9960
vn -0.9979 -0.0271 0.0592
vn -0.9998 -0.0194 0.0094
vn -0.9979 -0.0576 0.0308
vn 0.9956 0.0281 -0.0891
vn 0.9961 -0.0089 -0.0878
vn -0.0844 -0.9943 -0.0657
vn -0.0683 -0.9627 -0.2617
vn -0.0862 -0.9963 0.0049
vn -0.0839 -0.9902 -0.1119
vn 0.0028 -1.0000 -0.0034
vn -0.1624 -0.9867 0.0063
vn 0.0840 0.9945 -0.0631
vn 0.0688 0.9631 -0.2603
vn 1.0000 -0.0052 -0.0059
vn 0.9940 -0.1088 -0.0088
vn 0.9980 -0.0630 0.0004
vn 0.9971 -0.0754 -0.0079
vn -0.1314 0.9913 0.0071
vn 0.0684 -0.9874 -0.1425
vn 0.1364 -0.9809 -0.1386
vn -1.0000 -0.0031 -0.0053
vn -0.9936 -0.1124 -0.0107
vn -0.9971 -0.0762 -0.0079
vn -0.9978 -0.0659 0.0004
vn -0.0637 -0.9874 -0.1447
vn -0.1410 -0.9779 -0.1542
vn -0.0776 -0.9951 0.0620
vn 0.0808 -0.9944 0.0676
vn -1.0000 0.0042 -0.0061
vn -0.9940 0.1089 -0.0088
vn -0.9980 0.0630 0.0004
vn -0.9973 0.0728 -0.0071
vn 1.0000 0.0027 -0.0051
vn 0.9936 0.1125 -0.0107
vn 0.9973 0.0737 -0.0071
vn 0.9978 0.0660 0.0004
vn -0.0686 0.9872 -0.1441
vn -0.1362 0.9810 -0.1384
vn 0.1342 -0.9909 0.0095
vn 0.1857 -0.9743 -0.1272
vn 0.0630 0.9879 -0.1421
vn 0.0777 0.9949 0.0636
vn -0.0811 0.9945 0.0662
vn 0.1412 0.9780 -0.1532
vn -0.0340 0.0117 -0.9994
vn -0.0382 0.0347 -0.9987
vn -0.0225 0.0500 -0.9985
vn 0.0380 -0.0135 -0.9992
vn 0.0425 -0.0387 -0.9983
vn 0.1991 -0.5151 0.8337
vn 0.1857 -0.4127 0.8917
vn 0.0953 -0.5181 0.8500
vn 0.0125 0.0759 -0.9970
vn -0.1738 -0.0013 -0.9848
vn -0.0890 0.3256 -0.9413
vn 0.1811 0.4301 -0.8844
vn 0.9988 -0.0449 -0.0216
vn 0.9987 -0.0295 -0.0408
vn 0.9979 -0.0252 0.0596
vn 0.9979 -0.0563 0.0307
vn -0.9988 0.0448 -0.0218
vn -0.9987 0.0294 -0.0412
vn 0.9988 0.0064 0.0493
vn -0.9989 0.0079 0.0455
vn -0.9976 0.0598 0.0340
vn -0.9960 0.0293 -0.0840
vn -0.9956 0.0264 -0.0902
vn -0.0893 0.0002 0.9960
vn -0.1791 0.0002 0.9838
vn 0.1696 -0.2261 -0.9592
vn -0.0961 -0.9587 0.2679
vn -0.1868 -0.9823 0.0090
vn 0.1762 0.0003 -0.9843
vn 0.0871 -0.9914 -0.0977
vn 0.1786 -0.9804 -0.0836
vn 0.0897 -0.0005 0.9960
vn 0.1795 0.0008 0.9837
vn -0.0439 0.0352 -0.9984
vn -0.0243 0.0544 -0.9982
vn 0.0390 -0.0312 -0.9988
vn 0.0228 -0.0479 -0.9986
vn -0.0883 -0.9712 -0.2212
vn 0.0810 -0.9739 -0.2120
vn -0.0841 0.9738 -0.2114
vn 0.1020 0.7059 0.7009
vn 0.0878 -0.2397 0.9669
vn -0.0901 -0.2378 0.9671
vn 0.2352 0.8048 0.5449
vn 0.1719 0.9797 -0.1027
vn 0.1612 0.9869 0.0057
vn -0.1674 -0.9856 0.0234
vn -0.1910 -0.9770 -0.0944
vn -0.0950 -0.9899 -0.1054
vn -0.0002 -1.0000 0.0041
vn -0.0836 -0.9962 0.0261
vn -0.1533 0.9715 -0.1809
vn 0.0836 -0.9767 -0.1977
vn 0.1505 -0.9740 -0.1695
vn -0.9987 0.0335 -0.0385
vn -0.9994 0.0051 -0.0331
vn -0.9999 -0.0006 -0.0139
vn -0.9985 0.0503 -0.0210
vn -0.9978 -0.0649 -0.0102
vn -0.1710 -0.9656 -0.1960
vn -0.0875 -0.9730 -0.2138
vn 0.1697 0.9645 -0.2024
vn -0.0870 0.9913 -0.0988
vn -0.1785 0.9803 -0.0844
vn 0.0002 1.0000 0.0041
vn 0.1669 0.9857 0.0227
vn 0.1908 0.9770 -0.0953
vn 0.0948 0.9898 -0.1065
vn 0.0837 0.9961 0.0266
vn 0.9987 -0.0334 -0.0388
vn 0.9994 -0.0049 -0.0333
vn 0.9999 0.0006 -0.0141
vn 0.9985 -0.0503 -0.0212
vn 0.9978 0.0649 -0.0102
vn -0.0837 0.9763 -0.1996
vn -0.1504 0.9737 -0.1711
vn -0.1726 -0.9795 -0.1040
vn -0.1673 -0.9651 -0.2016
vn 0.1540 -0.9709 -0.1837
vn 0.0874 0.9725 -0.2158
vn 0.1705 0.9653 -0.1977
vn -0.9962 -0.0872 0.0010
vn 0.0884 0.2226 -0.9709
vn 0.9982 -0.0165 0.0581
vn -0.9976 0.0666 -0.0197
vn 0.1734 0.2236 -0.9591
vn -0.1726 0.2222 -0.9596
vn 0.1747 -0.2332 0.9566
vn -0.1805 -0.2316 0.9559
vn 0.9965 0.0833 0.0020
vn -0.1552 -0.9658 -0.2078
vn 0.1554 0.9660 -0.2065
vn -0.9961 0.0879 0.0016
vn 0.9961 -0.0881 0.0020
vt 0.622129 0.750000
vt 0.624506 0.751170
vt 0.625008 0.749503
vt 0.630054 0.748319
vt 0.664252 0.748531
vt 0.125005 0.749769
vt 0.125000 0.750000
vt 0.125000 0.748647
vt 0.624247 0.999997
vt 0.625000 1.000000
vt 0.622160 1.000000
vt 0.874949 0.505586
vt 0.874973 0.500039
vt 0.875000 0.501001
vt 0.369635 0.748856
vt 0.375318 0.749790
vt 0.374325 0.750020
vt 0.869725 0.748620
vt 0.874959 0.749722
vt 0.874305 0.750000
vt 0.374981 0.500903
vt 0.375000 0.500000
vt 0.374810 0.501695
vt 0.377892 0.749601
vt 0.375193 0.749805
vt 0.431602 0.750000
vt 0.518591 0.999972
vt 0.440197 1.000000
vt 0.377494 0.999997
vt 0.500016 0.750228
vt 0.517634 0.750029
vt 0.557471 0.750228
vt 0.438739 0.750228
vt 0.442578 0.756350
vt 0.399429 0.756330
vt 0.873772 0.749849
vt 0.875000 0.749736
vt 0.869192 0.741084
vt 0.374306 0.750000
vt 0.369976 0.748802
vt 0.335203 0.749378
vt 0.874772 0.692871
vt 0.868691 0.696914
vt 0.868783 0.618681
vt 0.442578 0.993902
vt 0.438744 0.999772
vt 0.399429 0.993916
vt 0.625330 0.500480
vt 0.630390 0.500075
vt 0.631063 0.500361
vt 0.125330 0.500428
vt 0.130620 0.500066
vt 0.131062 0.500322
vt 0.130037 0.748656
vt 0.125690 0.750000
vt 0.165561 0.747446
vt 0.869226 0.500074
vt 0.869345 0.500361
vt 0.374345 0.500000
vt 0.369516 0.500031
vt 0.500015 0.993611
vt 0.442186 0.756306
vt 0.442184 0.993897
vt 0.869947 0.505270
vt 0.874344 0.500000
vt 0.630364 0.505277
vt 0.619969 0.755219
vt 0.617162 0.750205
vt 0.625031 0.749749
vt 0.625000 0.750690
vt 0.625000 0.999307
vt 0.618297 0.994500
vt 0.630491 0.748639
vt 0.130419 0.748855
vt 0.868693 0.741265
vt 0.874772 0.741775
vt 0.868880 0.744069
vt 0.834566 0.748349
vt 0.832648 0.539727
vt 0.631286 0.619471
vt 0.625000 0.501056
vt 0.374773 0.692954
vt 0.368704 0.697221
vt 0.368787 0.617983
vt 0.125000 0.500946
vt 0.130053 0.505172
vt 0.131290 0.618782
vt 0.368680 0.741681
vt 0.374772 0.742190
vt 0.368880 0.744485
vt 0.381613 0.994512
vt 0.375000 0.999310
vt 0.375377 1.000000
vt 0.380076 0.755447
vt 0.375437 0.999982
vt 0.500000 0.750000
vt 0.382109 0.755359
vt 0.600636 0.756352
vt 0.618443 0.994488
vt 0.557862 0.756296
vt 0.500015 0.756097
vt 0.623689 0.749539
vt 0.559852 1.000000
vt 0.500000 1.000000
vt 0.631323 0.744051
vt 0.631195 0.741171
vt 0.369192 0.740451
vt 0.369535 0.505180
vt 0.167686 0.540475
vt 0.375000 0.739765
vt 0.131351 0.744485
vt 0.131188 0.741681
vt 0.874972 0.739204
vt 0.874772 0.738130
vt 0.625230 0.738197
vt 0.868844 0.738105
vt 0.625029 0.738860
vt 0.625000 0.738245
vt 0.625000 0.740917
vt 0.625005 0.732496
vt 0.631185 0.738096
vt 0.631106 0.732731
vt 0.868794 0.731936
vt 0.374971 0.739613
vt 0.374772 0.738542
vt 0.125029 0.739741
vt 0.125228 0.738714
vt 0.125228 0.742246
vt 0.125228 0.695246
vt 0.368821 0.738516
vt 0.125000 0.738364
vt 0.131215 0.738502
vt 0.131085 0.732335
vt 0.368777 0.732335
vt 0.369396 0.500272
vt 0.874658 0.500499
vt 0.617184 0.999788
vt 0.625000 0.999306
vt 0.602204 0.756285
vt 0.874752 0.505939
vt 0.375000 0.500890
vt 0.500016 0.999772
vt 0.559852 0.750000
vt 0.500016 0.756359
vt 0.500016 0.750229
vt 0.868431 0.506263
vt 0.500016 0.993866
vt 0.625000 0.500000
vt 0.625684 0.500000
vt 0.125000 0.500000
vt 0.125684 0.500000
vt 0.375362 0.998988
vt 0.557471 0.993842
vt 0.557471 0.756365
vt 0.125690 0.750000
vt 0.125040 0.749777
vt 0.875000 0.739359
vt 0.625248 0.506077
vt 0.631074 0.506170
vt 0.667373 0.540553
vt 0.631060 0.700093
vt 0.625051 0.505719
vt 0.368461 0.505334
vt 0.167375 0.540475
vt 0.125248 0.505975
vt 0.131074 0.506069
vt 0.131121 0.697221
vt 0.125051 0.505615
vt 0.557864 0.993873
vt 0.557471 0.999772
vt 0.874995 0.749708
s 1
usemtl cover.003
f 4811/3391/3628 4779/3392/3629 4754/3393/3630
f 4754/3393/3630 4779/3392/3629 4883/3394/3631
f 4883/3394/3631 4779/3392/3629 4827/3395/3632
f 4876/3396/3633 4803/3397/3634 4789/3398/3635
f 4851/3399/3636 4750/3400/3637 4810/3401/3638
f 4868/3402/3639 4752/3403/3640 4759/3404/3641
f 4790/3405/3642 4744/3406/3643 4768/3407/3644
f 4762/3408/3645 4741/3409/3646 4769/3410/3647
f 4872/3411/3648 4755/3412/3649 4793/3413/3650
f 4877/3414/3651 4753/3415/3652 4802/3416/3653
f 4853/3417/3654 4849/3418/3655 4876/3419/3633
f 4749/3420/3656 4854/3421/3657 4848/3422/3658
f 4800/3423/3659 4863/3424/3660 4807/3425/3661
f 4780/3426/3662 4750/3427/3663 4887/3428/3664
f 4777/3429/3665 4869/3430/3666 4844/3431/3667
f 4777/3429/3665 4753/3415/3668 4869/3430/3666
f 4830/3432/3669 4821/3433/3670 4897/3434/3671
f 4874/3435/3672 4801/3436/3673 4806/3437/3674
f 4747/3438/3675 4856/3439/3676 4766/3440/3677
f 4742/3441/3678 4858/3442/3679 4764/3443/3680
f 4892/3444/3681 4778/3445/3682 4836/3446/3683
f 4857/3447/3684 4765/3448/3685 4766/3440/3677
f 4774/3449/3686 4859/3450/3687 4858/3442/3679
f 4781/3451/3688 4873/3452/3689 4860/3453/3690
f 4861/3454/3691 4776/3455/3692 4786/3456/3693
f 4867/3457/3694 4809/3458/3695 4745/3459/3696 4770/3460/3697
f 4780/3461/3662 4779/3392/3629 4812/3462/3698
f 4769/3410/3647 4761/3463/3699 4762/3408/3645
f 4768/3407/3644 4791/3464/3700 4790/3405/3642
f 4827/3395/3632 4779/3392/3629 4780/3426/3662
f 4820/3465/3701 4829/3466/3702 4896/3467/3703
f 4828/3468/3704 4887/3428/3664 4787/3469/3705
f 4821/3433/3670 4894/3470/3706 4897/3434/3671
f 4785/3471/3707 4883/3394/3631 4786/3456/3693
f 4841/3472/3708 4838/3473/3709 4901/3474/3710
f 4797/3475/3711 4892/3444/3681 4870/3476/3712
f 4838/3473/3709 4898/3477/3713 4901/3474/3710
f 4837/3478/3714 4840/3479/3715 4900/3480/3716
f 4804/3481/3717 4777/3429/3665 4778/3482/3682
f 4778/3482/3682 4803/3483/3718 4804/3481/3717
f 4744/3406/3719 4875/3484/3720 4768/3407/3721
f 4801/3436/3722 4876/3419/3633 4740/3485/3723
f 4854/3421/3657 4802/3416/3653 4758/3486/3724
f 4805/3487/3725 4802/3416/3726 4753/3415/3668
f 4815/3488/3727 4867/3457/3694 4814/3489/3728
f 4862/3490/3729 4782/3491/3730 4781/3451/3688
f 4809/3458/3731 4852/3492/3732 4745/3459/3733
f 4853/3417/3654 4879/3493/3734 4757/3494/3735
f 4786/3456/3693 4827/3395/3632 4828/3468/3704
f 4895/3495/3736 4825/3496/3737 4820/3465/3701
f 4844/3431/3667 4891/3497/3738 4794/3498/3739
f 4794/3498/3739 4798/3499/3740 4844/3431/3667
f 4798/3499/3740 4836/3446/3683 4844/3431/3667
f 4869/3430/3666 4843/3500/3741 4891/3497/3738
f 4790/3405/3642 4899/3501/3742 4900/3480/3716
f 4899/3501/3742 4845/3502/3743 4837/3478/3714
f 4882/3503/3744 4831/3504/3745 4830/3432/3746
f 4831/3504/3745 4882/3503/3744 4829/3466/3747
f 4883/3394/3631 4823/3505/3748 4754/3393/3630
f 4883/3394/3631 4785/3471/3707 4823/3505/3748
f 4829/3466/3702 4822/3506/3749 4831/3504/3750
f 4885/3507/3751 4818/3508/3752 4817/3509/3753
f 4818/3508/3752 4885/3507/3751 4816/3510/3754
f 4826/3511/3755 4818/3508/3756 4886/3512/3757
f 4826/3511/3755 4884/3513/3758 4822/3506/3749
f 4888/3514/3759 4842/3515/3760 4841/3472/3761
f 4842/3515/3760 4888/3514/3759 4840/3479/3762
f 4889/3516/3763 4834/3517/3764 4833/3518/3765
f 4834/3517/3764 4889/3516/3763 4832/3519/3766
f 4840/3479/3715 4839/3520/3767 4842/3515/3768
f 4892/3444/3681 4835/3521/3769 4789/3398/3770
f 4892/3444/3681 4797/3475/3711 4835/3521/3769
f 4847/3522/3771 4893/3523/3772 4890/3524/3773
f 4847/3522/3771 4834/3517/3774 4893/3523/3772
f 4809/3458/3695 4867/3457/3694 4815/3488/3727
f 4859/3450/3687 4755/3412/3775 4746/3412/3776 4763/3525/3777
f 4857/3447/3684 4752/3403/3778 4743/3526/3779 4765/3448/3685
f 4859/3450/3687 4774/3449/3686 4755/3412/3775
f 4741/3400/3780 4808/3527/3781 4814/3489/3728 4769/3528/3782
f 4857/3447/3684 4776/3455/3783 4752/3403/3778
f 4758/3486/3784 4802/3416/3726 4873/3452/3689 4782/3491/3730
f 4811/3391/3628 4813/3529/3785 4779/3392/3629
f 4805/3487/3725 4873/3452/3689 4802/3416/3726
f 4780/3461/3662 4812/3462/3698 4810/3401/3786 4750/3400/3663
f 4868/3402/3639 4760/3530/3787 4743/3526/3788 4752/3403/3640
f 4808/3527/3789 4741/3400/3790 4851/3399/3636
f 4872/3411/3648 4792/3531/3791 4746/3412/3792 4755/3412/3649
f 4876/3419/3633 4801/3436/3722 4748/3532/3793 4853/3417/3654
f 4800/3423/3794 4744/3406/3795 4877/3414/3651
f 4852/3492/3732 4809/3458/3731 4848/3422/3658 4854/3421/3657
f 4853/3417/3654 4757/3494/3735 4849/3418/3655
f 4876/3419/3633 4849/3418/3655 4803/3483/3634
f 4811/3391/3796 4852/3492/3732 4854/3421/3657 4850/3533/3797
f 4854/3421/3657 4758/3486/3724 4850/3533/3797
f 4771/3534/3798 4863/3424/3660 4800/3423/3659 4749/3535/3799
f 4849/3418/3800 4860/3453/3690 4804/3481/3717 4803/3483/3718
f 4761/3463/3699 4770/3460/3801 4745/3459/3802
f 4757/3494/3803 4781/3451/3688 4860/3453/3690 4849/3418/3800
f 4897/3434/3671 4784/3536/3804 4760/3530/3805 4830/3432/3669
f 4828/3468/3704 4780/3426/3662 4887/3428/3664
f 4801/3436/3673 4874/3435/3672 4772/3537/3806 4748/3532/3807
f 4756/3538/3808 4775/3539/3809 4856/3439/3676 4747/3438/3675
f 4751/3540/3810 4773/3541/3811 4858/3442/3679 4742/3441/3678
f 4778/3445/3682 4892/3444/3681 4789/3398/3770 4803/3397/3718
f 4857/3447/3684 4856/3439/3676 4775/3539/3809 4776/3455/3783
f 4856/3439/3676 4857/3447/3684 4766/3440/3677
f 4763/3525/3777 4764/3443/3680 4858/3442/3679 4859/3450/3687
f 4773/3541/3811 4774/3449/3686 4858/3442/3679
f 4805/3487/3725 4804/3481/3717 4860/3453/3690 4873/3452/3689
f 4870/3476/3712 4794/3498/3739 4774/3449/3812 4773/3541/3813
f 4781/3451/3688 4782/3491/3730 4873/3452/3689
f 4787/3469/3705 4861/3454/3691 4786/3456/3693
f 4776/3455/3692 4775/3539/3814 4786/3456/3693
f 4807/3425/3661 4806/3437/3674 4767/3542/3815 4875/3484/3720
f 4794/3498/3739 4870/3476/3712 4798/3499/3740
f 4812/3462/3698 4779/3392/3629 4813/3529/3785
f 4815/3488/3727 4814/3489/3728 4866/3543/3816 4881/3544/3817
f 4767/3542/3815 4768/3407/3721 4875/3484/3720
f 4769/3410/3647 4770/3460/3801 4761/3463/3699
f 4768/3407/3644 4767/3545/3815 4791/3464/3700
f 4881/3544/3817 4866/3543/3816 4772/3537/3806 4771/3534/3798
f 4741/3409/3646 4762/3408/3645 4896/3467/3703 4829/3466/3702
f 4791/3464/3700 4767/3545/3815 4740/3546/3818
f 4828/3468/3704 4827/3395/3632 4780/3426/3662
f 4759/3404/3819 4861/3454/3691 4887/3428/3664 4819/3547/3820
f 4787/3469/3705 4887/3428/3664 4861/3454/3691
f 4894/3470/3706 4816/3510/3821 4783/3548/3822 4864/3549/3823
f 4788/3550/3824 4784/3536/3804 4897/3434/3671 4894/3470/3706
f 4864/3549/3823 4788/3550/3824 4894/3470/3706
f 4816/3510/3821 4894/3470/3706 4824/3551/3825
f 4775/3539/3814 4756/3538/3826 4785/3471/3707 4786/3456/3693
f 4821/3433/3670 4824/3551/3825 4894/3470/3706
f 4786/3456/3693 4883/3394/3631 4827/3395/3632
f 4760/3530/3805 4784/3536/3804 4765/3448/3827 4743/3526/3828
f 4756/3538/3829 4747/3438/3830 4855/3552/3831 4785/3471/3832
f 4747/3438/3830 4783/3548/3833 4855/3552/3831
f 4783/3548/3822 4747/3438/3834 4766/3440/3835 4864/3549/3823
f 4759/3404/3819 4752/3403/3836 4776/3455/3692 4861/3454/3691
f 4876/3396/3633 4889/3516/3763 4833/3518/3765 4740/3546/3723
f 4766/3440/3835 4765/3448/3827 4784/3536/3804 4864/3549/3823
f 4889/3516/3763 4876/3396/3633 4789/3398/3635
f 4901/3474/3710 4799/3553/3837 4792/3531/3838 4841/3472/3708
f 4784/3536/3804 4788/3550/3824 4864/3549/3823
f 4887/3428/3664 4750/3427/3663 4819/3547/3820
f 4778/3445/3682 4777/3429/3665 4844/3431/3667 4836/3446/3683
f 4836/3446/3683 4798/3499/3740 4870/3476/3712 4892/3444/3681
f 4795/3554/3839 4799/3553/3837 4901/3474/3710 4898/3477/3713
f 4898/3477/3713 4832/3519/3840 4796/3555/3841 4865/3556/3842
f 4838/3473/3709 4846/3557/3843 4898/3477/3713
f 4751/3540/3844 4742/3441/3845 4871/3558/3846 4797/3475/3847
f 4865/3556/3842 4795/3554/3839 4898/3477/3713
f 4832/3519/3840 4898/3477/3713 4846/3557/3843
f 4742/3441/3845 4796/3555/3848 4871/3558/3846
f 4792/3531/3838 4799/3553/3837 4763/3525/3849 4746/3412/3850
f 4793/3413/3851 4755/3412/3852 4774/3449/3812 4794/3498/3739
f 4773/3541/3813 4751/3540/3853 4797/3475/3711 4870/3476/3712
f 4764/3443/3854 4763/3525/3849 4799/3553/3837 4865/3556/3842
f 4796/3555/3841 4742/3441/3855 4764/3443/3854 4865/3556/3842
f 4799/3553/3837 4795/3554/3839 4865/3556/3842
f 4744/3406/3643 4790/3405/3642 4900/3480/3716 4840/3479/3715
f 4877/3414/3651 4744/3406/3795 4840/3479/3762 4888/3514/3759
f 4753/3415/3652 4877/3414/3651 4888/3514/3759 4843/3500/3856
f 4771/3534/3798 4772/3537/3806 4874/3435/3672 4863/3424/3660
f 4863/3424/3660 4874/3435/3672 4806/3437/3674 4807/3425/3661
f 4740/3485/3818 4767/3542/3815 4806/3437/3674 4801/3436/3673
f 4804/3481/3717 4805/3487/3725 4777/3429/3665
f 4807/3425/3661 4875/3484/3720 4744/3406/3719 4800/3423/3659
f 4877/3414/3651 4854/3421/3657 4749/3420/3656 4800/3423/3794
f 4770/3460/3697 4769/3528/3782 4814/3489/3728 4867/3457/3694
f 4854/3421/3657 4877/3414/3651 4802/3416/3653
f 4777/3429/3665 4805/3487/3725 4753/3415/3668
f 4862/3490/3729 4880/3559/3857 4812/3462/3698 4813/3529/3785
f 4880/3559/3857 4862/3490/3729 4781/3451/3688
f 4851/3399/3636 4853/3417/3654 4878/3560/3858 4808/3527/3789
f 4852/3492/3732 4811/3391/3796 4754/3393/3859
f 4748/3532/3793 4878/3560/3858 4853/3417/3654
f 4810/3401/3638 4879/3493/3734 4853/3417/3654 4851/3399/3636
f 4880/3559/3857 4781/3451/3688 4757/3494/3803 4879/3493/3860
f 4812/3462/3698 4880/3559/3857 4879/3493/3860 4810/3401/3786
f 4862/3490/3729 4850/3533/3861 4758/3486/3784 4782/3491/3730
f 4813/3529/3785 4811/3391/3628 4850/3533/3861 4862/3490/3729
f 4808/3527/3781 4878/3560/3862 4866/3543/3816 4814/3489/3728
f 4878/3560/3862 4748/3532/3807 4772/3537/3806 4866/3543/3816
f 4771/3534/3798 4749/3535/3799 4848/3422/3863 4881/3544/3817
f 4881/3544/3817 4848/3422/3863 4809/3458/3695 4815/3488/3727
f 4868/3402/3639 4882/3503/3744 4830/3432/3746 4760/3530/3787
f 4819/3547/3864 4882/3503/3744 4868/3402/3639 4759/3404/3641
f 4745/3459/3802 4817/3509/3865 4895/3495/3736 4761/3463/3699
f 4787/3469/3705 4786/3456/3693 4828/3468/3704
f 4825/3496/3737 4895/3495/3736 4817/3509/3865
f 4855/3552/3831 4783/3548/3833 4816/3510/3754 4885/3507/3751
f 4851/3561/3636 4741/3409/3790 4829/3466/3747 4882/3503/3744
f 4855/3552/3831 4885/3507/3751 4785/3471/3832
f 4750/3427/3637 4851/3561/3636 4882/3503/3744 4819/3547/3864
f 4895/3495/3736 4896/3467/3703 4762/3408/3645 4761/3463/3699
f 4896/3467/3703 4895/3495/3736 4820/3465/3701
f 4793/3413/3851 4794/3498/3739 4891/3497/3738 4843/3500/3741
f 4740/3546/3818 4833/3518/3866 4899/3501/3742 4791/3464/3700
f 4845/3502/3743 4899/3501/3742 4833/3518/3866
f 4872/3411/3648 4888/3514/3759 4841/3472/3761 4792/3531/3791
f 4843/3500/3856 4888/3514/3759 4872/3411/3648 4793/3413/3650
f 4871/3558/3846 4796/3555/3848 4832/3519/3766 4889/3516/3763
f 4844/3431/3667 4869/3430/3666 4891/3497/3738
f 4869/3430/3666 4753/3415/3668 4843/3500/3741
f 4900/3480/3716 4899/3501/3742 4837/3478/3714
f 4790/3405/3642 4791/3464/3700 4899/3501/3742
f 4830/3432/3669 4831/3504/3750 4884/3513/3758 4821/3433/3670
f 4871/3558/3846 4889/3516/3763 4797/3475/3847
f 4829/3466/3702 4820/3465/3701 4822/3506/3749
f 4822/3506/3749 4884/3513/3758 4831/3504/3750
f 4826/3511/3755 4825/3496/3737 4817/3509/3865 4818/3508/3756
f 4754/3393/3859 4823/3505/3867 4885/3507/3751
f 4885/3507/3751 4823/3505/3867 4785/3471/3832
f 4816/3510/3821 4824/3551/3825 4886/3512/3757 4818/3508/3756
f 4822/3506/3749 4820/3465/3701 4825/3496/3737 4826/3511/3755
f 4821/3433/3670 4884/3513/3758 4886/3512/3757 4824/3551/3825
f 4826/3511/3755 4886/3512/3757 4884/3513/3758
f 4841/3472/3708 4842/3515/3768 4890/3524/3773 4838/3473/3709
f 4789/3398/3635 4835/3521/3868 4889/3516/3763
f 4889/3516/3763 4835/3521/3868 4797/3475/3847
f 4840/3479/3715 4837/3478/3714 4839/3520/3767
f 4839/3520/3767 4890/3524/3773 4842/3515/3768
f 4847/3522/3771 4839/3520/3767 4837/3478/3714 4845/3502/3743
f 4846/3557/3843 4838/3473/3709 4890/3524/3773 4893/3523/3772
f 4839/3520/3767 4847/3522/3771 4890/3524/3773
f 4847/3522/3771 4845/3502/3743 4833/3518/3866 4834/3517/3774
f 4832/3519/3840 4846/3557/3843 4893/3523/3772 4834/3517/3774
f 4852/3492/3732 4885/3507/3751 4817/3509/3753 4745/3459/3733
f 4885/3507/3751 4852/3492/3732 4754/3393/3859
o Cube.021
v -1.934094 -0.677364 0.523796
v -1.825505 -0.405271 0.523872
v -1.933762 -0.678504 -0.493816
v -1.824399 -0.404473 -0.493816
v -0.831613 -1.117353 0.524153
v -0.723024 -0.845260 0.524229
v -0.832722 -1.117918 -0.493959
v -0.723359 -0.843887 -0.493959
v -1.879840 -0.541420 0.560221
v -1.879162 -0.541691 -0.458197
v -0.778122 -0.981105 -0.458339
v -0.777359 -0.981409 0.560221
v -1.835925 -0.431382 0.534976
v -1.835246 -0.431653 -0.483441
v -0.734206 -0.871066 -0.483584
v -0.733444 -0.871370 0.534976
v -1.923238 -0.652135 -0.483750
v -0.822198 -1.091548 -0.483893
v -0.821436 -1.091852 0.534667
v -1.923917 -0.651863 0.534667
v -0.722597 -0.844191 0.352370
v -0.831960 -1.118222 0.352370
v -0.722597 -0.844191 -0.319308
v -0.832017 -1.118199 -0.469574
v -0.858299 -1.107710 -0.494733
v -0.748891 -0.833696 -0.494729
v -0.803657 -0.970955 -0.459111
v -0.759910 -0.861126 -0.484257
v -0.847772 -1.081650 -0.484760
v -1.748758 -0.752338 -0.494800
v -1.852841 -0.552176 -0.459133
v -1.808888 -0.442039 -0.484418
v -1.896825 -0.662523 -0.484639
v -1.825078 -0.404202 -0.319015
v -1.934394 -0.678252 -0.469014
v -1.825078 -0.404202 0.351064
v -1.934397 -0.678123 0.500207
v -1.827463 -0.410179 0.526738
v -1.909616 -0.688141 -0.494677
v -0.722651 -0.844326 0.501241
v -0.829807 -1.112828 0.526561
v -1.905002 -0.604467 0.550684
v -1.854081 -0.478847 -0.467521
v -0.753041 -0.918261 -0.467664
v -0.752279 -0.918565 0.550896
v -1.879691 -0.541298 -0.432345
v -1.854760 -0.478576 0.550896
v -0.724982 -0.850168 0.526784
v -1.824993 -0.404236 -0.470575
v -1.904323 -0.604738 -0.467734
v -0.803283 -1.044151 -0.467876
v -0.802521 -1.044456 0.550684
v -1.932288 -0.672839 0.526516
v -0.831916 -1.118111 0.501231
v -0.785506 -1.001544 -0.435890
v -0.722692 -0.844153 -0.470937
v -0.778656 -0.908113 -0.468420
v -0.828794 -1.034044 -0.468663
v -1.800253 -0.414110 -0.494677
v -1.877951 -0.615226 -0.468662
v -1.827754 -0.489323 -0.468464
v -1.934441 -0.678234 0.351064
v -1.825132 -0.404338 0.500217
v -0.752374 -0.918527 -0.444948
v -1.639409 -0.478301 -0.494800
vn 0.9288 -0.3707 -0.0000
vn -0.9286 0.3709 -0.0119
vn -0.7209 0.2886 -0.6300
vn -0.6536 0.4152 -0.6328
vn -0.9288 0.3706 -0.0003
vn -0.9266 0.3757 -0.0174
vn -0.6167 0.4717 -0.6303
vn -0.5219 0.4780 -0.7065
vn 0.9287 -0.3708 -0.0004
vn 0.7171 -0.2868 -0.6352
vn 0.9293 -0.3691 -0.0146
vn 0.7582 -0.1472 -0.6352
vn 0.9309 -0.3648 -0.0194
vn 0.7700 -0.0806 -0.6329
vn 0.7052 -0.0107 -0.7090
vn 0.1079 0.3155 -0.9428
vn 0.1030 0.2995 -0.9485
vn 0.1241 0.3111 -0.9422
vn -0.9288 0.3707 -0.0000
vn -0.9307 0.3654 -0.0176
vn -0.7075 0.0126 -0.7066
vn -0.7718 0.0826 -0.6305
vn 0.0944 0.1995 -0.9753
vn 0.0136 -0.0039 -0.9999
vn 0.1300 0.2897 -0.9483
vn 0.6149 -0.4722 -0.6316
vn 0.6531 -0.4135 -0.6344
vn -0.0683 -0.2080 -0.9757
vn -0.1050 -0.2991 -0.9484
vn -0.7596 0.1498 -0.6329
vn 0.5188 -0.4776 -0.7090
vn -0.1117 -0.3155 -0.9423
vn 0.1362 0.3059 -0.9423
vn 0.9262 -0.3767 -0.0192
vn 0.9275 -0.3736 -0.0158
vn -0.0960 -0.1971 -0.9757
vn -0.1315 -0.2880 -0.9486
vn -0.0149 0.0073 -0.9999
vn 0.0667 0.2104 -0.9753
vn -0.1241 -0.3109 -0.9423
vn -0.1390 -0.3033 -0.9427
vn -0.9288 0.3706 -0.0000
vt 0.750466 0.285768
vt 0.750855 0.285768
vt 0.751244 0.294686
vt 0.751244 0.285768
vt 0.751244 0.290227
vt 0.414034 0.473660
vt 0.417874 0.473557
vt 0.417874 0.559839
vt 0.751244 0.383983
vt 0.751244 0.473280
vt 0.416599 0.286933
vt 0.417428 0.660651
vt 0.417874 0.624703
vt 0.417932 0.660792
vt 0.751244 0.653537
vt 0.751244 0.657164
vt 0.750855 0.660792
vt 0.585681 0.286903
vt 0.750466 0.660792
vt 0.584610 0.473557
vt 0.588425 0.500677
vt 0.584610 0.559839
vt 0.585020 0.660653
vt 0.584610 0.624703
vt 0.584588 0.660792
vt 0.418240 0.660792
vt 0.421999 0.624703
vt 0.418547 0.660792
vt 0.251276 0.285768
vt 0.251842 0.285768
vt 0.251276 0.290227
vt 0.252409 0.285768
vt 0.251276 0.294686
vt 0.251276 0.383983
vt 0.251276 0.473280
vt 0.251276 0.657164
vt 0.251276 0.653537
vt 0.251842 0.660792
vt 0.417438 0.285890
vt 0.417932 0.285768
vt 0.417874 0.322965
vt 0.751244 0.563409
vt 0.580638 0.559839
vt 0.580632 0.473557
vt 0.580640 0.624703
vt 0.584610 0.322965
vt 0.584610 0.387553
vt 0.580622 0.387553
vt 0.580621 0.322965
vt 0.417874 0.387553
vt 0.584588 0.285768
vt 0.584239 0.285768
vt 0.584239 0.660792
vt 0.751244 0.660792
vt 0.585012 0.285890
vt 0.588425 0.387553
vt 0.421992 0.387553
vt 0.421992 0.322965
vt 0.421992 0.473557
vt 0.421999 0.559839
vt 0.418548 0.285768
vt 0.418240 0.285768
vt 0.252409 0.660792
vt 0.251276 0.563408
vt 0.251276 0.660792
s 1
usemtl pages.003
f 4922/3562/3869 4941/3563/3869 4917/3564/3869
f 4941/3563/3869 4907/3565/3869 4949/3566/3869
f 4947/3567/3870 4911/3568/3871 4951/3569/3872
f 4922/3562/3869 4946/3570/3869 4913/3571/3869
f 4922/3562/3869 4917/3564/3869 4946/3570/3869
f 4935/3572/3873 4947/3567/3870 4936/3573/3874
f 4936/3573/3874 4918/3574/3875 4904/3575/3876
f 4920/3576/3869 4942/3577/3869 4955/3578/3869
f 4924/3579/3877 4922/3562/3869 4923/3580/3869
f 4912/3581/3878 4956/3582/3879 4952/3583/3880
f 4956/3582/3879 4924/3579/3877 4925/3584/3881
f 4919/3585/3882 4925/3584/3881 4908/3586/3883
f 4940/3587/3884 4934/3588/3885 4931/3589/3886
f 4903/3590/3887 4964/3591/3887 4939/3592/3887
f 4964/3591/3887 4937/3593/3887 4914/3594/3887
f 4914/3594/3887 4937/3593/3887 4948/3595/3887
f 4948/3595/3887 4937/3593/3887 4910/3596/3887
f 4954/3597/3887 4921/3598/3887 4938/3599/3887
f 4950/3600/3888 4905/3601/3889 4915/3602/3890
f 4953/3603/3869 4923/3580/3869 4922/3562/3869 4913/3571/3869
f 4917/3564/3869 4941/3563/3869 4949/3566/3869
f 4923/3580/3869 4953/3603/3869 4920/3576/3869
f 4952/3583/3880 4959/3604/3891 4928/3605/3892 4912/3581/3878
f 4919/3585/3882 4930/3606/3893 4959/3604/3891 4952/3583/3880
f 4951/3569/3872 4918/3574/3875 4936/3573/3874 4947/3567/3870
f 4916/3607/3894 4945/3608/3895 4958/3609/3896 4929/3610/3897
f 4945/3608/3895 4912/3581/3878 4928/3605/3892 4958/3609/3896
f 4944/3611/3898 4947/3567/3870 4950/3600/3888 4915/3602/3890
f 4909/3612/3899 4916/3607/3894 4929/3610/3897 4927/3613/3900
f 4935/3572/3873 4950/3600/3888 4947/3567/3870
f 4908/3586/3883 4926/3614/3901 4930/3606/3893 4919/3585/3882
f 4947/3567/3870 4944/3611/3898 4911/3568/3871
f 4925/3584/3881 4919/3585/3882 4952/3583/3880 4956/3582/3879
f 4923/3580/3869 4920/3576/3869 4955/3578/3869
f 4955/3578/3869 4942/3577/3869 4906/3615/3869
f 4925/3584/3881 4924/3579/3877 4923/3580/3869
f 4916/3607/3894 4909/3612/3899 4957/3616/3902
f 4965/3617/3903 4956/3582/3879 4912/3581/3878 4945/3608/3895
f 4957/3616/3902 4965/3617/3903 4945/3608/3895 4916/3607/3894
f 4926/3614/3901 4931/3589/3886 4934/3588/3885 4930/3606/3893
f 4965/3617/3903 4957/3616/3902 4924/3579/3877
f 4956/3582/3879 4965/3617/3903 4924/3579/3877
f 4958/3609/3896 4962/3618/3904 4933/3619/3905 4929/3610/3897
f 4928/3605/3892 4932/3620/3906 4962/3618/3904 4958/3609/3896
f 4959/3604/3891 4961/3621/3907 4932/3620/3906 4928/3605/3892
f 4930/3606/3893 4934/3588/3885 4961/3621/3907 4959/3604/3891
f 4929/3610/3897 4933/3619/3905 4966/3622/3908 4927/3613/3900
f 4933/3619/3905 4915/3602/3890 4905/3601/3889 4960/3623/3909
f 4961/3621/3907 4934/3588/3885 4918/3574/3875 4951/3569/3872
f 4960/3623/3909 4966/3622/3908 4933/3619/3905
f 4932/3620/3906 4961/3621/3907 4951/3569/3872 4911/3568/3871
f 4932/3620/3906 4911/3568/3871 4944/3611/3898 4962/3618/3904
f 4962/3618/3904 4944/3611/3898 4915/3602/3890 4933/3619/3905
f 4934/3588/3885 4940/3587/3884 4904/3575/3876 4918/3574/3875
f 4937/3593/3887 4963/3624/3910 4943/3625/3887 4910/3596/3887
f 4963/3624/3910 4935/3572/3873 4936/3573/3874
f 4937/3593/3887 4935/3572/3873 4963/3624/3910
f 4939/3592/3887 4964/3591/3887 4914/3594/3887
f 4921/3598/3887 4943/3625/3887 4963/3624/3910
f 4902/3626/3887 4954/3597/3887 4938/3599/3887
f 4938/3599/3887 4921/3598/3887 4963/3624/3910
o Cube.022
v -1.962257 -0.695962 0.542921
v -1.833004 -0.372093 0.541799
v -1.962753 -0.698014 -0.522930
v -1.831337 -0.369417 -0.522468
v -0.823993 -1.150229 0.542924
v -0.694741 -0.826360 0.541796
v -0.825702 -1.153009 -0.522702
v -0.694290 -0.824427 -0.522724
v -1.897646 -0.534055 0.589048
v -0.759375 -0.988327 0.589048
v -1.841101 -0.392394 0.526392
v -1.955521 -0.680586 -0.522729
v -1.838505 -0.386834 -0.522822
v -0.815902 -1.129936 0.527431
v -0.702719 -0.846216 0.525601
v -0.818524 -1.135564 -0.523017
v -0.701517 -0.841839 -0.522498
v -1.897647 -0.534058 0.565981
v -0.759375 -0.988330 0.565981
v -1.840334 -0.390634 -0.499339
v -1.830716 -0.366523 -0.499369
v -0.720677 -0.810067 0.541308
v -1.804086 -0.377853 0.540779
v -0.850963 -1.146019 -0.523263
v -1.938000 -0.712470 -0.523288
v -1.806038 -0.376421 -0.523098
v -0.719043 -0.809954 -0.523126
v -1.936399 -0.710333 0.547200
v -0.853570 -1.143136 0.546629
v -1.803470 -0.379262 0.546306
v -0.720143 -0.811915 0.546313
v -0.787375 -0.977254 0.594536
v -1.870616 -0.544570 0.594341
v -1.929558 -0.687830 -0.523305
v -0.843269 -1.121109 -0.523302
v -0.727479 -0.834593 -0.523145
v -1.813751 -0.401323 -0.523142
v -0.841656 -1.113522 0.523838
v -1.925222 -0.681182 0.524084
v -0.732350 -0.841410 0.524446
v -1.815069 -0.408674 0.523255
v -1.869376 -0.545214 0.560494
v -0.786388 -0.977888 0.560692
v -0.692569 -0.820674 -0.498784
v -1.800532 -0.372246 -0.498125
v -0.702286 -0.844876 -0.499094
v -0.732611 -0.839243 -0.498663
v -1.644904 -0.476108 -0.356114
v -0.882552 -0.738561 -0.352442
v -1.954375 -0.676334 0.522493
v -0.853501 -1.144492 0.541460
v -1.936727 -0.712061 0.542756
v -0.826323 -1.155904 -0.499803
v -0.816704 -1.131791 -0.499760
v -0.842643 -1.114904 -0.499059
v -1.774476 -0.783871 -0.352773
v -1.964470 -0.701753 -0.499219
v -1.954752 -0.677548 -0.499517
v -1.758670 -0.748377 -0.353624
v -0.856510 -1.150180 -0.498558
v -0.791204 -1.068121 0.576003
v -1.929497 -0.613834 0.576006
v -0.788344 -1.060903 0.554451
v -1.953594 -0.674281 0.528871
v -1.921467 -0.674344 0.528141
v -0.838426 -1.106873 0.528121
v -1.923823 -0.677243 0.561552
v -0.841080 -1.112211 0.560791
v -1.836916 -0.381887 0.548306
v -0.698644 -0.836167 0.548308
v -1.843879 -0.399337 0.531432
v -0.705704 -0.853841 0.531590
v -1.818212 -0.415409 0.527936
v -0.743264 -0.867342 0.535224
v -1.806885 -0.386453 0.551106
v -0.733831 -0.843181 0.561164
v -0.694766 -0.826547 0.302593
v -0.695047 -0.827152 0.504005
v -0.697378 -0.833078 0.486873
v -1.841303 -0.392800 0.493131
v -1.804035 -0.380031 0.502659
v -1.803531 -0.378801 0.310866
v -1.807694 -0.386412 0.486020
v -0.703186 -0.847586 0.486899
v -0.719788 -0.811554 0.309229
v -0.720867 -0.812407 0.502729
v -0.723019 -0.819167 0.486273
v -0.896289 -0.774900 0.518960
v -1.643576 -0.476662 0.518773
v -1.833285 -0.372880 0.503718
v -1.832950 -0.371916 0.293789
v -1.835795 -0.378929 0.486059
v -1.962269 -0.695870 0.303861
v -1.961987 -0.695262 0.505773
v -1.959657 -0.689338 0.488621
v -1.953852 -0.674837 0.488649
v -1.762784 -0.746720 0.519898
v -0.853056 -1.142350 0.504342
v -0.853449 -1.143652 0.310954
v -0.849475 -1.135993 0.487866
v -0.823749 -1.149533 0.505478
v -0.824086 -1.150501 0.295025
v -0.821239 -1.143486 0.487806
v -0.815735 -1.129622 0.494867
v -1.014558 -1.045316 0.519924
v -1.936337 -0.709965 0.504740
v -1.937059 -0.710897 0.314167
v -1.934054 -0.703211 0.487969
v -0.729604 -0.913728 0.577060
v -1.923701 -0.599341 0.556048
v -0.733315 -0.923028 0.556029
v -1.837927 -0.382136 0.535899
v -0.698090 -0.837043 0.535967
v -1.889217 -0.510787 0.577792
v -0.749934 -0.966816 0.577898
v -0.696595 -0.833115 -0.496667
v -0.724857 -0.821623 -0.524139
v -1.806074 -0.390302 -0.524185
v -1.931018 -0.701185 -0.524230
v -0.849647 -1.132580 -0.524191
v -1.895794 -0.607629 0.551302
v -1.815884 -0.406511 -0.499558
v -0.762066 -0.914311 0.551070
v -0.817997 -1.054106 0.582051
v -0.717574 -0.804469 -0.499387
v -1.939465 -0.717958 -0.499808
v -1.839802 -0.467681 0.581773
v -0.722417 -0.817979 0.550198
v -1.836306 -0.378263 -0.497274
v -0.840271 -1.115622 0.520174
v -1.926184 -0.682889 -0.499968
v -1.960443 -0.689310 -0.497101
v -0.820732 -1.144163 -0.497710
v -0.812470 -1.040469 0.551006
v -1.901303 -0.620990 0.582025
v -0.851257 -1.137570 0.550107
v -1.958535 -0.684281 0.539765
v -0.818648 -1.139199 0.539657
v -1.867875 -0.459456 0.577060
v -1.871586 -0.468756 0.556029
v -1.845184 -0.481123 0.551074
v -0.756769 -0.900486 0.582100
v -1.838914 -0.384700 0.490390
v -0.730000 -0.840540 0.518367
v -1.806079 -0.383824 0.460049
v -0.699097 -0.839495 0.490849
v -0.722018 -0.816469 0.458222
v -1.818391 -0.406219 0.494661
v -0.818121 -1.137718 0.492132
v -1.957939 -0.682923 0.492597
v -0.851052 -1.138608 0.461025
v -0.838200 -1.116309 0.493110
v -1.927042 -0.681877 0.519722
v -1.935190 -0.705731 0.461755
v -0.719065 -0.806991 -0.013881
v -0.720652 -0.810181 0.518078
v -1.804213 -0.378008 0.517202
v -1.802322 -0.374550 -0.044190
v -1.937973 -0.715429 -0.013395
v -1.936381 -0.712233 0.519854
v -0.852821 -1.144405 0.518974
v -0.854716 -1.147871 -0.043800
vn -0.0030 -0.4798 -0.8774
vn -0.1745 -0.7314 -0.6592
vn -0.1546 -0.8903 -0.4282
vn -0.2702 -0.9575 -0.1009
vn -0.3686 -0.9256 -0.0863
vn -0.9366 0.3489 0.0329
vn -0.9134 0.4049 -0.0426
vn -0.8900 0.4560 -0.0036
vn -0.9215 0.3883 0.0099
vn -0.9502 0.3109 -0.0207
vn -0.9364 0.3410 -0.0827
vn -0.9306 0.3656 -0.0153
vn -0.9269 0.3737 -0.0357
vn -0.9518 0.3064 -0.0124
vn -0.2798 -0.9536 0.1111
vn -0.1870 -0.9823 0.0087
vn -0.2878 -0.9272 0.2396
vn 0.2775 0.9557 0.0979
vn 0.1893 0.9819 0.0069
vn 0.2962 0.9329 0.2050
vn 0.9306 -0.3656 -0.0155
vn 0.9270 -0.3734 -0.0360
vn 0.9518 -0.3064 -0.0125
vn 0.9191 -0.3926 0.0327
vn 0.9496 -0.3125 -0.0232
vn 0.9075 -0.2951 -0.2990
vn -0.9269 0.3744 0.0267
vn -0.8576 0.4107 -0.3095
vn 0.9256 -0.3753 0.0497
vn 0.9300 -0.3667 0.0260
vn 0.9335 -0.3540 0.0576
vn 0.0726 -0.2930 0.9534
vn -0.0075 -0.2467 0.9691
vn -0.0338 -0.3585 0.9329
vn -0.4141 -0.7678 -0.4889
vn -0.5045 -0.7249 -0.4690
vn -0.4527 -0.8916 -0.0078
vn 0.3684 0.6769 -0.6373
vn 0.4655 0.8749 -0.1336
vn 0.3700 0.9250 -0.0861
vn 0.4645 0.6892 -0.5561
vn 0.2123 0.9770 0.0212
vn 0.2903 0.9566 0.0269
vn 0.2731 0.9619 0.0084
vn -0.1640 -0.1828 0.9694
vn -0.2537 -0.1641 0.9533
vn -0.2216 -0.2856 0.9324
vn 0.0333 -0.0236 -0.9992
vn 0.0167 -0.0022 -0.9999
vn 0.0405 0.0663 -0.9970
vn -0.0296 0.0212 -0.9993
vn -0.0138 0.0018 -0.9999
vn -0.0373 -0.0601 -0.9975
vn 0.2736 0.9522 -0.1358
vn 0.1890 0.7580 -0.6243
vn 0.3680 0.9258 -0.0861
vn -0.0124 0.0048 -0.9999
vn -0.0038 0.0617 -0.9981
vn 0.0345 0.0582 -0.9977
vn 0.0124 -0.0038 -0.9999
vn -0.0821 0.0319 -0.9961
vn 0.1669 0.1676 -0.9716
vn 0.0019 0.2385 -0.9711
vn -0.4482 -0.8871 -0.1105
vn -0.4405 -0.8710 -0.2177
vn -0.2888 -0.9512 -0.1088
vn 0.2527 0.3802 0.8897
vn 0.3268 0.3165 0.8905
vn 0.3752 0.4014 0.8355
vn 0.2827 0.4433 0.8506
vn -0.2419 -0.3566 -0.9024
vn 0.4440 0.8863 0.1315
vn -0.4466 -0.8773 0.1760
vn 0.2928 0.9191 -0.2638
vn 0.2174 0.9543 -0.2051
vn 0.2866 0.9560 -0.0624
vn -0.3708 -0.9275 -0.0471
vn -0.3725 -0.9280 -0.0034
vn 0.4662 0.8846 0.0088
vn -0.2024 -0.9750 -0.0920
vn -0.2121 -0.9770 0.0213
vn -0.2904 -0.9565 0.0268
vn -0.2731 -0.9619 0.0084
vn 0.2022 0.9750 -0.0919
vn 0.2867 0.9518 -0.1088
vn -0.4662 -0.8846 0.0088
vn -0.2928 -0.9191 -0.2638
vn -0.2166 -0.9545 -0.2048
vn -0.2849 -0.9564 -0.0645
vn 0.0606 0.3889 -0.9193
vn 0.0758 0.7320 -0.6771
vn 0.0571 -0.4152 0.9079
vn -0.0671 -0.4337 0.8986
vn -0.1046 -0.4955 0.8623
vn -0.9310 0.3621 0.0453
vn -0.9488 0.3141 0.0344
vn 0.9290 -0.3600 -0.0860
vn 0.2286 0.3394 -0.9124
vn 0.2562 0.1565 -0.9539
vn 0.2078 0.2836 0.9362
vn 0.0701 0.4343 0.8981
vn -0.0016 -0.2379 -0.9713
vn 0.0833 -0.0313 -0.9960
vn 0.9365 -0.3456 0.0592
vn 0.9354 -0.3534 0.0094
vn 0.9478 -0.3173 0.0308
vn -0.9348 0.3438 -0.0891
vn -0.9215 0.3784 -0.0878
vn 0.4478 0.8917 -0.0657
vn 0.4211 0.8684 -0.2617
vn 0.4502 0.8929 0.0049
vn 0.4458 0.8881 -0.1119
vn 0.3689 0.9294 -0.0034
vn 0.5174 0.8557 0.0063
vn -0.4475 -0.8921 -0.0631
vn -0.4217 -0.8685 -0.2603
vn -0.9264 0.3764 -0.0059
vn -0.8824 0.4704 -0.0088
vn -0.9031 0.4293 0.0004
vn -0.8977 0.4405 -0.0079
vn -0.2463 -0.9692 0.0071
vn 0.3034 0.9422 -0.1425
vn 0.2378 0.9614 -0.1386
vn 0.9295 -0.3687 -0.0053
vn 0.9642 -0.2648 -0.0107
vn 0.9540 -0.2997 -0.0079
vn 0.9509 -0.3095 0.0004
vn 0.4260 0.8931 -0.1447
vn 0.4943 0.8555 -0.1542
vn 0.4418 0.8950 0.0620
vn 0.2944 0.9533 0.0676
vn 0.9268 -0.3755 -0.0061
vn 0.8824 -0.4704 -0.0088
vn 0.9032 -0.4293 0.0004
vn 0.8989 -0.4382 -0.0071
vn -0.9294 0.3691 -0.0051
vn -0.9643 0.2648 -0.0107
vn -0.9532 0.3021 -0.0071
vn -0.9509 0.3095 0.0004
vn -0.3031 -0.9420 -0.1441
vn -0.2380 -0.9613 -0.1384
vn 0.2436 0.9698 0.0095
vn 0.1897 0.9736 -0.1272
vn -0.4256 -0.8937 -0.1421
vn -0.4418 -0.8948 0.0636
vn -0.2943 -0.9534 0.0662
vn -0.4945 -0.8556 -0.1532
vn 0.0272 -0.0235 -0.9994
vn 0.0225 -0.0464 -0.9987
vn 0.0023 -0.0547 -0.9985
vn -0.0303 0.0266 -0.9992
vn -0.0251 0.0518 -0.9983
vn 0.0065 0.5522 0.8337
vn -0.0190 0.4522 0.8917
vn 0.1040 0.5164 0.8500
vn -0.0398 -0.0658 -0.9970
vn 0.1618 -0.0634 -0.9848
vn -0.0383 -0.3354 -0.9413
vn -0.3280 -0.3320 -0.8844
vn -0.9106 0.4128 -0.0216
vn -0.9163 0.3985 -0.0408
vn -0.9171 0.3942 0.0596
vn -0.9056 0.4230 0.0307
vn 0.9106 -0.4127 -0.0218
vn 0.9163 -0.3983 -0.0412
vn -0.9297 0.3651 0.0493
vn 0.9245 -0.3785 0.0455
vn 0.9040 -0.4262 0.0340
vn 0.9138 -0.3973 -0.0840
vn 0.9145 -0.3944 -0.0902
vn 0.0829 -0.0333 0.9960
vn 0.1662 -0.0668 0.9838
vn -0.0734 0.2729 -0.9592
vn 0.4454 0.8543 0.2679
vn 0.5385 0.8426 0.0090
vn -0.1637 0.0652 -0.9843
vn 0.2875 0.9528 -0.0977
vn 0.1985 0.9765 -0.0836
vn -0.0830 0.0338 0.9960
vn -0.1670 0.0660 0.9837
vn 0.0277 -0.0490 -0.9984
vn 0.0023 -0.0595 -0.9982
vn -0.0246 0.0435 -0.9988
vn -0.0034 0.0529 -0.9986
vn 0.4428 0.8689 -0.2212
vn 0.2867 0.9343 -0.2120
vn -0.2837 -0.9353 -0.2114
vn -0.3570 -0.6175 0.7009
vn 0.0076 0.2551 0.9669
vn 0.1721 0.1873 0.9671
vn -0.5174 -0.6598 0.5449
vn -0.5236 -0.8457 -0.1027
vn -0.5164 -0.8563 0.0057
vn 0.5216 0.8529 0.0234
vn 0.5404 0.8361 -0.0944
vn 0.4560 0.8837 -0.1054
vn 0.3718 0.9283 0.0041
vn 0.4478 0.8938 0.0261
vn -0.2187 -0.9589 -0.1809
vn 0.2853 0.9378 -0.1977
vn 0.2221 0.9602 -0.1695
vn 0.9148 -0.4021 -0.0385
vn 0.9260 -0.3761 -0.0331
vn 0.9285 -0.3710 -0.0139
vn 0.9083 -0.4177 -0.0210
vn 0.9505 -0.3105 -0.0102
vn 0.5175 0.8329 -0.1960
vn 0.4428 0.8708 -0.2138
vn -0.5159 -0.8324 -0.2024
vn -0.2876 -0.9526 -0.0988
vn -0.1986 -0.9764 -0.0844
vn -0.3718 -0.9283 0.0041
vn -0.5212 -0.8531 0.0227
vn -0.5401 -0.8362 -0.0953
vn -0.4558 -0.8837 -0.1065
vn -0.4478 -0.8937 0.0266
vn -0.9148 0.4021 -0.0388
vn -0.9261 0.3759 -0.0333
vn -0.9285 0.3710 -0.0141
vn -0.9083 0.4177 -0.0212
vn -0.9505 0.3105 -0.0102
vn -0.2850 -0.9375 -0.1996
vn -0.2222 -0.9599 -0.1711
vn 0.5242 0.8452 -0.1040
vn 0.5139 0.8338 -0.2016
vn 0.2178 0.9586 -0.1837
vn -0.4425 -0.8704 -0.2158
vn -0.5170 -0.8329 -0.1977
vn 0.9573 -0.2892 0.0010
vn -0.1647 -0.1738 -0.9709
vn -0.9206 0.3862 0.0581
vn 0.9014 -0.4325 -0.0197
vn -0.2441 -0.1432 -0.9591
vn 0.0777 -0.2704 -0.9596
vn -0.0756 0.2815 0.9566
vn 0.2536 0.1479 0.9559
vn -0.9561 0.2929 0.0020
vn 0.5029 0.8390 -0.2078
vn -0.5032 -0.8391 -0.2065
vn 0.8922 -0.4517 0.0016
vn -0.8921 0.4519 0.0020
vt 0.622129 0.750000
vt 0.624506 0.751170
vt 0.625008 0.749503
vt 0.630054 0.748319
vt 0.664252 0.748531
vt 0.125005 0.749769
vt 0.125000 0.750000
vt 0.125000 0.748647
vt 0.624247 0.999997
vt 0.625000 1.000000
vt 0.622160 1.000000
vt 0.874949 0.505586
vt 0.874973 0.500039
vt 0.875000 0.501001
vt 0.369635 0.748856
vt 0.375318 0.749790
vt 0.374325 0.750020
vt 0.869725 0.748620
vt 0.874959 0.749722
vt 0.874305 0.750000
vt 0.374981 0.500903
vt 0.375000 0.500000
vt 0.374810 0.501695
vt 0.377892 0.749601
vt 0.375193 0.749805
vt 0.431602 0.750000
vt 0.518591 0.999972
vt 0.440197 1.000000
vt 0.377494 0.999997
vt 0.500016 0.750228
vt 0.517634 0.750029
vt 0.557471 0.750228
vt 0.438739 0.750228
vt 0.442578 0.756350
vt 0.399429 0.756330
vt 0.873772 0.749849
vt 0.875000 0.749736
vt 0.869192 0.741084
vt 0.374306 0.750000
vt 0.369976 0.748802
vt 0.335203 0.749378
vt 0.874772 0.692871
vt 0.868691 0.696914
vt 0.868783 0.618681
vt 0.442578 0.993902
vt 0.438744 0.999772
vt 0.399429 0.993916
vt 0.625330 0.500480
vt 0.630390 0.500075
vt 0.631063 0.500361
vt 0.125330 0.500428
vt 0.130620 0.500066
vt 0.131062 0.500322
vt 0.130037 0.748656
vt 0.125690 0.750000
vt 0.165561 0.747446
vt 0.869226 0.500074
vt 0.869345 0.500361
vt 0.374345 0.500000
vt 0.369516 0.500031
vt 0.500015 0.993611
vt 0.442186 0.756306
vt 0.442184 0.993897
vt 0.869947 0.505270
vt 0.874344 0.500000
vt 0.630364 0.505277
vt 0.619969 0.755219
vt 0.617162 0.750205
vt 0.625031 0.749749
vt 0.625000 0.750690
vt 0.625000 0.999307
vt 0.618297 0.994500
vt 0.630491 0.748639
vt 0.130419 0.748855
vt 0.868693 0.741265
vt 0.874772 0.741775
vt 0.868880 0.744069
vt 0.834566 0.748349
vt 0.832648 0.539727
vt 0.631286 0.619471
vt 0.625000 0.501056
vt 0.374773 0.692954
vt 0.368704 0.697221
vt 0.368787 0.617983
vt 0.125000 0.500946
vt 0.130053 0.505172
vt 0.131290 0.618782
vt 0.368680 0.741681
vt 0.374772 0.742190
vt 0.368880 0.744485
vt 0.381613 0.994512
vt 0.375000 0.999310
vt 0.375377 1.000000
vt 0.380076 0.755447
vt 0.375437 0.999982
vt 0.500000 0.750000
vt 0.382109 0.755359
vt 0.600636 0.756352
vt 0.618443 0.994488
vt 0.557862 0.756296
vt 0.500015 0.756097
vt 0.623689 0.749539
vt 0.559852 1.000000
vt 0.500000 1.000000
vt 0.631323 0.744051
vt 0.631195 0.741171
vt 0.369192 0.740451
vt 0.369535 0.505180
vt 0.167686 0.540475
vt 0.375000 0.739765
vt 0.131351 0.744485
vt 0.131188 0.741681
vt 0.874972 0.739204
vt 0.874772 0.738130
vt 0.625230 0.738197
vt 0.868844 0.738105
vt 0.625029 0.738860
vt 0.625000 0.738245
vt 0.625000 0.740917
vt 0.625005 0.732496
vt 0.631185 0.738096
vt 0.631106 0.732731
vt 0.868794 0.731936
vt 0.374971 0.739613
vt 0.374772 0.738542
vt 0.125029 0.739741
vt 0.125228 0.738714
vt 0.125228 0.742246
vt 0.125228 0.695246
vt 0.368821 0.738516
vt 0.125000 0.738364
vt 0.131215 0.738502
vt 0.131085 0.732335
vt 0.368777 0.732335
vt 0.369396 0.500272
vt 0.874658 0.500499
vt 0.617184 0.999788
vt 0.625000 0.999306
vt 0.602204 0.756285
vt 0.874752 0.505939
vt 0.375000 0.500890
vt 0.500016 0.999772
vt 0.559852 0.750000
vt 0.500016 0.756359
vt 0.500016 0.750229
vt 0.868431 0.506263
vt 0.500016 0.993866
vt 0.625000 0.500000
vt 0.625684 0.500000
vt 0.125000 0.500000
vt 0.125684 0.500000
vt 0.375362 0.998988
vt 0.557471 0.993842
vt 0.557471 0.756365
vt 0.125690 0.750000
vt 0.125040 0.749777
vt 0.875000 0.739359
vt 0.625248 0.506077
vt 0.631074 0.506170
vt 0.667373 0.540553
vt 0.631060 0.700093
vt 0.625051 0.505719
vt 0.368461 0.505334
vt 0.167375 0.540475
vt 0.125248 0.505975
vt 0.131074 0.506069
vt 0.131121 0.697221
vt 0.125051 0.505615
vt 0.557864 0.993873
vt 0.557471 0.999772
vt 0.874995 0.749708
s 1
usemtl cover.003
f 5038/3627/3911 5006/3628/3912 4981/3629/3913
f 4981/3629/3913 5006/3628/3912 5110/3630/3914
f 5110/3630/3914 5006/3628/3912 5054/3631/3915
f 5103/3632/3916 5030/3633/3917 5016/3634/3918
f 5078/3635/3919 4977/3636/3920 5037/3637/3921
f 5095/3638/3922 4979/3639/3923 4986/3640/3924
f 5017/3641/3925 4971/3642/3926 4995/3643/3927
f 4989/3644/3928 4968/3645/3929 4996/3646/3930
f 5099/3647/3931 4982/3648/3932 5020/3649/3933
f 5104/3650/3934 4980/3651/3935 5029/3652/3936
f 5080/3653/3937 5076/3654/3938 5103/3655/3916
f 4976/3656/3939 5081/3657/3940 5075/3658/3941
f 5027/3659/3942 5090/3660/3943 5034/3661/3944
f 5007/3662/3945 4977/3663/3946 5114/3664/3947
f 5004/3665/3948 5096/3666/3949 5071/3667/3950
f 5004/3665/3948 4980/3651/3951 5096/3666/3949
f 5057/3668/3952 5048/3669/3953 5124/3670/3954
f 5101/3671/3955 5028/3672/3956 5033/3673/3957
f 4974/3674/3958 5083/3675/3959 4993/3676/3960
f 4969/3677/3961 5085/3678/3962 4991/3679/3963
f 5119/3680/3964 5005/3681/3965 5063/3682/3966
f 5084/3683/3967 4992/3684/3968 4993/3676/3960
f 5001/3685/3969 5086/3686/3970 5085/3678/3962
f 5008/3687/3971 5100/3688/3972 5087/3689/3973
f 5088/3690/3974 5003/3691/3975 5013/3692/3976
f 5094/3693/3977 5036/3694/3978 4972/3695/3979 4997/3696/3980
f 5007/3697/3945 5006/3628/3912 5039/3698/3981
f 4996/3646/3930 4988/3699/3982 4989/3644/3928
f 4995/3643/3927 5018/3700/3983 5017/3641/3925
f 5054/3631/3915 5006/3628/3912 5007/3662/3945
f 5047/3701/3984 5056/3702/3985 5123/3703/3986
f 5055/3704/3987 5114/3664/3947 5014/3705/3988
f 5048/3669/3953 5121/3706/3989 5124/3670/3954
f 5012/3707/3990 5110/3630/3914 5013/3692/3976
f 5068/3708/3991 5065/3709/3992 5128/3710/3993
f 5024/3711/3994 5119/3680/3964 5097/3712/3995
f 5065/3709/3992 5125/3713/3996 5128/3710/3993
f 5064/3714/3997 5067/3715/3998 5127/3716/3999
f 5031/3717/4000 5004/3665/3948 5005/3718/3965
f 5005/3718/3965 5030/3719/4001 5031/3717/4000
f 4971/3642/4002 5102/3720/4003 4995/3643/4004
f 5028/3672/4005 5103/3655/3916 4967/3721/4006
f 5081/3657/3940 5029/3652/3936 4985/3722/4007
f 5032/3723/4008 5029/3652/4009 4980/3651/3951
f 5042/3724/4010 5094/3693/3977 5041/3725/4011
f 5089/3726/4012 5009/3727/4013 5008/3687/3971
f 5036/3694/4014 5079/3728/4015 4972/3695/4016
f 5080/3653/3937 5106/3729/4017 4984/3730/4018
f 5013/3692/3976 5054/3631/3915 5055/3704/3987
f 5122/3731/4019 5052/3732/4020 5047/3701/3984
f 5071/3667/3950 5118/3733/4021 5021/3734/4022
f 5021/3734/4022 5025/3735/4023 5071/3667/3950
f 5025/3735/4023 5063/3682/3966 5071/3667/3950
f 5096/3666/3949 5070/3736/4024 5118/3733/4021
f 5017/3641/3925 5126/3737/4025 5127/3716/3999
f 5126/3737/4025 5072/3738/4026 5064/3714/3997
f 5109/3739/4027 5058/3740/4028 5057/3668/4029
f 5058/3740/4028 5109/3739/4027 5056/3702/4030
f 5110/3630/3914 5050/3741/4031 4981/3629/3913
f 5110/3630/3914 5012/3707/3990 5050/3741/4031
f 5056/3702/3985 5049/3742/4032 5058/3740/4033
f 5112/3743/4034 5045/3744/4035 5044/3745/4036
f 5045/3744/4035 5112/3743/4034 5043/3746/4037
f 5053/3747/4038 5045/3744/4039 5113/3748/4040
f 5053/3747/4038 5111/3749/4041 5049/3742/4032
f 5115/3750/4042 5069/3751/4043 5068/3708/4044
f 5069/3751/4043 5115/3750/4042 5067/3715/4045
f 5116/3752/4046 5061/3753/4047 5060/3754/4048
f 5061/3753/4047 5116/3752/4046 5059/3755/4049
f 5067/3715/3998 5066/3756/4050 5069/3751/4051
f 5119/3680/3964 5062/3757/4052 5016/3634/4053
f 5119/3680/3964 5024/3711/3994 5062/3757/4052
f 5074/3758/4054 5120/3759/4055 5117/3760/4056
f 5074/3758/4054 5061/3753/4057 5120/3759/4055
f 5036/3694/3978 5094/3693/3977 5042/3724/4010
f 5086/3686/3970 4982/3648/4058 4973/3648/4059 4990/3761/4060
f 5084/3683/3967 4979/3639/4061 4970/3762/4062 4992/3684/3968
f 5086/3686/3970 5001/3685/3969 4982/3648/4058
f 4968/3636/4063 5035/3763/4064 5041/3725/4011 4996/3764/4065
f 5084/3683/3967 5003/3691/4066 4979/3639/4061
f 4985/3722/4067 5029/3652/4009 5100/3688/3972 5009/3727/4013
f 5038/3627/3911 5040/3765/4068 5006/3628/3912
f 5032/3723/4008 5100/3688/3972 5029/3652/4009
f 5007/3697/3945 5039/3698/3981 5037/3637/4069 4977/3636/3946
f 5095/3638/3922 4987/3766/4070 4970/3762/4071 4979/3639/3923
f 5035/3763/4072 4968/3636/4073 5078/3635/3919
f 5099/3647/3931 5019/3767/4074 4973/3648/4075 4982/3648/3932
f 5103/3655/3916 5028/3672/4005 4975/3768/4076 5080/3653/3937
f 5027/3659/4077 4971/3642/4078 5104/3650/3934
f 5079/3728/4015 5036/3694/4014 5075/3658/3941 5081/3657/3940
f 5080/3653/3937 4984/3730/4018 5076/3654/3938
f 5103/3655/3916 5076/3654/3938 5030/3719/3917
f 5038/3627/4079 5079/3728/4015 5081/3657/3940 5077/3769/4080
f 5081/3657/3940 4985/3722/4007 5077/3769/4080
f 4998/3770/4081 5090/3660/3943 5027/3659/3942 4976/3771/4082
f 5076/3654/4083 5087/3689/3973 5031/3717/4000 5030/3719/4001
f 4988/3699/3982 4997/3696/4084 4972/3695/4085
f 4984/3730/4086 5008/3687/3971 5087/3689/3973 5076/3654/4083
f 5124/3670/3954 5011/3772/4087 4987/3766/4088 5057/3668/3952
f 5055/3704/3987 5007/3662/3945 5114/3664/3947
f 5028/3672/3956 5101/3671/3955 4999/3773/4089 4975/3768/4090
f 4983/3774/4091 5002/3775/4092 5083/3675/3959 4974/3674/3958
f 4978/3776/4093 5000/3777/4094 5085/3678/3962 4969/3677/3961
f 5005/3681/3965 5119/3680/3964 5016/3634/4053 5030/3633/4001
f 5084/3683/3967 5083/3675/3959 5002/3775/4092 5003/3691/4066
f 5083/3675/3959 5084/3683/3967 4993/3676/3960
f 4990/3761/4060 4991/3679/3963 5085/3678/3962 5086/3686/3970
f 5000/3777/4094 5001/3685/3969 5085/3678/3962
f 5032/3723/4008 5031/3717/4000 5087/3689/3973 5100/3688/3972
f 5097/3712/3995 5021/3734/4022 5001/3685/4095 5000/3777/4096
f 5008/3687/3971 5009/3727/4013 5100/3688/3972
f 5014/3705/3988 5088/3690/3974 5013/3692/3976
f 5003/3691/3975 5002/3775/4097 5013/3692/3976
f 5034/3661/3944 5033/3673/3957 4994/3778/4098 5102/3720/4003
f 5021/3734/4022 5097/3712/3995 5025/3735/4023
f 5039/3698/3981 5006/3628/3912 5040/3765/4068
f 5042/3724/4010 5041/3725/4011 5093/3779/4099 5108/3780/4100
f 4994/3778/4098 4995/3643/4004 5102/3720/4003
f 4996/3646/3930 4997/3696/4084 4988/3699/3982
f 4995/3643/3927 4994/3781/4098 5018/3700/3983
f 5108/3780/4100 5093/3779/4099 4999/3773/4089 4998/3770/4081
f 4968/3645/3929 4989/3644/3928 5123/3703/3986 5056/3702/3985
f 5018/3700/3983 4994/3781/4098 4967/3782/4101
f 5055/3704/3987 5054/3631/3915 5007/3662/3945
f 4986/3640/4102 5088/3690/3974 5114/3664/3947 5046/3783/4103
f 5014/3705/3988 5114/3664/3947 5088/3690/3974
f 5121/3706/3989 5043/3746/4104 5010/3784/4105 5091/3785/4106
f 5015/3786/4107 5011/3772/4087 5124/3670/3954 5121/3706/3989
f 5091/3785/4106 5015/3786/4107 5121/3706/3989
f 5043/3746/4104 5121/3706/3989 5051/3787/4108
f 5002/3775/4097 4983/3774/4109 5012/3707/3990 5013/3692/3976
f 5048/3669/3953 5051/3787/4108 5121/3706/3989
f 5013/3692/3976 5110/3630/3914 5054/3631/3915
f 4987/3766/4088 5011/3772/4087 4992/3684/4110 4970/3762/4111
f 4983/3774/4112 4974/3674/4113 5082/3788/4114 5012/3707/4115
f 4974/3674/4113 5010/3784/4116 5082/3788/4114
f 5010/3784/4105 4974/3674/4117 4993/3676/4118 5091/3785/4106
f 4986/3640/4102 4979/3639/4119 5003/3691/3975 5088/3690/3974
f 5103/3632/3916 5116/3752/4046 5060/3754/4048 4967/3782/4006
f 4993/3676/4118 4992/3684/4110 5011/3772/4087 5091/3785/4106
f 5116/3752/4046 5103/3632/3916 5016/3634/3918
f 5128/3710/3993 5026/3789/4120 5019/3767/4121 5068/3708/3991
f 5011/3772/4087 5015/3786/4107 5091/3785/4106
f 5114/3664/3947 4977/3663/3946 5046/3783/4103
f 5005/3681/3965 5004/3665/3948 5071/3667/3950 5063/3682/3966
f 5063/3682/3966 5025/3735/4023 5097/3712/3995 5119/3680/3964
f 5022/3790/4122 5026/3789/4120 5128/3710/3993 5125/3713/3996
f 5125/3713/3996 5059/3755/4123 5023/3791/4124 5092/3792/4125
f 5065/3709/3992 5073/3793/4126 5125/3713/3996
f 4978/3776/4127 4969/3677/4128 5098/3794/4129 5024/3711/4130
f 5092/3792/4125 5022/3790/4122 5125/3713/3996
f 5059/3755/4123 5125/3713/3996 5073/3793/4126
f 4969/3677/4128 5023/3791/4131 5098/3794/4129
f 5019/3767/4121 5026/3789/4120 4990/3761/4132 4973/3648/4133
f 5020/3649/4134 4982/3648/4135 5001/3685/4095 5021/3734/4022
f 5000/3777/4096 4978/3776/4136 5024/3711/3994 5097/3712/3995
f 4991/3679/4137 4990/3761/4132 5026/3789/4120 5092/3792/4125
f 5023/3791/4124 4969/3677/4138 4991/3679/4137 5092/3792/4125
f 5026/3789/4120 5022/3790/4122 5092/3792/4125
f 4971/3642/3926 5017/3641/3925 5127/3716/3999 5067/3715/3998
f 5104/3650/3934 4971/3642/4078 5067/3715/4045 5115/3750/4042
f 4980/3651/3935 5104/3650/3934 5115/3750/4042 5070/3736/4139
f 4998/3770/4081 4999/3773/4089 5101/3671/3955 5090/3660/3943
f 5090/3660/3943 5101/3671/3955 5033/3673/3957 5034/3661/3944
f 4967/3721/4101 4994/3778/4098 5033/3673/3957 5028/3672/3956
f 5031/3717/4000 5032/3723/4008 5004/3665/3948
f 5034/3661/3944 5102/3720/4003 4971/3642/4002 5027/3659/3942
f 5104/3650/3934 5081/3657/3940 4976/3656/3939 5027/3659/4077
f 4997/3696/3980 4996/3764/4065 5041/3725/4011 5094/3693/3977
f 5081/3657/3940 5104/3650/3934 5029/3652/3936
f 5004/3665/3948 5032/3723/4008 4980/3651/3951
f 5089/3726/4012 5107/3795/4140 5039/3698/3981 5040/3765/4068
f 5107/3795/4140 5089/3726/4012 5008/3687/3971
f 5078/3635/3919 5080/3653/3937 5105/3796/4141 5035/3763/4072
f 5079/3728/4015 5038/3627/4079 4981/3629/4142
f 4975/3768/4076 5105/3796/4141 5080/3653/3937
f 5037/3637/3921 5106/3729/4017 5080/3653/3937 5078/3635/3919
f 5107/3795/4140 5008/3687/3971 4984/3730/4086 5106/3729/4143
f 5039/3698/3981 5107/3795/4140 5106/3729/4143 5037/3637/4069
f 5089/3726/4012 5077/3769/4144 4985/3722/4067 5009/3727/4013
f 5040/3765/4068 5038/3627/3911 5077/3769/4144 5089/3726/4012
f 5035/3763/4064 5105/3796/4145 5093/3779/4099 5041/3725/4011
f 5105/3796/4145 4975/3768/4090 4999/3773/4089 5093/3779/4099
f 4998/3770/4081 4976/3771/4082 5075/3658/4146 5108/3780/4100
f 5108/3780/4100 5075/3658/4146 5036/3694/3978 5042/3724/4010
f 5095/3638/3922 5109/3739/4027 5057/3668/4029 4987/3766/4070
f 5046/3783/4147 5109/3739/4027 5095/3638/3922 4986/3640/3924
f 4972/3695/4085 5044/3745/4148 5122/3731/4019 4988/3699/3982
f 5014/3705/3988 5013/3692/3976 5055/3704/3987
f 5052/3732/4020 5122/3731/4019 5044/3745/4148
f 5082/3788/4114 5010/3784/4116 5043/3746/4037 5112/3743/4034
f 5078/3797/3919 4968/3645/4073 5056/3702/4030 5109/3739/4027
f 5082/3788/4114 5112/3743/4034 5012/3707/4115
f 4977/3663/3920 5078/3797/3919 5109/3739/4027 5046/3783/4147
f 5122/3731/4019 5123/3703/3986 4989/3644/3928 4988/3699/3982
f 5123/3703/3986 5122/3731/4019 5047/3701/3984
f 5020/3649/4134 5021/3734/4022 5118/3733/4021 5070/3736/4024
f 4967/3782/4101 5060/3754/4149 5126/3737/4025 5018/3700/3983
f 5072/3738/4026 5126/3737/4025 5060/3754/4149
f 5099/3647/3931 5115/3750/4042 5068/3708/4044 5019/3767/4074
f 5070/3736/4139 5115/3750/4042 5099/3647/3931 5020/3649/3933
f 5098/3794/4129 5023/3791/4131 5059/3755/4049 5116/3752/4046
f 5071/3667/3950 5096/3666/3949 5118/3733/4021
f 5096/3666/3949 4980/3651/3951 5070/3736/4024
f 5127/3716/3999 5126/3737/4025 5064/3714/3997
f 5017/3641/3925 5018/3700/3983 5126/3737/4025
f 5057/3668/3952 5058/3740/4033 5111/3749/4041 5048/3669/3953
f 5098/3794/4129 5116/3752/4046 5024/3711/4130
f 5056/3702/3985 5047/3701/3984 5049/3742/4032
f 5049/3742/4032 5111/3749/4041 5058/3740/4033
f 5053/3747/4038 5052/3732/4020 5044/3745/4148 5045/3744/4039
f 4981/3629/4142 5050/3741/4150 5112/3743/4034
f 5112/3743/4034 5050/3741/4150 5012/3707/4115
f 5043/3746/4104 5051/3787/4108 5113/3748/4040 5045/3744/4039
f 5049/3742/4032 5047/3701/3984 5052/3732/4020 5053/3747/4038
f 5048/3669/3953 5111/3749/4041 5113/3748/4040 5051/3787/4108
f 5053/3747/4038 5113/3748/4040 5111/3749/4041
f 5068/3708/3991 5069/3751/4051 5117/3760/4056 5065/3709/3992
f 5016/3634/3918 5062/3757/4151 5116/3752/4046
f 5116/3752/4046 5062/3757/4151 5024/3711/4130
f 5067/3715/3998 5064/3714/3997 5066/3756/4050
f 5066/3756/4050 5117/3760/4056 5069/3751/4051
f 5074/3758/4054 5066/3756/4050 5064/3714/3997 5072/3738/4026
f 5073/3793/4126 5065/3709/3992 5117/3760/4056 5120/3759/4055
f 5066/3756/4050 5074/3758/4054 5117/3760/4056
f 5074/3758/4054 5072/3738/4026 5060/3754/4149 5061/3753/4057
f 5059/3755/4123 5073/3793/4126 5120/3759/4055 5061/3753/4057
f 5079/3728/4015 5112/3743/4034 5044/3745/4036 4972/3695/4016
f 5112/3743/4034 5079/3728/4015 4981/3629/4142
o Cube.014
v -1.392547 4.046472 0.523796
v -1.392263 3.753511 0.523872
v -2.579582 4.045322 0.524154
v -2.579298 3.752361 0.524230
v -2.578763 4.046259 -0.493958
v -2.578476 3.751211 -0.493958
v -1.392405 3.900102 0.560221
v -1.393136 3.900102 -0.458197
v -2.578591 3.899139 -0.458794
v -2.579440 3.898952 0.560222
v -1.392290 3.781624 0.534976
v -1.392997 3.752331 -0.493649
v -2.578474 3.781726 -0.483621
v -2.579326 3.780474 0.534977
v -1.393282 4.047435 -0.493657
v -2.578704 4.019130 -0.484770
v -2.579556 4.017866 0.534668
v -1.392520 4.019015 0.534668
v -2.579391 3.751203 0.311813
v -2.579522 4.046258 -0.469573
v -2.551224 4.046285 -0.494732
v -2.550986 3.751237 -0.494728
v -1.421634 4.047380 -0.494751
v -1.421467 3.900056 -0.459132
v -1.421352 3.781473 -0.484418
v -1.421633 4.018846 -0.484638
v -1.392262 3.752360 -0.319015
v -1.392598 4.047408 -0.469014
v -1.392262 3.752456 0.498982
v -1.392268 3.758795 0.526738
v -2.579297 3.751356 0.501242
v -2.579577 4.040450 0.526562
v -1.392471 3.967984 0.550684
v -1.393070 3.832438 -0.467521
v -2.578521 3.831583 -0.468052
v -2.579375 3.831288 0.550897
v -1.392498 3.899933 -0.432344
v -1.392339 3.832438 0.550896
v -2.579304 3.757645 0.526785
v -1.392353 3.752360 -0.470574
v -1.393202 3.967983 -0.467734
v -2.578653 3.967132 -0.468398
v -2.579506 3.966834 0.550685
v -1.392542 4.041600 0.526516
v -2.579583 4.046212 0.499102
v -2.579337 3.898787 -0.432705
v -2.579195 3.751210 -0.470937
v -1.421582 3.967922 -0.468662
v -1.421405 3.832381 -0.468463
v -1.392548 4.047330 0.498972
v -1.421365 3.752332 -0.494752
vn -1.0000 -0.0008 -0.0000
vn -1.0000 -0.0014 0.0004
vn -1.0000 -0.0012 0.0004
vn -1.0000 -0.0010 -0.0000
vn 0.9999 0.0007 -0.0118
vn 0.7766 -0.0001 -0.6300
vn 0.7609 -0.1450 -0.6325
vn -1.0000 -0.0011 0.0004
vn -1.0000 -0.0009 0.0003
vn 1.0000 0.0011 -0.0003
vn 0.9998 -0.0043 -0.0188
vn -0.7365 -0.2127 -0.6421
vn -0.6631 -0.2414 -0.7086
vn -0.0061 -0.3349 -0.9423
vn -1.0000 -0.0008 0.0001
vn -0.7660 -0.0019 -0.6428
vn -0.9999 -0.0011 -0.0130
vn -0.7496 -0.1476 -0.6453
vn -0.9998 -0.0075 -0.0200
vn 0.6658 -0.2368 -0.7076
vn 0.0118 -0.3164 -0.9486
vn 0.0185 -0.3366 -0.9415
vn 1.0000 0.0010 -0.0000
vn -0.7368 0.2109 -0.6424
vn -0.0072 0.3338 -0.9426
vn -0.6634 0.2401 -0.7087
vn 0.7607 0.1455 -0.6326
vn 0.9998 0.0064 -0.0192
vn 0.6652 0.2383 -0.7076
vn -0.9998 0.0056 -0.0199
vn -0.7498 0.1447 -0.6456
vn 0.0124 0.2203 -0.9754
vn 0.0110 0.3158 -0.9488
vn 0.0164 -0.0014 -0.9999
vn 0.0129 -0.2220 -0.9750
vn 0.0180 0.3362 -0.9416
vt 0.740516 0.285837
vt 0.750855 0.285768
vt 0.751244 0.294686
vt 0.751244 0.285768
vt 0.751244 0.290227
vt 0.414034 0.473660
vt 0.417874 0.473557
vt 0.417874 0.559839
vt 0.751244 0.383983
vt 0.751244 0.473280
vt 0.416599 0.286933
vt 0.417428 0.660651
vt 0.584601 0.624703
vt 0.584588 0.660792
vt 0.584239 0.660792
vt 0.751244 0.653537
vt 0.751244 0.657164
vt 0.750850 0.660792
vt 0.584604 0.473557
vt 0.588425 0.473664
vt 0.584603 0.559839
vt 0.585020 0.660653
vt 0.417932 0.660760
vt 0.421999 0.624703
vt 0.418244 0.660792
vt 0.251276 0.285768
vt 0.251847 0.285768
vt 0.251276 0.290227
vt 0.251276 0.294686
vt 0.251276 0.383983
vt 0.251276 0.473280
vt 0.251276 0.657164
vt 0.251276 0.653537
vt 0.251847 0.660792
vt 0.751244 0.563409
vt 0.584604 0.322965
vt 0.584239 0.285768
vt 0.584588 0.285768
vt 0.417874 0.387553
vt 0.417438 0.285890
vt 0.417932 0.285802
vt 0.751244 0.660792
vt 0.585012 0.285890
vt 0.584604 0.387553
vt 0.421992 0.387553
vt 0.421992 0.322965
vt 0.421992 0.473557
vt 0.421999 0.559839
vt 0.418244 0.285768
vt 0.251276 0.563408
vt 0.251276 0.660792
s 1
usemtl pages.003
f 5147/3798/4152 5159/3799/4153 5142/3800/4154
f 5159/3799/4153 5132/3801/4155 5167/3802/4155
f 5165/3803/4156 5136/3804/4157 5169/3805/4158
f 5147/3798/4152 5164/3806/4159 5138/3807/4160
f 5147/3798/4152 5142/3800/4154 5164/3806/4159
f 5155/3808/4161 5165/3803/4156 5156/3809/4162
f 5144/3810/4163 5133/3811/4164 5149/3812/4165
f 5145/3813/4155 5160/3814/4155 5173/3815/4166
f 5137/3816/4167 5174/3817/4168 5170/3818/4169
f 5174/3817/4168 5147/3798/4152 5148/3819/4170
f 5144/3810/4163 5148/3819/4170 5133/3811/4164
f 5143/3820/4171 5154/3821/4172 5151/3822/4173
f 5130/3823/4174 5157/3824/4174 5158/3825/4174
f 5139/3826/4174 5157/3824/4174 5166/3827/4174
f 5166/3827/4174 5157/3824/4174 5135/3828/4174
f 5172/3829/4174 5146/3830/4174 5178/3831/4174
f 5171/3832/4160 5173/3815/4166 5147/3798/4152 5138/3807/4160
f 5141/3833/4175 5150/3834/4176 5134/3835/4177
f 5142/3800/4154 5159/3799/4153 5167/3802/4155
f 5173/3815/4166 5171/3832/4160 5145/3813/4155
f 5169/3805/4158 5143/3820/4171 5156/3809/4162 5165/3803/4156
f 5162/3836/4178 5165/3803/4156 5168/3837/4179 5140/3838/4180
f 5155/3808/4161 5168/3837/4179 5165/3803/4156
f 5148/3819/4170 5144/3810/4163 5170/3818/4169 5174/3817/4168
f 5165/3803/4156 5162/3836/4178 5136/3804/4157
f 5173/3815/4166 5160/3814/4155 5131/3839/4155
f 5148/3819/4170 5147/3798/4152 5173/3815/4166
f 5141/3833/4175 5134/3835/4177 5175/3840/4181
f 5175/3840/4181 5174/3817/4168 5163/3841/4182 5141/3833/4175
f 5137/3816/4167 5163/3841/4182 5174/3817/4168
f 5149/3812/4165 5151/3822/4173 5154/3821/4172 5144/3810/4163
f 5174/3817/4168 5175/3840/4181 5147/3798/4152
f 5163/3841/4182 5177/3842/4183 5153/3843/4184 5141/3833/4175
f 5137/3816/4167 5152/3844/4185 5177/3842/4183 5163/3841/4182
f 5170/3818/4169 5176/3845/4186 5152/3844/4185 5137/3816/4167
f 5144/3810/4163 5154/3821/4172 5176/3845/4186 5170/3818/4169
f 5141/3833/4175 5153/3843/4184 5179/3846/4187 5150/3834/4176
f 5176/3845/4186 5154/3821/4172 5143/3820/4171 5169/3805/4158
f 5140/3838/4180 5179/3846/4187 5153/3843/4184
f 5152/3844/4185 5176/3845/4186 5169/3805/4158 5136/3804/4157
f 5152/3844/4185 5136/3804/4157 5162/3836/4178 5177/3842/4183
f 5177/3842/4183 5162/3836/4178 5140/3838/4180 5153/3843/4184
f 5157/3824/4174 5178/3831/4174 5161/3847/4174 5135/3828/4174
f 5178/3831/4174 5155/3808/4161 5156/3809/4162
f 5157/3824/4174 5155/3808/4161 5178/3831/4174
f 5158/3825/4174 5157/3824/4174 5139/3826/4174
f 5146/3830/4174 5161/3847/4174 5178/3831/4174
f 5129/3848/4174 5172/3829/4174 5178/3831/4174
o Cube.023
v -1.372959 3.726158 0.543882
v -1.373855 4.078905 -0.522811
v -1.373249 3.721957 -0.522710
v -2.598555 3.724977 0.543892
v -2.598595 4.076675 -0.522897
v -2.597987 3.719715 -0.522599
v -1.372424 3.900625 0.588583
v -2.599414 3.898824 0.588499
v -1.372346 3.746895 0.527552
v -1.373375 4.056502 -0.523223
v -2.599211 3.746098 0.527849
v -2.598485 3.741841 -0.523083
v -1.373137 3.899883 0.565981
v -2.598708 3.898695 0.565982
v -2.573822 4.078928 -0.523690
v -1.399616 3.719493 -0.523097
v -1.401767 4.078484 0.547357
v -2.569561 4.077403 0.547482
v -1.401156 3.721211 0.546958
v -2.569361 3.719863 0.546344
v -2.569213 3.898706 0.594427
v -1.402139 3.899599 0.594342
v -2.598883 4.055374 -0.522898
v -1.372992 3.743334 -0.523305
v -1.404205 4.047143 0.524454
v -2.569191 3.751450 0.524662
v -1.402807 3.899844 0.560565
v -2.569750 3.899037 0.560692
v -1.401697 3.713611 -0.498460
v -2.566677 3.750340 -0.498119
v -1.404638 3.751433 -0.497675
v -2.568850 3.712379 -0.498314
v -2.566985 4.047192 -0.498830
v -1.402997 4.086243 -0.498743
v -1.404961 4.048281 -0.497886
v -2.570146 4.085011 -0.498889
v -2.598889 4.072505 0.544045
v -1.372915 4.073586 0.544100
v -2.598832 4.051399 0.527777
v -1.372671 4.052484 0.528423
v -2.568332 4.046077 0.524623
v -2.570349 3.808151 0.580171
v -2.598566 3.723747 0.280687
v -2.598533 3.725051 0.504221
v -2.598598 3.731677 0.486666
v -1.401577 3.721254 0.505583
v -1.402252 3.719802 0.272987
v -1.399748 3.728906 0.487048
v -2.569849 3.718516 0.259111
v -2.568801 3.719711 0.507348
v -2.572314 3.727847 0.486836
v -1.372993 3.726286 0.504289
v -1.372953 3.725000 0.277601
v -1.372966 3.732659 0.486273
v -1.373286 4.074899 0.280977
v -1.373315 4.073559 0.506014
v -1.373274 4.067157 0.488556
v -2.570302 4.077343 0.507333
v -2.569750 4.078857 0.269018
v -2.571370 4.069803 0.488930
v -2.598851 4.072322 0.506052
v -2.598892 4.073612 0.278782
v -2.598879 4.065949 0.488021
v -1.403150 4.078926 0.509268
v -1.401429 4.080040 0.268213
v -1.400783 4.070620 0.488248
v -1.373826 3.976887 0.579754
v -2.598630 3.818372 0.577061
v -1.373811 3.973495 0.553503
v -2.598639 3.828385 0.556030
v -2.568857 3.829605 0.550918
v -2.569497 3.981762 0.581833
v -1.402179 3.816765 0.581774
v -2.598785 3.978990 0.577084
v -2.598776 3.968985 0.556049
v -2.569074 3.966963 0.551062
v -2.599712 4.061384 0.538537
v -1.373060 3.819560 0.577060
v -1.373069 3.829573 0.556029
v -1.402176 3.831244 0.551074
v -1.404817 3.752408 0.523977
vn 0.6456 0.4958 -0.5808
vn 0.0339 -0.6281 -0.7774
vn -0.7446 -0.0311 -0.6668
vn -0.6524 -0.4989 -0.5704
vn -0.0383 0.6111 -0.7906
vn 0.6466 -0.4943 -0.5810
vn 0.0789 0.0078 -0.9969
vn -0.0856 -0.2343 -0.9684
vn 0.7538 -0.1455 -0.6408
vn 0.0732 0.9897 -0.1234
vn -0.0778 0.9882 -0.1321
vn -0.9996 0.0209 0.0208
vn -0.8984 -0.3623 -0.2481
vn -0.9976 -0.0217 -0.0664
vn -0.0977 -0.2580 0.9612
vn -0.0928 -0.8229 0.5606
vn 0.1033 -0.8154 0.5695
vn -0.0861 0.2307 -0.9692
vn -0.0905 -0.0009 -0.9959
vn -0.1223 0.8038 -0.5822
vn 0.1172 0.8056 -0.5807
vn -0.0734 -0.9887 -0.1306
vn 0.0751 -0.9888 -0.1291
vn -0.1180 -0.8069 -0.5787
vn 0.1084 -0.8088 -0.5780
vn -0.1010 0.8111 0.5762
vn 0.0724 0.9821 -0.1740
vn -0.0795 0.9793 -0.1860
vn 0.9256 0.3074 -0.2208
vn 0.9990 -0.0440 0.0002
vn 0.9998 -0.0179 -0.0004
vn 0.9997 -0.0254 -0.0053
vn 0.1530 -0.9712 -0.1829
vn 0.0784 -0.9826 -0.1687
vn 0.1412 -0.9795 -0.1435
vn -0.9267 0.3052 -0.2194
vn -0.9991 -0.0430 0.0002
vn -0.9996 -0.0271 -0.0045
vn -0.9997 -0.0228 -0.0006
vn -0.9646 0.2637 0.0079
vn -0.9996 0.0289 -0.0006
vn -0.9989 0.0446 -0.0115
vn 0.9249 -0.3079 -0.2231
vn 0.9992 0.0411 -0.0000
vn 0.9997 0.0226 -0.0075
vn 0.9998 0.0216 -0.0006
vn -0.1504 0.9716 -0.1824
vn -0.0766 0.9826 -0.1691
vn -0.1394 0.9798 -0.1431
vn 0.6515 -0.5098 -0.5618
vn 0.6897 0.1765 0.7022
vn 0.7888 -0.0078 0.6146
vn 0.7073 0.5785 0.4062
vn -0.9888 0.0533 -0.1392
vn -0.7816 -0.0012 0.6237
vn -0.9995 -0.0010 -0.0313
vn -0.1996 -0.8004 0.5653
vn -0.6486 0.4916 -0.5811
vn -0.7573 0.1572 0.6338
vn -0.9978 0.0559 0.0363
vn 0.0879 0.2302 -0.9692
vn 0.0916 0.8106 0.5784
vn 0.0787 -0.9795 -0.1856
vn -0.9996 -0.0218 0.0156
vn -0.6519 0.5070 -0.5639
vn -0.1772 0.0004 -0.9842
vn -0.1704 -0.2289 -0.9584
vn 0.8115 -0.0079 -0.5843
vn -0.7719 -0.1470 0.6185
vn -0.2076 0.7998 0.5632
vn -0.0883 0.2438 0.9658
vn -0.0893 0.0028 0.9960
vn 0.1894 -0.9816 0.0234
vn 0.0987 -0.9948 0.0229
vn 0.0953 -0.9909 -0.0955
vn 0.0815 -0.0014 0.9967
vn 0.6368 0.5238 -0.5659
vn 0.0887 -0.2463 0.9651
vn 0.2089 -0.7986 0.5645
vn -0.0755 -0.9920 -0.1007
vn -0.0961 -0.9952 0.0206
vn -0.1682 -0.9853 0.0284
vn -0.1271 -0.9863 -0.1048
vn -0.1848 0.9825 0.0248
vn -0.1005 0.9947 0.0220
vn -0.0946 0.9908 -0.0973
vn 0.0938 0.9953 0.0219
vn 0.0759 0.9918 -0.1026
vn 0.1704 0.9850 0.0268
vn 0.9997 -0.0200 0.0156
vn 0.7672 -0.1561 0.6222
vn 0.1718 0.2303 -0.9578
vn 0.9879 0.0570 -0.1440
vn -0.1711 0.2282 -0.9585
vn -0.0736 -0.9812 -0.1781
vn -0.1539 -0.9697 -0.1898
vn 0.1495 0.9706 -0.1884
vn -0.1426 -0.9777 -0.1541
vn -0.0758 -0.9833 -0.1652
vn 0.0714 0.9840 -0.1635
vn 0.1371 0.9782 -0.1558
vt 0.874995 0.500095
vt 0.869345 0.500361
vt 0.625422 0.500545
vt 0.374992 0.500056
vt 0.369393 0.500278
vt 0.125009 0.500018
vt 0.500015 0.993758
vt 0.442186 0.756248
vt 0.440243 0.999858
vt 0.869368 0.505454
vt 0.630843 0.505291
vt 0.377773 0.749296
vt 0.375283 0.749711
vt 0.440197 0.750000
vt 0.562675 0.756096
vt 0.625374 0.750699
vt 0.624248 0.998749
vt 0.557862 0.756265
vt 0.500015 0.756097
vt 0.624806 0.750977
vt 0.873834 0.749780
vt 0.369056 0.505180
vt 0.130644 0.505394
vt 0.374940 0.750783
vt 0.126703 0.749705
vt 0.374488 0.750376
vt 0.131205 0.742595
vt 0.368801 0.742227
vt 0.875000 0.749623
vt 0.874772 0.738175
vt 0.874772 0.689055
vt 0.874772 0.741887
vt 0.868972 0.738302
vt 0.624690 0.749739
vt 0.625000 0.738235
vt 0.625000 0.740975
vt 0.625019 0.725060
vt 0.374772 0.738587
vt 0.374774 0.688929
vt 0.374772 0.742302
vt 0.125000 0.749824
vt 0.125228 0.738697
vt 0.125228 0.742295
vt 0.125228 0.689851
vt 0.369009 0.738720
vt 0.874672 0.500588
vt 0.442578 0.999610
vt 0.499683 0.999768
vt 0.375923 0.999978
vt 0.375378 1.000000
vt 0.559852 0.750000
vt 0.500089 0.750227
vt 0.500000 0.750000
vt 0.375682 0.998803
vt 0.624037 0.749814
vt 0.625012 0.500036
vt 0.125034 0.749812
vt 0.442578 0.750228
vt 0.375773 0.749810
vt 0.557864 0.993873
vt 0.126596 0.749775
vt 0.868795 0.741816
vt 0.375000 0.500017
vt 0.500000 1.000000
vt 0.557471 0.750228
vt 0.442578 0.756192
vt 0.500016 0.756234
vt 0.868794 0.688802
vt 0.868895 0.506286
vt 0.500016 0.993866
vt 0.375613 0.998947
vt 0.125421 0.500489
vt 0.557471 0.993842
vt 0.874969 0.749790
vt 0.873715 0.749821
vt 0.631485 0.506211
vt 0.631064 0.687092
vt 0.368828 0.688533
vt 0.368926 0.505345
vt 0.131113 0.685698
vt 0.131486 0.506110
vt 0.624435 0.998850
vt 0.624125 0.999976
vt 0.624627 1.000000
vt 0.557471 0.999772
vt 0.559852 1.000000
vt 0.631201 0.742114
vt 0.631073 0.738237
vt 0.131112 0.738591
s 1
usemtl cover.003
f 5203/3849/4188 5195/3850/4189 5185/3851/4190
f 5202/3852/4191 5194/3853/4192 5189/3854/4193
f 5206/3855/4194 5255/3856/4195 5248/3857/4196
f 5210/3858/4197 5203/3849/4188 5209/3859/4198
f 5256/3860/4199 5218/3861/4200 5254/3862/4201
f 5221/3863/4202 5199/3864/4203 5198/3865/4204
f 5250/3866/4205 5207/3867/4206 5206/3855/4194
f 5209/3859/4198 5205/3868/4207 5260/3869/4208
f 5212/3870/4209 5214/3871/4210 5220/3872/4211
f 5214/3871/4210 5204/3873/4212 5220/3872/4211
f 5197/3874/4213 5243/3875/4214 5237/3876/4215
f 5188/3877/4216 5233/3878/4217 5232/3879/4218
f 5233/3878/4217 5188/3877/4216 5231/3880/4219
f 5231/3880/4220 5227/3881/4221 5233/3878/4222
f 5190/3882/4223 5224/3883/4224 5223/3884/4225
f 5224/3883/4224 5190/3882/4223 5222/3885/4226
f 5256/3860/4199 5242/3886/4227 5241/3887/4228
f 5242/3886/4227 5256/3860/4199 5240/3888/4229
f 5219/3889/4230 5236/3890/4231 5235/3891/4232
f 5236/3890/4231 5219/3889/4230 5234/3892/4233
f 5240/3888/4234 5239/3893/4235 5242/3886/4236
f 5182/3894/4237 5195/3850/4189 5203/3849/4188
f 5246/3895/4238 5186/3896/4239 5217/3897/4240
f 5217/3897/4240 5248/3857/4196 5219/3898/4230
f 5249/3899/4241 5187/3900/4242 5193/3901/4243
f 5190/3882/4223 5187/3900/4242 5249/3899/4241
f 5248/3857/4196 5204/3902/4212 5219/3898/4230
f 5221/3863/4202 5183/3903/4244 5199/3864/4203
f 5191/3904/4245 5203/3849/4188 5185/3851/4190
f 5206/3855/4194 5207/3867/4206 5255/3856/4195
f 5203/3849/4188 5191/3904/4245 5209/3859/4198
f 5219/3889/4230 5235/3891/4232 5217/3905/4240
f 5187/3900/4242 5253/3906/4246 5256/3860/4199
f 5254/3862/4201 5187/3900/4242 5256/3860/4199
f 5253/3906/4246 5216/3907/4247 5256/3860/4199
f 5259/3908/4248 5250/3866/4205 5206/3855/4194
f 5210/3858/4197 5209/3859/4198 5260/3869/4208
f 5197/3874/4213 5196/3909/4249 5243/3875/4214
f 5231/3880/4220 5225/3910/4250 5227/3881/4221
f 5240/3888/4234 5237/3876/4215 5239/3893/4235
f 5190/3882/4223 5223/3884/4225 5183/3903/4251
f 5184/3911/4252 5194/3853/4192 5202/3852/4191
f 5255/3856/4195 5207/3867/4206 5193/3901/4253 5254/3862/4254
f 5186/3896/4239 5192/3912/4255 5248/3857/4196 5217/3897/4240
f 5187/3900/4242 5190/3882/4223 5183/3903/4251 5247/3913/4256
f 5216/3907/4257 5253/3906/4246 5251/3914/4258 5197/3874/4213
f 5253/3906/4246 5187/3900/4242 5200/3915/4259 5251/3914/4258
f 5232/3879/4260 5226/3916/4261 5208/3917/4262 5182/3894/4237
f 5220/3872/4211 5255/3856/4195 5254/3862/4254 5218/3861/4200
f 5192/3912/4255 5206/3855/4194 5248/3857/4196
f 5255/3856/4195 5220/3872/4211 5204/3902/4212 5248/3857/4196
f 5246/3895/4238 5201/3918/4263 5186/3896/4239
f 5217/3897/4240 5196/3919/4249 5246/3895/4238
f 5181/3920/4264 5189/3854/4193 5194/3853/4192
f 5189/3854/4193 5214/3871/4210 5212/3870/4209 5202/3852/4191
f 5200/3915/4259 5221/3863/4202 5252/3921/4265 5201/3918/4263
f 5221/3863/4202 5198/3865/4204 5252/3921/4265
f 5225/3910/4250 5231/3880/4220 5180/3922/4266 5198/3923/4204
f 5188/3877/4216 5203/3849/4188 5210/3858/4197 5260/3869/4208
f 5211/3924/4267 5228/3925/4268 5222/3885/4269 5185/3851/4270
f 5226/3916/4261 5228/3925/4268 5211/3924/4267 5208/3917/4262
f 5190/3882/4223 5205/3868/4207 5209/3859/4198 5191/3904/4245
f 5211/3924/4267 5185/3851/4270 5195/3850/4189 5208/3917/4262
f 5182/3894/4237 5208/3917/4262 5195/3850/4189
f 5241/3887/4271 5238/3926/4272 5215/3927/4273 5184/3911/4252
f 5219/3889/4230 5204/3873/4212 5214/3871/4210 5189/3854/4193
f 5238/3926/4272 5244/3928/4274 5213/3929/4275 5215/3927/4273
f 5213/3929/4275 5244/3928/4274 5234/3892/4276 5181/3920/4264
f 5213/3929/4275 5181/3920/4264 5194/3853/4192 5215/3927/4273
f 5184/3911/4252 5215/3927/4273 5194/3853/4192
f 5237/3876/4215 5240/3888/4234 5216/3907/4257 5197/3874/4213
f 5246/3895/4238 5251/3914/4258 5200/3915/4259 5201/3918/4263
f 5256/3860/4199 5216/3907/4247 5240/3888/4229
f 5196/3919/4249 5197/3874/4213 5251/3914/4258 5246/3895/4238
f 5205/3868/4207 5250/3866/4205 5259/3908/4248 5260/3930/4208
f 5254/3862/4201 5193/3901/4243 5187/3900/4242
f 5180/3931/4277 5188/3932/4216 5186/3896/4239 5257/3933/4278
f 5258/3934/4279 5259/3908/4248 5206/3855/4194 5192/3912/4255
f 5188/3932/4216 5258/3934/4280 5186/3896/4239
f 5258/3934/4280 5192/3912/4255 5186/3896/4239
f 5258/3934/4279 5188/3932/4216 5260/3930/4208 5259/3908/4248
f 5193/3901/4253 5207/3867/4206 5250/3866/4205 5249/3899/4281
f 5249/3899/4281 5250/3866/4205 5205/3868/4207 5190/3882/4223
f 5252/3921/4265 5198/3865/4204 5180/3931/4266 5257/3933/4278
f 5201/3918/4263 5252/3921/4265 5257/3933/4278 5186/3896/4239
f 5247/3913/4256 5221/3863/4202 5200/3915/4259 5187/3900/4242
f 5232/3879/4218 5182/3894/4237 5203/3849/4188 5188/3877/4216
f 5221/3863/4202 5247/3913/4256 5183/3903/4244
f 5229/3935/4282 5199/3864/4203 5183/3903/4244 5223/3884/4283
f 5222/3885/4226 5190/3882/4223 5191/3904/4245 5185/3851/4190
f 5198/3923/4204 5199/3864/4203 5229/3935/4282 5225/3910/4250
f 5188/3877/4216 5180/3922/4277 5231/3880/4219
f 5218/3861/4200 5202/3852/4191 5212/3870/4209 5220/3872/4211
f 5243/3875/4214 5196/3909/4249 5217/3905/4240 5235/3891/4284
f 5241/3887/4228 5184/3911/4252 5202/3852/4191 5256/3860/4199
f 5234/3892/4233 5219/3889/4230 5189/3854/4193 5181/3920/4264
f 5218/3861/4200 5256/3860/4199 5202/3852/4191
f 5227/3881/4221 5226/3916/4261 5232/3879/4260 5233/3878/4222
f 5223/3884/4283 5224/3883/4285 5230/3936/4286 5229/3935/4282
f 5230/3936/4286 5224/3883/4285 5222/3885/4269 5228/3925/4268
f 5230/3936/4286 5227/3881/4221 5225/3910/4250 5229/3935/4282
f 5230/3936/4286 5228/3925/4268 5226/3916/4261 5227/3881/4221
f 5239/3893/4235 5238/3926/4272 5241/3887/4271 5242/3886/4236
f 5237/3876/4215 5243/3875/4214 5245/3937/4287 5239/3893/4235
f 5239/3893/4235 5245/3937/4287 5244/3928/4274 5238/3926/4272
f 5235/3891/4284 5236/3890/4288 5245/3937/4287 5243/3875/4214
f 5236/3890/4288 5234/3892/4276 5244/3928/4274 5245/3937/4287
