# Blender 4.2.3 LTS
# www.blender.org
mtllib littlegirl.mtl
o Cube
v 0.000000 2.756441 0.248115
v 0.270831 2.831917 -0.009169
v 0.217002 2.882287 -0.218720
v 0.206311 2.876453 0.159023
v 0.355889 1.859528 0.271281
v 0.215248 2.557386 0.149744
v 0.366439 1.851932 -0.335109
v 0.225798 2.561184 -0.213572
v 0.268954 2.898019 -0.006324
v 0.000000 2.823846 -0.250079
v 0.366439 1.851932 -0.335109
v 0.355889 1.859528 0.271281
v 0.000000 2.820625 0.308467
v 0.207166 2.906151 -0.224358
v 0.366439 1.310056 -0.311128
v 0.355889 1.284679 0.267694
v 0.408079 1.586633 0.268138
v 0.418088 1.615259 -0.346828
v 0.195975 2.900060 0.162708
v 0.253534 2.918090 -0.006231
v 0.000000 2.850951 -0.255398
v 0.000000 2.847116 0.315503
v 0.419189 1.855730 -0.009495
v 0.278548 2.559285 -0.009495
v 0.000000 2.750129 0.225812
v 0.419189 1.855730 -0.009495
v 0.000000 2.753847 -0.172273
v 0.419189 1.297368 0.000702
v 0.258250 2.820470 -0.010374
v 0.468130 1.600946 -0.018078
v 0.000000 1.851932 -0.364121
v 0.000000 2.561184 -0.242585
v 0.000000 1.859528 0.420042
v 0.000000 2.557386 0.298505
v 0.000000 1.851932 -0.364121
v -0.000000 1.859528 0.420042
v 0.000000 1.310056 -0.340141
v 0.000000 1.284679 0.416456
v 0.000000 1.615259 -0.374351
v 0.000000 1.586633 0.413107
v 0.196711 2.802900 0.100162
v 0.205956 2.809215 -0.151746
v 0.000000 2.759761 -0.193929
v 0.205667 2.811369 0.116870
v 0.215156 2.817374 -0.169859
v 0.102205 2.788673 -0.181736
v 0.112899 2.561184 -0.228078
v 0.102871 2.853184 -0.234224
v 0.098227 2.878624 -0.239768
v 0.183219 1.851932 -0.349615
v 0.183219 1.851932 -0.349615
v 0.183219 1.310056 -0.325635
v 0.204539 1.615259 -0.360590
v 0.097800 2.781599 -0.161909
v 0.177944 1.859528 0.403049
v 0.177944 1.859528 0.403049
v 0.177944 1.284679 0.399463
v 0.098196 2.848642 0.291287
v 0.199534 1.586633 0.398010
v 0.097838 2.783990 0.240008
v 0.107624 2.557386 0.281512
v 0.093410 2.873650 0.296587
v 0.093518 2.776562 0.220447
v 0.296118 2.206558 -0.274340
v 0.285568 2.208457 0.210512
v 0.348869 2.207507 -0.009495
v 0.000000 2.208457 0.359274
v 0.000000 2.206558 -0.303353
v 0.148059 2.206558 -0.288847
v 0.142784 2.208457 0.342281
v 0.155895 2.880380 -0.121010
v 0.151028 2.877064 0.082139
v 0.182975 2.886337 -0.006900
v 0.000000 2.851439 -0.137233
v 0.000000 2.849508 0.198344
v 0.098764 2.865910 -0.129121
v 0.096331 2.863286 0.197629
v 0.127801 2.785725 -0.068375
v 0.125289 2.784014 0.036438
v 0.141773 2.788799 -0.009501
v 0.000000 2.770793 -0.076745
v 0.000000 2.769797 0.132654
v 0.098325 2.778259 -0.072560
v 0.097069 2.776906 0.141934
v 0.375614 1.305821 0.295123
v 0.387154 1.333971 -0.343677
v 0.444857 1.319896 0.000247
v -0.000000 1.333971 -0.375413
v 0.000000 1.305821 0.450818
v 0.183334 1.333971 -0.359545
v 0.177563 1.305821 0.430358
v 0.386127 1.730012 -0.347981
v 0.375645 1.718171 0.275960
v 0.438535 1.724092 -0.013737
v -0.000000 1.718171 0.424243
v 0.000000 1.730012 -0.376805
v 0.182595 1.730012 -0.362393
v 0.177354 1.718171 0.407489
v 0.331279 2.029245 -0.304724
v 0.320729 2.033993 0.240896
v 0.384029 2.031619 -0.009495
v 0.000000 2.033993 0.389658
v 0.000000 2.029245 -0.333737
v 0.165639 2.029245 -0.319231
v 0.160364 2.033993 0.372665
v 0.260958 2.383871 -0.243956
v 0.250408 2.382922 0.180128
v 0.313709 2.383397 -0.009495
v 0.000000 2.382922 0.328890
v 0.000000 2.383871 -0.272969
v 0.130479 2.383871 -0.258462
v 0.125204 2.382922 0.311897
v 0.287896 2.558355 0.068504
v 0.279265 2.821852 0.052568
v 0.428537 1.857590 0.128035
v 0.278623 2.887455 0.074667
v 0.428537 1.857590 0.128035
v 0.428537 1.291153 0.131481
v 0.479069 1.593935 0.122117
v 0.265694 2.909258 0.076519
v 0.268461 2.811863 0.043769
v 0.358216 2.207973 0.098270
v 0.207680 2.881795 0.036713
v 0.174052 2.786455 0.013001
v 0.451293 1.313002 0.144684
v 0.448083 1.721191 0.128164
v 0.393376 2.032782 0.113152
v 0.323056 2.383164 0.083387
v 0.266916 1.859528 0.368406
v 0.266916 1.859528 0.368406
v 0.266916 1.284679 0.364820
v 0.303807 1.586633 0.364315
v 0.152253 2.862548 0.256396
v 0.151752 2.797679 0.209680
v 0.161436 2.557386 0.246869
v 0.144692 2.886855 0.260889
v 0.145115 2.789731 0.191545
v 0.214176 2.208457 0.307638
v 0.123679 2.870175 0.171125
v 0.111179 2.780460 0.120427
v 0.276588 1.305821 0.393982
v 0.276500 1.718171 0.372966
v 0.240546 2.033993 0.338022
v 0.187806 2.382922 0.277254
v 0.289265 2.824646 -0.089514
v 0.439086 1.853831 -0.172302
v 0.289250 2.890153 -0.112522
v 0.439086 1.853831 -0.172302
v 0.439086 1.303712 -0.155213
v 0.489381 1.608103 -0.182453
v 0.298445 2.560235 -0.111533
v 0.278376 2.814842 -0.081060
v 0.276622 2.912120 -0.115295
v 0.368766 2.207033 -0.141918
v 0.215707 2.883358 -0.063955
v 0.181059 2.787262 -0.038938
v 0.462278 1.326933 -0.171715
v 0.458603 1.727052 -0.180859
v 0.403926 2.030432 -0.157110
v 0.333606 2.383634 -0.126726
v 0.160392 2.803458 -0.192397
v 0.171059 2.561184 -0.237385
v 0.161666 2.868176 -0.243018
v 0.154347 2.892805 -0.248610
v 0.153517 2.795825 -0.173454
v 0.277605 1.851932 -0.358922
v 0.277605 1.851932 -0.358922
v 0.277605 1.310056 -0.334942
v 0.314549 1.615259 -0.370281
v 0.224332 2.206558 -0.298154
v 0.128195 2.873364 -0.141723
v 0.113509 2.782105 -0.087184
v 0.288332 1.333971 -0.368151
v 0.287445 1.730012 -0.371749
v 0.250969 2.029245 -0.328538
v 0.197696 2.383871 -0.267770
v 0.186824 0.906946 -0.144973
v 0.186824 1.377630 -0.068782
v 0.282897 0.892456 -0.076692
v 0.319872 1.359586 0.028863
v 0.246200 0.869011 0.033788
v 0.269052 1.330391 0.186857
v 0.127448 0.869011 0.033788
v 0.104596 1.330391 0.186857
v 0.090751 0.892456 -0.076692
v 0.053776 1.359586 0.028863
v 0.186824 0.906946 -0.144973
v 0.282897 0.892456 -0.076692
v 0.246200 0.869011 0.033788
v 0.127448 0.869011 0.033788
v 0.090751 0.892456 -0.076692
v 0.186824 0.906946 -0.144973
v 0.282897 0.892456 -0.076692
v 0.246200 0.869011 0.033788
v 0.127448 0.869011 0.033788
v 0.090751 0.892456 -0.076692
v 0.186824 0.886756 -0.186345
v 0.354165 0.885838 -0.062140
v 0.294832 0.817751 0.138829
v 0.078816 0.817751 0.138829
v 0.040682 0.873118 -0.062140
v 0.186824 0.671359 -0.247888
v 0.354165 0.670440 -0.123682
v 0.294832 0.602354 0.077287
v 0.078816 0.602354 0.077287
v 0.040682 0.657721 -0.123682
v 0.186824 0.654415 -0.237743
v 0.294026 0.638247 -0.161553
v 0.253079 0.612086 -0.038275
v 0.120570 0.612086 -0.038275
v 0.079622 0.638247 -0.161553
v 0.186824 0.126975 -0.239233
v 0.258876 0.125165 -0.186915
v 0.231355 0.122237 -0.102264
v 0.142294 0.122237 -0.102264
v 0.114772 0.125165 -0.186915
v 0.186824 0.000349 -0.236627
v 0.280075 0.000689 -0.184279
v 0.252554 0.001239 -0.099579
v 0.127278 0.001239 -0.099579
v 0.099756 0.000689 -0.184279
v 0.252554 0.042355 0.128560
v 0.127278 0.042355 0.128560
v 0.252554 0.000019 0.127368
v 0.127278 0.000019 0.127368
v 0.137288 0.095610 -0.025323
v 0.132283 0.068982 0.051619
v 0.245487 0.068982 0.051619
v 0.238421 0.095610 -0.025323
v 0.252554 0.000426 0.051719
v 0.252554 0.000832 -0.023930
v 0.127278 0.000426 0.051719
v 0.127278 0.000832 -0.023930
v 0.129242 0.063211 -0.106606
v 0.247411 0.063211 -0.106606
v 0.277757 0.064523 -0.199973
v 0.186622 0.065333 -0.257677
v 0.098896 0.064523 -0.199973
v 0.120963 0.018498 0.145774
v 0.259099 0.018498 0.145774
v 0.126483 0.048307 -0.022479
v 0.123723 0.033402 0.061647
v 0.251307 0.048307 -0.022479
v 0.255203 0.033402 0.061647
v 0.622735 2.115876 -0.129262
v 0.232616 2.657216 -0.104803
v 0.725410 2.194318 -0.049247
v 0.238361 2.777777 -0.052196
v 0.694301 2.175503 0.098320
v 0.257610 2.733211 0.071019
v 0.572401 2.085433 0.109506
v 0.263369 2.516572 0.096661
v 0.528170 2.048581 -0.031147
v 0.263983 2.404136 -0.021059
v 0.707727 2.038512 -0.072828
v 0.765449 2.082610 -0.027846
v 0.747960 2.072033 0.055113
v 0.679430 2.021397 0.061402
v 0.654565 2.000679 -0.017671
v 0.696737 2.056828 -0.072828
v 0.754459 2.100926 -0.027846
v 0.736970 2.090349 0.055113
v 0.668440 2.039713 0.061402
v 0.643575 2.018996 -0.017671
v 0.701925 2.032120 -0.162054
v 0.804182 2.130235 -0.053579
v 0.772638 2.106331 0.107066
v 0.650886 1.994970 0.119244
v 0.607183 1.950048 -0.033875
v 0.838949 1.871624 -0.099529
v 0.912341 1.938668 -0.037971
v 0.889770 1.922150 0.075555
v 0.802430 1.844896 0.084161
v 0.771021 1.813669 -0.024047
v 0.841148 1.875282 -0.044368
v 0.873714 1.905032 -0.017053
v 0.863699 1.897703 0.033323
v 0.824943 1.863422 0.037142
v 0.811006 1.849566 -0.010874
v 0.802204 1.870671 0.041604
v 0.869603 1.910811 0.043579
v 0.802204 1.853652 -0.082559
v 0.869603 1.894278 -0.082559
v 0.938629 1.719831 0.041744
v 0.979536 1.734769 0.061083
v 0.937919 1.650041 -0.068456
v 0.979811 1.675153 -0.067895
v 1.003396 1.564534 -0.055071
v 1.019758 1.574397 -0.055071
v 0.865300 1.756617 -0.075529
v 0.922660 1.791009 -0.074789
v 0.867503 1.796666 0.070410
v 0.923497 1.827193 0.083461
v 0.955575 1.747142 0.098713
v 0.934995 1.735022 0.098000
v 0.903544 1.765214 0.096713
v 0.930630 1.781044 0.098195
v 0.983639 1.684054 0.066477
v 0.960973 1.671873 0.060493
v 0.971493 1.679629 0.090474
v 0.959552 1.672625 0.089931
v 0.799049 1.864147 -0.021082
v 0.869071 1.906172 -0.020341
v 0.935916 1.680087 -0.019033
v 0.981814 1.706214 -0.012780
v 1.005318 1.558227 -0.018345
v 1.021146 1.567630 -0.017784
v 0.925306 1.812113 0.002949
v 0.862654 1.776279 -0.004896
v 0.834060 1.893358 0.043312
v 0.834060 1.876961 -0.084735
v 0.958865 1.659265 -0.072896
v 0.965703 1.719988 0.057535
v 1.013232 1.566937 -0.055745
v 0.890350 1.819472 0.085536
v 0.893980 1.771956 -0.082367
v 0.944021 1.740740 0.103336
v 0.916932 1.773040 0.097797
v 0.972959 1.675811 0.063101
v 0.965947 1.673912 0.090720
v 1.018198 1.550518 -0.018107
v 0.828531 1.893578 -0.022895
v 0.800627 1.867409 0.010261
v 0.980675 1.732221 0.022642
v 1.020452 1.568521 0.014580
v 0.924402 1.819653 0.043205
v 0.865078 1.786473 0.032757
v 0.869337 1.908491 0.011619
v 0.937272 1.714512 0.004280
v 1.004357 1.559073 0.013552
v 0.831296 1.893468 0.010209
v 1.015715 1.554719 0.014368
v 0.965947 1.673912 0.090720
v 0.972959 1.675811 0.063101
v 0.983639 1.684054 0.066477
v 0.971493 1.679629 0.090474
v 1.023351 1.568580 0.033689
v 1.022811 1.569788 0.051917
v 1.016252 1.562779 0.048177
v 1.003413 1.562705 0.042746
v 1.002770 1.560183 0.024982
v 0.576304 2.077467 -0.081886
v 0.241375 2.536574 -0.064202
v 0.684510 2.013346 -0.046100
v 0.713902 2.182591 0.025344
v 0.241053 2.766737 0.009860
v 0.761864 2.072443 0.014182
v 0.637287 2.128116 0.106451
v 0.253773 2.636065 0.085698
v 0.718793 2.041819 0.059779
v 0.677268 2.152068 -0.091151
v 0.228259 2.727836 -0.080141
v 0.741269 2.055285 -0.051309
v 0.742218 2.112178 0.015543
v 0.790325 2.137693 0.030315
v 0.917246 1.926009 0.021355
v 0.880798 1.893287 0.009348
v 0.719553 2.093293 -0.056535
v 0.750488 2.095886 -0.121299
v 0.888615 1.897544 -0.077281
v 0.868093 1.880656 -0.034421
v 0.641143 2.037494 0.024818
v 0.610751 1.973444 0.048276
v 0.788426 1.812067 0.034048
v 0.823636 1.842727 0.014980
v 0.657085 2.047136 -0.050802
v 0.639505 1.994374 -0.110198
v 0.809000 1.827124 -0.069436
v 0.832765 1.849408 -0.030940
v 0.683447 2.047370 -0.059039
v 0.678240 2.011602 -0.130010
v 0.821967 1.857135 -0.080658
v 0.833612 1.868853 -0.035995
v 0.693759 2.077692 0.065822
v 0.703963 2.061489 0.127677
v 0.855326 1.873181 0.090161
v 0.853322 1.869845 0.039879
v 0.192760 3.159682 0.227266
v 0.206266 3.226293 -0.177850
v 0.105738 3.059400 0.013231
v 0.096100 3.639935 0.233089
v 0.162903 3.088761 0.210292
v 0.234721 3.490692 0.258502
v 0.180586 3.161366 -0.160470
v 0.235592 3.526393 -0.188314
v 0.123270 3.204440 0.312198
v 0.132025 3.475812 0.328069
v 0.230990 3.306248 -0.197618
v 0.222968 3.238573 0.235874
v 0.098276 3.134416 -0.212671
v 0.102048 3.689969 0.028888
v 0.177102 3.622008 0.204926
v 0.177181 3.632803 -0.140159
v 0.096040 3.653788 -0.166038
v 0.129774 3.305171 -0.268240
v 0.209138 3.104295 0.016390
v 0.280725 3.516576 0.029248
v 0.278749 3.268386 0.021986
v 0.088716 3.036774 0.253271
v 0.132268 3.538840 -0.253367
v 0.200477 3.657974 0.030295
v 0.000000 3.115217 -0.239232
v 0.000000 3.545777 -0.271274
v 0.000000 3.011161 0.273857
v 0.000000 3.474863 0.345522
v 0.000000 3.193877 0.337424
v 0.000000 3.300180 -0.294168
v 0.000000 3.662696 -0.181819
v 0.000000 3.644970 0.254479
v 0.000000 3.695886 0.028855
v 0.000000 3.036934 0.012409
v 0.113329 3.213730 -0.244780
v 0.104408 3.119251 0.298389
v 0.251070 3.180999 0.019490
v 0.000000 3.200180 -0.274683
v 0.000000 3.098312 0.325048
v 0.134187 3.423165 -0.271111
v 0.238029 3.417263 -0.200284
v 0.233900 3.350188 0.236948
v 0.131196 3.304723 0.302548
v 0.284318 3.389421 0.024534
v 0.000000 3.297904 0.326484
v 0.000000 3.422780 -0.294242
v 0.096591 3.041917 0.136835
v 0.263930 3.504130 0.145559
v 0.097089 3.674161 0.130040
v 0.256906 3.254182 0.130397
v 0.189388 3.642360 0.121468
v 0.187086 3.094739 0.118028
v 0.000000 3.683252 0.141526
v 0.000000 3.015159 0.148875
v 0.227320 3.171293 0.124572
v 0.265173 3.372012 0.133237
v 0.196874 3.133008 -0.076811
v 0.101625 3.093729 -0.104507
v 0.097062 3.678732 -0.068636
v 0.264422 3.521369 -0.081976
v 0.261156 3.288055 -0.089556
v 0.189418 3.647583 -0.059052
v 0.000000 3.071565 -0.120801
v 0.000000 3.688740 -0.077525
v 0.234660 3.204783 -0.080996
v 0.267410 3.403972 -0.089498
v 0.000000 2.816141 -0.073740
v 0.000000 3.089532 -0.034251
v 0.066261 2.813917 -0.021573
v 0.083310 3.074559 0.024821
v 0.041006 2.812265 0.064708
v 0.051445 3.048567 0.120293
v -0.041006 2.812265 0.064708
v -0.051445 3.048567 0.120293
v -0.066261 2.813917 -0.021573
v -0.083310 3.074559 0.024821
v 0.244632 3.117534 0.033250
v 0.269579 3.317840 0.016431
v 0.241274 3.111171 -0.010138
v 0.268689 3.315340 -0.026628
v 0.356953 3.154240 0.028988
v 0.369721 3.299433 0.019922
v 0.358661 3.149046 -0.014111
v 0.372329 3.297366 -0.023423
v 0.229896 3.176127 0.028325
v 0.236103 3.258940 0.021423
v 0.244753 3.255832 -0.027919
v 0.238150 3.172283 -0.020968
v 0.375399 3.251372 -0.026676
v 0.370582 3.192516 -0.023024
v 0.382049 3.253741 0.022807
v 0.377808 3.199401 0.026036
v 0.322474 3.126326 -0.018725
v 0.274846 3.109405 -0.016917
v 0.307174 3.316691 -0.032219
v 0.347854 3.308078 -0.030726
v 0.273401 3.099120 0.033239
v 0.320205 3.120043 0.031252
v 0.348232 3.322428 0.017893
v 0.314332 3.331758 0.016207
v 0.341588 3.175142 0.025660
v 0.348927 3.203944 0.021785
v 0.283056 3.283909 0.017406
v 0.267945 3.244410 0.018694
v 0.275315 3.167789 -0.039812
v 0.333767 3.180805 -0.040610
v 0.290003 3.255435 -0.045754
v 0.340891 3.252705 -0.045271
v 0.248473 3.253398 0.034228
v 0.276368 3.302395 0.030015
v 0.366387 3.203610 0.038052
v 0.349004 3.166097 0.040510
v 0.318771 3.137992 0.042376
v 0.313784 3.313582 0.029903
v 0.255863 3.135593 0.044109
v 0.243374 3.183991 0.039949
v 0.359548 3.286962 0.032970
v 0.369929 3.248791 0.035375
v 0.279256 3.120018 0.044024
v 0.341821 3.305715 0.031301
v 0.318164 3.161591 0.024552
v 0.308749 3.283314 0.015928
v 0.265685 3.150523 0.028356
v 0.263830 3.190609 0.023099
v 0.350340 3.271952 0.019595
v 0.351986 3.241207 0.019489
v 0.289573 3.190525 0.016602
v 0.298228 3.242175 0.013101
v 0.287186 3.149964 0.025706
v 0.334159 3.277669 0.016882
v 0.324018 3.198195 0.016132
v 0.328216 3.240566 0.013385
v 0.243407 3.207238 -0.205231
v 0.109007 3.634172 0.364465
v 0.266578 3.468275 0.305962
v 0.213219 3.131827 -0.184534
v 0.275139 3.586097 -0.206617
v 0.145859 3.451892 0.387242
v 0.270980 3.296713 -0.226913
v 0.118636 3.100545 -0.244359
v 0.110799 3.796945 0.031494
v 0.205929 3.612122 0.329860
v 0.205663 3.691471 -0.187245
v 0.109144 3.717064 -0.218919
v 0.149665 3.297336 -0.313245
v 0.335291 3.564984 0.038089
v 0.326045 3.290404 0.006601
v 0.149664 3.600945 -0.286892
v 0.231180 3.755737 0.033163
v 0.000000 3.080385 -0.272998
v 0.000000 3.608590 -0.306682
v 0.000000 3.450212 0.406510
v 0.000000 3.293937 -0.341976
v 0.000000 3.726066 -0.236525
v 0.000000 3.638312 0.388612
v 0.000000 3.803533 0.031471
v 0.134043 3.196739 -0.286536
v 0.000000 3.184582 -0.319609
v 0.152790 3.426110 -0.317187
v 0.278961 3.418186 -0.229976
v 0.332500 3.413727 0.014783
v 0.000000 3.426509 -0.342647
v 0.309678 3.520913 0.155939
v 0.107521 3.747975 0.203103
v 0.220668 3.707079 0.195073
v 0.000000 3.757773 0.214780
v 0.312518 3.396932 0.133437
v 0.230541 3.100552 -0.094297
v 0.119719 3.051203 -0.121695
v 0.106001 3.784705 -0.075766
v 0.311231 3.565821 -0.083658
v 0.308365 3.280491 -0.102091
v 0.218811 3.744844 -0.066612
v 0.000000 3.027198 -0.137891
v 0.000000 3.795479 -0.084539
v 0.276942 3.185443 -0.097087
v 0.315533 3.403697 -0.099875
v 0.149452 3.543033 0.375853
v 0.258273 3.540198 0.317911
v 0.262420 3.638784 -0.196931
v 0.305255 3.660361 0.035626
v 0.151423 3.659005 -0.252906
v 0.000000 3.667328 -0.271604
v 0.000000 3.544262 0.397561
v 0.287192 3.613996 0.175506
v 0.287040 3.655333 -0.075135
v -0.270831 2.831917 -0.009169
v -0.217002 2.882287 -0.218720
v -0.206310 2.876453 0.159023
v -0.355889 1.859528 0.271281
v -0.215248 2.557386 0.149744
v -0.366439 1.851932 -0.335109
v -0.225798 2.561184 -0.213572
v -0.268954 2.898019 -0.006324
v -0.366439 1.851932 -0.335109
v -0.355889 1.859528 0.271281
v -0.207166 2.906150 -0.224358
v -0.366439 1.310056 -0.311128
v -0.355889 1.284679 0.267694
v -0.408079 1.586633 0.268138
v -0.418088 1.615259 -0.346828
v -0.195974 2.900060 0.162708
v -0.253534 2.918090 -0.006231
v -0.419189 1.855730 -0.009495
v -0.278548 2.559285 -0.009495
v -0.419189 1.855730 -0.009495
v -0.419189 1.297368 0.000702
v -0.258250 2.820470 -0.010374
v -0.468130 1.600946 -0.018078
v -0.196711 2.802899 0.100162
v -0.205956 2.809215 -0.151746
v -0.205667 2.811369 0.116870
v -0.215156 2.817374 -0.169859
v -0.102205 2.788673 -0.181736
v -0.112899 2.561184 -0.228078
v -0.102871 2.853184 -0.234224
v -0.098227 2.878624 -0.239768
v -0.183219 1.851932 -0.349615
v -0.183219 1.851932 -0.349615
v -0.183219 1.310056 -0.325635
v -0.204539 1.615259 -0.360590
v -0.097800 2.781598 -0.161909
v -0.177944 1.859528 0.403049
v -0.177944 1.859528 0.403049
v -0.177944 1.284679 0.399463
v -0.098196 2.848642 0.291287
v -0.199534 1.586633 0.398010
v -0.097837 2.783990 0.240008
v -0.107624 2.557386 0.281512
v -0.093410 2.873650 0.296587
v -0.093518 2.776562 0.220447
v -0.296118 2.206558 -0.274340
v -0.285568 2.208457 0.210512
v -0.348869 2.207507 -0.009495
v -0.148059 2.206558 -0.288847
v -0.142784 2.208457 0.342281
v -0.155895 2.880380 -0.121010
v -0.151027 2.877064 0.082139
v -0.182975 2.886337 -0.006900
v -0.098764 2.865910 -0.129121
v -0.096331 2.863286 0.197629
v -0.127801 2.785725 -0.068375
v -0.125289 2.784014 0.036438
v -0.141773 2.788798 -0.009501
v -0.098325 2.778259 -0.072560
v -0.097069 2.776905 0.141934
v -0.375614 1.305821 0.295123
v -0.387154 1.333971 -0.343677
v -0.444857 1.319896 0.000247
v -0.183334 1.333971 -0.359545
v -0.177563 1.305821 0.430358
v -0.386127 1.730012 -0.347981
v -0.375645 1.718171 0.275960
v -0.438535 1.724092 -0.013737
v -0.182595 1.730012 -0.362393
v -0.177354 1.718171 0.407489
v -0.331279 2.029245 -0.304724
v -0.320729 2.033993 0.240896
v -0.384029 2.031619 -0.009495
v -0.165639 2.029245 -0.319231
v -0.160364 2.033993 0.372665
v -0.260958 2.383871 -0.243956
v -0.250408 2.382922 0.180128
v -0.313709 2.383397 -0.009495
v -0.130479 2.383871 -0.258462
v -0.125204 2.382922 0.311897
v -0.287896 2.558355 0.068504
v -0.279265 2.821852 0.052568
v -0.428537 1.857590 0.128035
v -0.278623 2.887455 0.074667
v -0.428537 1.857590 0.128035
v -0.428537 1.291153 0.131481
v -0.479069 1.593935 0.122117
v -0.265693 2.909258 0.076519
v -0.268461 2.811863 0.043769
v -0.358216 2.207973 0.098270
v -0.207680 2.881795 0.036713
v -0.174052 2.786455 0.013001
v -0.451293 1.313002 0.144684
v -0.448083 1.721191 0.128164
v -0.393376 2.032782 0.113152
v -0.323056 2.383164 0.083387
v -0.266916 1.859528 0.368406
v -0.266916 1.859528 0.368406
v -0.266916 1.284679 0.364820
v -0.303807 1.586633 0.364315
v -0.152253 2.862547 0.256396
v -0.151752 2.797679 0.209680
v -0.161436 2.557386 0.246869
v -0.144692 2.886855 0.260889
v -0.145114 2.789731 0.191545
v -0.214176 2.208457 0.307638
v -0.123679 2.870174 0.171125
v -0.111179 2.780460 0.120427
v -0.276588 1.305821 0.393982
v -0.276500 1.718171 0.372966
v -0.240546 2.033993 0.338022
v -0.187806 2.382922 0.277254
v -0.289265 2.824646 -0.089514
v -0.439086 1.853831 -0.172302
v -0.289250 2.890153 -0.112522
v -0.439086 1.853831 -0.172302
v -0.439086 1.303712 -0.155213
v -0.489381 1.608103 -0.182453
v -0.298445 2.560235 -0.111533
v -0.278375 2.814842 -0.081060
v -0.276622 2.912120 -0.115295
v -0.368766 2.207033 -0.141918
v -0.215707 2.883358 -0.063955
v -0.181059 2.787262 -0.038938
v -0.462278 1.326933 -0.171715
v -0.458603 1.727052 -0.180859
v -0.403926 2.030432 -0.157110
v -0.333606 2.383634 -0.126726
v -0.160392 2.803458 -0.192397
v -0.171059 2.561184 -0.237385
v -0.161666 2.868176 -0.243018
v -0.154347 2.892804 -0.248610
v -0.153517 2.795825 -0.173454
v -0.277605 1.851932 -0.358922
v -0.277605 1.851932 -0.358922
v -0.277605 1.310056 -0.334942
v -0.314549 1.615259 -0.370281
v -0.224332 2.206558 -0.298154
v -0.128195 2.873364 -0.141723
v -0.113509 2.782105 -0.087184
v -0.288332 1.333971 -0.368151
v -0.287445 1.730012 -0.371749
v -0.250969 2.029245 -0.328538
v -0.197696 2.383871 -0.267770
v -0.186824 0.906946 -0.144973
v -0.186824 1.377630 -0.068782
v -0.282897 0.892456 -0.076692
v -0.319872 1.359586 0.028863
v -0.246200 0.869011 0.033788
v -0.269052 1.330391 0.186857
v -0.127448 0.869011 0.033788
v -0.104596 1.330391 0.186857
v -0.090751 0.892456 -0.076692
v -0.053776 1.359586 0.028863
v -0.186824 0.906946 -0.144973
v -0.282897 0.892456 -0.076692
v -0.246200 0.869011 0.033788
v -0.127448 0.869011 0.033788
v -0.090751 0.892456 -0.076692
v -0.186824 0.906946 -0.144973
v -0.282897 0.892456 -0.076692
v -0.246200 0.869011 0.033788
v -0.127448 0.869011 0.033788
v -0.090751 0.892456 -0.076692
v -0.186824 0.886756 -0.186345
v -0.354165 0.885838 -0.062140
v -0.294832 0.817751 0.138829
v -0.078816 0.817751 0.138829
v -0.040682 0.873118 -0.062140
v -0.186824 0.671359 -0.247888
v -0.354165 0.670440 -0.123682
v -0.294832 0.602354 0.077287
v -0.078816 0.602354 0.077287
v -0.040682 0.657721 -0.123682
v -0.186824 0.654415 -0.237743
v -0.294026 0.638247 -0.161553
v -0.253079 0.612086 -0.038275
v -0.120570 0.612086 -0.038275
v -0.079622 0.638247 -0.161553
v -0.186824 0.126975 -0.239233
v -0.258876 0.125165 -0.186915
v -0.231355 0.122237 -0.102264
v -0.142294 0.122237 -0.102264
v -0.114772 0.125165 -0.186915
v -0.186824 0.000349 -0.236627
v -0.280075 0.000689 -0.184279
v -0.252554 0.001239 -0.099579
v -0.127278 0.001239 -0.099579
v -0.099756 0.000689 -0.184279
v -0.252554 0.042355 0.128560
v -0.127278 0.042355 0.128560
v -0.252554 0.000019 0.127368
v -0.127278 0.000019 0.127368
v -0.137288 0.095610 -0.025323
v -0.132283 0.068982 0.051619
v -0.245487 0.068982 0.051619
v -0.238421 0.095610 -0.025323
v -0.252554 0.000426 0.051719
v -0.252554 0.000832 -0.023930
v -0.127278 0.000426 0.051719
v -0.127278 0.000832 -0.023930
v -0.129242 0.063211 -0.106606
v -0.247411 0.063211 -0.106606
v -0.277757 0.064523 -0.199973
v -0.186622 0.065333 -0.257677
v -0.098896 0.064523 -0.199973
v -0.120963 0.018498 0.145774
v -0.259099 0.018498 0.145774
v -0.126483 0.048307 -0.022479
v -0.123723 0.033402 0.061647
v -0.251307 0.048307 -0.022479
v -0.255203 0.033402 0.061647
v -0.622736 2.115876 -0.129262
v -0.232616 2.657216 -0.104803
v -0.725410 2.194318 -0.049247
v -0.238361 2.777777 -0.052196
v -0.694301 2.175503 0.098320
v -0.257610 2.733211 0.071019
v -0.572401 2.085433 0.109506
v -0.263369 2.516572 0.096661
v -0.528171 2.048581 -0.031147
v -0.263983 2.404136 -0.021059
v -0.707727 2.038512 -0.072828
v -0.765449 2.082610 -0.027846
v -0.747960 2.072033 0.055113
v -0.679430 2.021397 0.061402
v -0.654565 2.000679 -0.017671
v -0.696738 2.056828 -0.072828
v -0.754459 2.100926 -0.027846
v -0.736970 2.090349 0.055113
v -0.668441 2.039713 0.061402
v -0.643575 2.018996 -0.017671
v -0.701926 2.032120 -0.162054
v -0.804182 2.130235 -0.053579
v -0.772638 2.106331 0.107066
v -0.650886 1.994970 0.119244
v -0.607183 1.950048 -0.033875
v -0.838950 1.871624 -0.099529
v -0.912341 1.938668 -0.037971
v -0.889770 1.922150 0.075555
v -0.802430 1.844896 0.084161
v -0.771021 1.813669 -0.024047
v -0.841148 1.875283 -0.044368
v -0.873715 1.905033 -0.017053
v -0.863699 1.897703 0.033323
v -0.824943 1.863423 0.037142
v -0.811006 1.849566 -0.010874
v -0.802204 1.870671 0.041604
v -0.869603 1.910811 0.043579
v -0.802204 1.853652 -0.082559
v -0.869603 1.894278 -0.082559
v -0.938629 1.719831 0.041744
v -0.979536 1.734769 0.061083
v -0.937919 1.650041 -0.068456
v -0.979811 1.675154 -0.067895
v -1.003396 1.564534 -0.055071
v -1.019758 1.574397 -0.055071
v -0.865301 1.756617 -0.075529
v -0.922660 1.791009 -0.074789
v -0.867503 1.796666 0.070410
v -0.923497 1.827193 0.083461
v -0.955575 1.747142 0.098713
v -0.934995 1.735022 0.098000
v -0.903544 1.765214 0.096713
v -0.930630 1.781044 0.098195
v -0.983639 1.684054 0.066477
v -0.960973 1.671873 0.060493
v -0.971493 1.679629 0.090474
v -0.959552 1.672625 0.089931
v -0.799050 1.864147 -0.021082
v -0.869072 1.906172 -0.020341
v -0.935916 1.680088 -0.019033
v -0.981814 1.706214 -0.012780
v -1.005318 1.558228 -0.018345
v -1.021146 1.567630 -0.017784
v -0.925306 1.812113 0.002949
v -0.862654 1.776279 -0.004896
v -0.834061 1.893358 0.043312
v -0.834061 1.876961 -0.084735
v -0.958865 1.659265 -0.072896
v -0.965703 1.719988 0.057535
v -1.013232 1.566937 -0.055745
v -0.890350 1.819471 0.085536
v -0.893980 1.771956 -0.082367
v -0.944021 1.740739 0.103336
v -0.916932 1.773040 0.097797
v -0.972959 1.675810 0.063101
v -0.965947 1.673912 0.090720
v -1.018198 1.550518 -0.018107
v -0.828531 1.893579 -0.022895
v -0.800627 1.867409 0.010261
v -0.980675 1.732221 0.022642
v -1.020452 1.568521 0.014580
v -0.924402 1.819653 0.043205
v -0.865078 1.786473 0.032757
v -0.869337 1.908491 0.011619
v -0.937272 1.714512 0.004280
v -1.004357 1.559073 0.013552
v -0.831296 1.893469 0.010208
v -1.015715 1.554719 0.014368
v -0.965947 1.673912 0.090720
v -0.972959 1.675810 0.063101
v -0.983639 1.684054 0.066477
v -0.971493 1.679629 0.090474
v -1.023351 1.568580 0.033689
v -1.022811 1.569788 0.051917
v -1.016252 1.562779 0.048177
v -1.003413 1.562705 0.042746
v -1.002770 1.560183 0.024982
v -0.576304 2.077467 -0.081886
v -0.241375 2.536574 -0.064202
v -0.684510 2.013346 -0.046100
v -0.713902 2.182591 0.025344
v -0.241053 2.766737 0.009860
v -0.761864 2.072443 0.014182
v -0.637287 2.128116 0.106451
v -0.253773 2.636065 0.085698
v -0.718793 2.041819 0.059779
v -0.677268 2.152068 -0.091151
v -0.228259 2.727836 -0.080141
v -0.741269 2.055285 -0.051309
v -0.742219 2.112178 0.015543
v -0.790325 2.137693 0.030315
v -0.917246 1.926009 0.021355
v -0.880798 1.893287 0.009348
v -0.719553 2.093293 -0.056535
v -0.750488 2.095886 -0.121299
v -0.888615 1.897544 -0.077281
v -0.868094 1.880657 -0.034421
v -0.641143 2.037494 0.024818
v -0.610751 1.973444 0.048276
v -0.788426 1.812067 0.034048
v -0.823636 1.842727 0.014980
v -0.657085 2.047136 -0.050802
v -0.639505 1.994374 -0.110198
v -0.809000 1.827124 -0.069436
v -0.832765 1.849408 -0.030940
v -0.683447 2.047370 -0.059039
v -0.678240 2.011602 -0.130010
v -0.821967 1.857135 -0.080658
v -0.833613 1.868853 -0.035995
v -0.693759 2.077692 0.065822
v -0.703963 2.061489 0.127677
v -0.855326 1.873181 0.090161
v -0.853322 1.869845 0.039879
v -0.192760 3.159682 0.227266
v -0.206266 3.226293 -0.177850
v -0.105738 3.059400 0.013231
v -0.096100 3.639935 0.233089
v -0.162903 3.088761 0.210292
v -0.234721 3.490692 0.258502
v -0.180586 3.161366 -0.160470
v -0.235592 3.526393 -0.188314
v -0.123270 3.204440 0.312198
v -0.132025 3.475812 0.328069
v -0.230990 3.306248 -0.197618
v -0.222968 3.238573 0.235874
v -0.098276 3.134416 -0.212671
v -0.102048 3.689969 0.028888
v -0.177102 3.622008 0.204926
v -0.177181 3.632803 -0.140159
v -0.096040 3.653788 -0.166038
v -0.129774 3.305171 -0.268240
v -0.209138 3.104295 0.016390
v -0.280725 3.516576 0.029248
v -0.278749 3.268386 0.021986
v -0.088716 3.036774 0.253271
v -0.132268 3.538840 -0.253367
v -0.200477 3.657974 0.030295
v -0.113329 3.213730 -0.244780
v -0.104408 3.119251 0.298389
v -0.251070 3.180999 0.019490
v -0.134187 3.423165 -0.271111
v -0.238029 3.417263 -0.200284
v -0.233900 3.350188 0.236948
v -0.131196 3.304723 0.302548
v -0.284318 3.389421 0.024534
v -0.096591 3.041917 0.136835
v -0.263930 3.504130 0.145559
v -0.097089 3.674161 0.130040
v -0.256906 3.254182 0.130397
v -0.189388 3.642360 0.121468
v -0.187086 3.094739 0.118028
v -0.227320 3.171293 0.124572
v -0.265173 3.372012 0.133237
v -0.196874 3.133008 -0.076811
v -0.101625 3.093729 -0.104507
v -0.097062 3.678732 -0.068636
v -0.264422 3.521369 -0.081976
v -0.261156 3.288055 -0.089556
v -0.189418 3.647583 -0.059052
v -0.234660 3.204783 -0.080996
v -0.267410 3.403972 -0.089498
v -0.066261 2.813917 -0.021573
v -0.083310 3.074559 0.024821
v -0.041006 2.812265 0.064708
v -0.051445 3.048567 0.120293
v 0.041006 2.812265 0.064708
v 0.051445 3.048567 0.120293
v 0.066261 2.813917 -0.021573
v 0.083310 3.074559 0.024821
v -0.244632 3.117534 0.033250
v -0.269579 3.317840 0.016431
v -0.241274 3.111171 -0.010138
v -0.268689 3.315340 -0.026628
v -0.356953 3.154240 0.028988
v -0.369721 3.299433 0.019922
v -0.358661 3.149046 -0.014111
v -0.372329 3.297366 -0.023423
v -0.229896 3.176127 0.028325
v -0.236103 3.258940 0.021423
v -0.244753 3.255832 -0.027919
v -0.238150 3.172283 -0.020968
v -0.375399 3.251372 -0.026676
v -0.370582 3.192516 -0.023024
v -0.382049 3.253741 0.022807
v -0.377808 3.199401 0.026036
v -0.322474 3.126326 -0.018725
v -0.274846 3.109405 -0.016917
v -0.307174 3.316691 -0.032219
v -0.347854 3.308078 -0.030726
v -0.273401 3.099120 0.033239
v -0.320205 3.120043 0.031252
v -0.348232 3.322428 0.017893
v -0.314332 3.331758 0.016207
v -0.341588 3.175142 0.025660
v -0.348927 3.203944 0.021785
v -0.283056 3.283909 0.017406
v -0.267945 3.244410 0.018694
v -0.275315 3.167789 -0.039812
v -0.333767 3.180805 -0.040610
v -0.290003 3.255435 -0.045754
v -0.340891 3.252705 -0.045271
v -0.248473 3.253398 0.034228
v -0.276368 3.302395 0.030015
v -0.366387 3.203610 0.038052
v -0.349004 3.166097 0.040510
v -0.318771 3.137992 0.042376
v -0.313784 3.313582 0.029903
v -0.255863 3.135593 0.044109
v -0.243374 3.183991 0.039949
v -0.359548 3.286962 0.032970
v -0.369929 3.248791 0.035375
v -0.279256 3.120018 0.044024
v -0.341821 3.305715 0.031301
v -0.318164 3.161591 0.024552
v -0.308749 3.283314 0.015928
v -0.265685 3.150523 0.028356
v -0.263830 3.190609 0.023099
v -0.350340 3.271952 0.019595
v -0.351986 3.241207 0.019489
v -0.289573 3.190525 0.016602
v -0.298228 3.242175 0.013101
v -0.287186 3.149964 0.025706
v -0.334159 3.277669 0.016882
v -0.324018 3.198195 0.016132
v -0.328216 3.240566 0.013385
v -0.243407 3.207238 -0.205231
v -0.109007 3.634172 0.364465
v -0.266578 3.468275 0.305962
v -0.213219 3.131827 -0.184534
v -0.275139 3.586097 -0.206617
v -0.145859 3.451892 0.387242
v -0.270980 3.296713 -0.226913
v -0.118636 3.100545 -0.244359
v -0.110799 3.796945 0.031494
v -0.205929 3.612122 0.329860
v -0.205663 3.691471 -0.187245
v -0.109144 3.717064 -0.218919
v -0.149665 3.297336 -0.313245
v -0.335291 3.564984 0.038089
v -0.326045 3.290404 0.006601
v -0.149664 3.600945 -0.286892
v -0.231180 3.755737 0.033163
v -0.134043 3.196739 -0.286536
v -0.152790 3.426110 -0.317187
v -0.278961 3.418186 -0.229976
v -0.332500 3.413727 0.014783
v -0.309678 3.520913 0.155939
v -0.107521 3.747975 0.203103
v -0.220668 3.707079 0.195073
v -0.312518 3.396932 0.133437
v -0.230541 3.100552 -0.094297
v -0.119719 3.051203 -0.121695
v -0.106001 3.784705 -0.075766
v -0.311231 3.565821 -0.083658
v -0.308365 3.280491 -0.102091
v -0.218811 3.744844 -0.066612
v -0.276942 3.185443 -0.097087
v -0.315533 3.403697 -0.099875
v -0.149452 3.543033 0.375853
v -0.258273 3.540198 0.317911
v -0.262420 3.638784 -0.196931
v -0.305255 3.660361 0.035626
v -0.151423 3.659005 -0.252906
v -0.287192 3.613996 0.175506
v -0.287040 3.655333 -0.075135
vn 0.2436 -0.9287 -0.2794
vn 0.2481 -0.9287 -0.2755
vn 0.2249 -0.9318 -0.2850
vn 0.2751 -0.9235 -0.2673
vn 0.1087 0.1896 -0.9758
vn 0.3574 0.2404 -0.9025
vn 0.5832 0.2315 -0.7787
vn 0.3436 0.2165 -0.9138
vn 0.7771 0.2320 0.5851
vn 0.7165 0.1958 0.6695
vn 0.7881 0.1997 0.5822
vn 0.7977 0.2340 0.5559
vn -0.0000 -0.8226 -0.5686
vn -0.0028 -0.8165 -0.5773
vn -0.0024 -0.8166 -0.5773
vn -0.0000 1.0000 -0.0000
vn -0.1728 0.1981 -0.9648
vn -0.0408 0.2271 -0.9730
vn -0.0837 0.2848 -0.9549
vn -0.2049 0.2554 -0.9449
vn 0.6219 -0.7746 0.1150
vn 0.4760 -0.8115 0.3390
vn 0.5007 -0.8065 0.3143
vn 0.6389 -0.7660 0.0710
vn -0.0000 0.0460 -0.9989
vn -0.0026 0.0408 -0.9992
vn -0.0129 -0.0121 -0.9998
vn -0.0000 -0.0072 -1.0000
vn 0.7088 -0.6696 -0.2219
vn 0.7190 -0.6950 0.0080
vn 0.7191 -0.6949 0.0049
vn 0.9833 0.1349 -0.1222
vn 0.9910 0.1283 0.0385
vn 0.9966 0.0673 0.0470
vn 0.9876 0.0692 -0.1412
vn 0.7405 -0.1518 0.6547
vn 0.7748 0.2670 0.5730
vn 0.7942 0.2578 0.5502
vn 0.7108 0.0940 0.6971
vn 0.8263 0.5615 -0.0437
vn 0.8268 0.5609 0.0433
vn 0.8268 0.5609 0.0431
vn 0.0559 -0.8257 -0.5614
vn 0.3292 -0.8387 -0.4337
vn 0.3635 -0.8357 -0.4117
vn 0.0326 -0.8230 -0.5671
vn 0.0658 0.0594 -0.9961
vn 0.2347 0.0841 -0.9684
vn 0.2290 0.0051 -0.9734
vn 0.0884 -0.0017 -0.9961
vn 0.9919 0.0417 -0.1198
vn 0.9982 0.0437 0.0411
vn 0.9983 0.0437 0.0387
vn 0.3851 -0.8731 -0.2991
vn 0.3600 -0.8923 -0.2725
vn 0.3578 -0.8938 -0.2702
vn 0.9626 0.1836 0.1993
vn 0.7981 0.1333 0.5876
vn 0.8150 0.0610 0.5762
vn 0.9811 0.0698 0.1804
vn 0.9678 0.2076 -0.1423
vn 0.9812 0.1906 0.0296
vn 0.9966 0.0767 0.0311
vn 0.9869 0.0740 -0.1431
vn 0.7316 -0.4032 0.5497
vn 0.7637 -0.3139 0.5641
vn 0.7952 -0.3118 0.5201
vn 0.7911 0.2888 -0.5393
vn -0.0000 0.2446 -0.9696
vn -0.0000 0.3160 -0.9487
vn 0.0004 -1.0000 -0.0000
vn 0.0644 -0.9979 -0.0000
vn 0.0017 1.0000 -0.0000
vn 0.6062 -0.7789 -0.1605
vn 0.6895 -0.7243 -0.0098
vn 0.6892 -0.7245 -0.0149
vn 0.6431 -0.7615 -0.0808
vn 0.4543 -0.8668 0.2058
vn 0.4376 -0.8594 0.2645
vn 0.4611 -0.8557 0.2349
vn 0.4253 -0.8769 0.2239
vn 0.9686 0.1861 0.1647
vn 0.9715 0.1291 0.1987
vn 0.9811 0.1904 0.0339
vn -0.0000 0.1742 -0.9847
vn -0.0141 0.1632 -0.9865
vn 0.7832 0.2039 -0.5873
vn 0.5951 0.2198 -0.7730
vn 0.7514 0.1764 -0.6358
vn 0.1731 -0.6270 -0.7595
vn 0.2767 -0.6210 -0.7334
vn -0.0000 -0.4550 -0.8905
vn 0.1058 -0.4378 -0.8928
vn 0.2051 -0.0032 0.9787
vn -0.0000 -0.0203 0.9998
vn -0.0000 0.0247 0.9997
vn 0.2172 0.0313 0.9756
vn 0.2902 -0.9216 -0.2578
vn 0.7570 -0.3235 -0.5677
vn 0.6308 -0.4344 -0.6430
vn 0.5835 -0.4684 -0.6634
vn 0.1212 -0.8302 0.5442
vn -0.0000 -0.8391 0.5440
vn 0.1402 -0.8273 0.5441
vn -0.0000 -0.1849 -0.9827
vn 0.0502 -0.2124 -0.9759
vn 0.1377 -0.4836 -0.8644
vn -0.0885 -0.2364 -0.9676
vn 0.6822 0.2246 0.6958
vn 0.7609 0.1653 0.6275
vn 0.8550 0.1699 0.4900
vn 0.3089 0.1959 0.9307
vn 0.2992 0.2406 0.9234
vn -0.0000 0.2438 0.9698
vn -0.0000 0.1781 0.9840
vn 0.2234 -0.6049 -0.7643
vn 0.6643 0.2288 0.7116
vn 0.3104 0.2814 0.9080
vn -0.0000 0.3109 0.9505
vn 0.2966 -0.8233 0.4839
vn 0.3255 -0.8239 0.4639
vn 0.5192 0.0587 0.8526
vn 0.5377 0.0482 0.8417
vn 0.2789 -0.9206 0.2734
vn 0.3247 -0.9079 0.2652
vn 0.3258 -0.9075 0.2650
vn 0.2725 -0.6305 0.7268
vn 0.4072 -0.5781 0.7071
vn 0.4203 -0.3451 0.8392
vn -0.0000 -0.4693 0.8830
vn 0.4059 -0.1175 0.9063
vn -0.0000 -0.2114 0.9774
vn 0.5839 0.2286 0.7790
vn 0.6222 0.2290 0.7486
vn 0.2761 0.1943 0.9413
vn 0.2493 0.1927 0.9491
vn -0.0000 0.1773 0.9842
vn -0.0000 0.1767 0.9843
vn -0.0000 0.1731 -0.9849
vn -0.0000 0.1736 -0.9848
vn -0.0123 0.1639 -0.9864
vn -0.0110 0.1644 -0.9863
vn 0.9735 0.1886 0.1295
vn 0.9715 0.1875 0.1451
vn 0.9811 0.1911 0.0302
vn 0.9811 0.1917 0.0269
vn 0.8461 0.2323 0.4797
vn 0.8165 0.2326 0.5283
vn 0.8001 0.2355 0.5517
vn 0.8005 0.2368 0.5505
vn 0.0880 0.1857 -0.9786
vn 0.0974 0.1875 -0.9774
vn 0.3072 0.2125 -0.9276
vn 0.2775 0.2090 -0.9377
vn -0.3416 0.9353 -0.0925
vn -0.3467 0.9325 -0.1008
vn -0.3128 0.9408 -0.1302
vn -0.3685 0.9265 -0.0760
vn -0.3318 0.9425 0.0394
vn -0.2793 0.9529 0.1182
vn -0.2740 0.9534 0.1262
vn -0.3978 0.9150 -0.0679
vn -0.0000 0.9992 -0.0398
vn -0.2517 0.9658 -0.0622
vn -0.2788 0.9572 -0.0781
vn -0.2594 0.9599 0.1059
vn -0.2154 0.9728 0.0858
vn -0.2154 0.9732 0.0811
vn -0.2521 0.9617 0.1079
vn -0.0000 0.9985 0.0539
vn -0.3571 0.9340 -0.0114
vn -0.4808 0.8768 0.0068
vn -0.4807 0.8768 0.0118
vn -0.3931 0.9174 0.0614
vn -0.0000 0.5900 -0.8074
vn -0.0279 0.5897 -0.8071
vn 0.3714 0.4669 0.8025
vn 0.1685 0.5261 0.8336
vn 0.0760 0.5447 0.8352
vn -0.5499 0.4637 0.6947
vn -0.6085 0.4750 0.6357
vn -0.6066 0.4747 0.6378
vn -0.7327 0.1953 0.6519
vn -0.0000 0.5712 0.8208
vn -0.8358 0.3574 -0.4167
vn -0.9308 0.3028 -0.2048
vn -0.8711 0.3423 -0.3521
vn 0.2030 0.0998 0.9741
vn 0.5048 0.0417 0.8622
vn -0.0000 0.1202 0.9928
vn 0.9958 -0.0898 0.0164
vn 0.9904 -0.0830 0.1104
vn 0.2303 -0.0325 -0.9726
vn 0.0645 -0.0147 -0.9978
vn 0.7957 -0.0264 0.6052
vn 0.9731 -0.0770 0.2172
vn -0.0005 -0.0008 -1.0000
vn -0.0000 -0.0029 -1.0000
vn 0.5392 0.0699 0.8393
vn 0.2224 0.0359 0.9743
vn -0.0000 0.0303 0.9995
vn 0.9826 0.1419 0.1195
vn 0.9893 0.1437 0.0239
vn 0.8868 0.1331 0.4426
vn 0.8071 0.1157 0.5789
vn 0.0691 0.1167 -0.9908
vn 0.2438 0.1308 -0.9610
vn -0.0000 0.1037 -0.9946
vn -0.0075 0.1023 -0.9947
vn 0.0990 0.1871 -0.9773
vn 0.2651 0.2076 -0.9416
vn 0.8584 0.2319 0.4576
vn 0.7992 0.2375 0.5521
vn 0.9742 0.1891 0.1230
vn 0.9811 0.1919 0.0264
vn -0.0000 0.1728 -0.9849
vn -0.0158 0.1642 -0.9863
vn 0.2421 0.1925 0.9510
vn -0.0000 0.1764 0.9843
vn 0.5692 0.2285 0.7898
vn 0.9766 0.1915 -0.0979
vn 0.9776 0.1922 -0.0857
vn 0.9783 0.1927 -0.0764
vn 0.9785 0.1929 -0.0726
vn 0.9873 0.1443 -0.0662
vn -0.5131 0.4344 -0.7402
vn 0.6997 -0.3152 0.6412
vn 0.7180 0.2907 0.6324
vn 0.6755 0.1586 0.7201
vn 0.3859 -0.8632 0.3257
vn -0.7385 0.3841 -0.5542
vn 0.4769 0.2494 0.8428
vn 0.8528 0.2298 -0.4689
vn 0.8270 0.2304 -0.5128
vn 0.8270 0.2304 -0.5129
vn 0.8525 0.2298 -0.4694
vn 0.8809 0.2284 -0.4146
vn 0.8727 0.2289 -0.4312
vn 0.8723 0.2290 -0.4320
vn 0.9013 0.1762 -0.3959
vn 0.8979 0.2072 -0.3885
vn 0.9150 0.0779 -0.3958
vn 0.9103 -0.1038 -0.4007
vn -0.7443 0.2185 -0.6311
vn 0.9789 0.0447 0.1996
vn 0.9726 0.0633 0.2237
vn 0.8210 0.5560 0.1297
vn 0.6913 -0.6834 0.2349
vn -0.6619 0.4828 0.5733
vn 0.4215 -0.0604 -0.9048
vn 0.3495 0.2615 -0.8997
vn 0.5936 0.1305 -0.7941
vn 0.9492 -0.1397 0.2820
vn -0.0000 -0.3149 0.9491
vn -0.9492 -0.1397 0.2820
vn -0.5936 0.1305 -0.7941
vn -0.2343 0.9692 -0.0761
vn -0.0000 0.7817 0.6236
vn -0.0000 0.6064 0.7952
vn -0.0000 0.9768 -0.2142
vn -0.1749 0.7575 -0.6289
vn -0.0855 0.4786 -0.8739
vn -0.4148 0.8516 0.3206
vn -0.1091 0.7482 0.6544
vn 0.0570 0.6266 0.7772
vn 0.2753 0.9603 -0.0442
vn 0.2496 0.9308 -0.2671
vn -0.2879 0.9097 0.2994
vn -0.0987 0.9129 0.3960
vn 0.0500 0.9169 0.3960
vn 0.1361 0.9384 0.3177
vn -0.4198 0.8098 -0.4099
vn 0.9630 -0.0741 0.2592
vn -0.6445 0.2101 -0.7352
vn -0.6374 0.0915 -0.7651
vn -0.6425 0.1572 -0.7500
vn -0.0000 -0.2747 0.9615
vn 0.5817 0.2235 -0.7821
vn 0.5881 0.1322 -0.7979
vn 0.5887 0.0045 -0.8084
vn -0.9837 -0.0494 0.1730
vn 0.1454 -0.9838 -0.1047
vn -0.1191 -0.9875 -0.1028
vn -0.2152 -0.9695 -0.1171
vn 0.2336 -0.9653 -0.1165
vn 0.5742 -0.1498 -0.8049
vn 0.5751 -0.1401 -0.8060
vn -0.3750 -0.9166 -0.1390
vn 0.4058 -0.9036 -0.1372
vn -0.6018 -0.0335 -0.7980
vn -0.6032 -0.0362 -0.7968
vn -0.9500 -0.0807 0.3015
vn -0.9496 0.0597 0.3076
vn -0.9704 0.0964 0.2216
vn 0.9500 -0.0807 0.3015
vn 0.9676 0.1245 0.2196
vn 0.9478 0.0845 0.3076
vn -0.5703 0.1451 -0.8085
vn -0.5708 0.1413 -0.8088
vn -0.0000 -0.1295 0.9916
vn 0.5662 0.1485 -0.8108
vn 0.5658 0.1512 -0.8106
vn -0.0000 0.9450 0.3270
vn 0.4985 -0.2288 -0.8362
vn -0.9779 0.1273 0.1661
vn -0.9432 0.1224 0.3088
vn -0.9490 0.0641 0.3087
vn -0.9899 0.0357 0.1373
vn 0.9367 0.1680 0.3073
vn 0.9712 0.1742 0.1627
vn 0.9871 0.0840 0.1364
vn 0.9450 0.1116 0.3076
vn -0.5500 -0.0004 -0.8352
vn -0.5514 0.0216 -0.8339
vn -0.5169 -0.2388 -0.8221
vn -0.0000 -0.7057 0.7085
vn 0.9959 0.0889 -0.0154
vn 0.9645 0.2639 0.0024
vn 0.9642 0.2650 0.0027
vn 0.9992 0.0331 -0.0208
vn -0.0000 -1.0000 -0.0054
vn -0.9979 0.0649 -0.0063
vn -0.9946 -0.1000 -0.0268
vn -0.9848 -0.1705 -0.0333
vn -0.9998 0.0177 -0.0107
vn -0.9996 -0.0200 -0.0192
vn -0.9945 0.1044 -0.0040
vn 0.9648 0.2629 0.0021
vn 0.9894 0.1452 -0.0100
vn 0.9995 0.0223 -0.0222
vn 0.9969 -0.0717 -0.0312
vn -0.9748 0.2227 0.0104
vn -0.9717 0.2358 0.0140
vn -0.9680 0.2504 0.0179
vn 0.9872 -0.1550 -0.0389
vn -0.0000 0.5851 0.8109
vn 0.5388 0.2864 -0.7923
vn 0.5104 0.1905 -0.8386
vn 0.4231 0.3473 -0.8369
vn 0.4324 0.3549 -0.8289
vn 0.5280 0.2324 -0.8168
vn 0.8440 0.4927 0.2119
vn 0.7623 0.6239 0.1721
vn 0.7621 0.6147 0.2034
vn 0.8265 0.5088 0.2409
vn 0.1771 -0.0901 0.9801
vn 0.0848 0.1079 0.9905
vn 0.0468 0.0702 0.9964
vn 0.1231 -0.0859 0.9887
vn -0.5801 -0.7084 0.4021
vn -0.7304 -0.5307 0.4299
vn -0.5817 -0.7069 0.4024
vn -0.3602 -0.5548 -0.7500
vn -0.5035 -0.3335 -0.7971
vn -0.4975 -0.3267 -0.8036
vn -0.3467 -0.5053 -0.7902
vn -0.3647 -0.8662 0.3416
vn 0.8916 0.3515 0.2854
vn 0.9024 0.3614 0.2346
vn -0.1506 -0.6759 -0.7214
vn -0.1868 -0.7122 -0.6766
vn 0.6233 0.0826 -0.7776
vn 0.5927 0.0514 -0.8038
vn 0.2246 -0.3024 0.9264
vn 0.2793 -0.2507 0.9269
vn -0.6119 0.7631 0.2083
vn -0.7682 0.5722 0.2870
vn -0.7657 0.5730 0.2922
vn -0.6383 0.7397 0.2132
vn -0.5551 0.8200 -0.1396
vn -0.4508 0.8830 -0.1310
vn -0.4464 0.8864 -0.1222
vn -0.6005 0.7807 -0.1731
vn -0.8880 0.4383 -0.1392
vn -0.8905 0.4417 -0.1091
vn -0.8905 0.4418 -0.1085
vn -0.5525 0.8335 0.0058
vn -0.5014 0.8400 0.2075
vn -0.4929 0.8459 0.2037
vn -0.5538 0.8325 0.0131
vn -0.5715 0.7295 -0.3757
vn -0.7395 0.6275 -0.2436
vn -0.7394 0.6277 -0.2437
vn -0.6355 0.6963 -0.3336
vn -0.2743 -0.5070 -0.8171
vn -0.3805 -0.5917 -0.7107
vn -0.2577 -0.4930 -0.8310
vn 0.1696 -0.0714 0.9829
vn 0.0304 -0.1836 0.9825
vn 0.1616 -0.0780 0.9838
vn 0.5716 0.2082 -0.7937
vn 0.6545 0.3078 -0.6905
vn 0.5696 0.2061 -0.7956
vn -0.5970 -0.7051 0.3825
vn -0.6409 -0.7382 0.2106
vn -0.5998 -0.7075 0.3738
vn 0.8417 0.4842 0.2390
vn 0.7988 0.4519 0.3970
vn 0.8422 0.4846 0.2364
vn 0.6202 -0.7268 -0.2950
vn 0.4971 -0.8181 0.2893
vn 0.6636 -0.7477 0.0231
vn 0.5246 -0.8512 -0.0168
vn 0.5442 -0.8389 -0.0115
vn 0.3974 -0.9157 -0.0592
vn 0.7748 -0.5748 0.2632
vn -0.5128 0.8508 -0.1144
vn -0.3390 0.9337 -0.1155
vn -0.3442 0.9112 -0.2262
vn -0.5085 0.8326 -0.2197
vn 0.0320 -0.0483 -0.9983
vn 0.1732 0.0347 -0.9843
vn 0.2230 0.0096 -0.9748
vn 0.0588 -0.0979 -0.9935
vn -0.8108 -0.5238 0.2611
vn -0.8182 -0.5494 0.1695
vn -0.8338 -0.5324 0.1459
vn -0.8545 -0.4737 0.2132
vn -0.2545 0.2296 0.9394
vn -0.0843 0.3229 0.9427
vn -0.1196 0.3919 0.9122
vn -0.2667 0.2521 0.9302
vn -0.7266 -0.6461 0.2337
vn -0.7575 -0.5766 0.3061
vn -0.8194 -0.5622 0.1116
vn -0.7274 -0.6665 0.1635
vn 0.8488 0.5218 -0.0859
vn 0.8584 0.5092 -0.0619
vn 0.8553 0.5144 -0.0627
vn 0.8492 0.5251 -0.0553
vn 0.2325 -0.0373 -0.9719
vn 0.0766 -0.1317 -0.9883
vn 0.7288 0.6847 -0.0000
vn 0.7815 -0.6240 -0.0000
vn 0.9434 -0.3318 -0.0000
vn 0.9011 0.4222 -0.0985
vn 0.9084 0.4176 -0.0214
vn -0.7943 -0.5860 0.1604
vn -0.7823 -0.6013 0.1626
vn 0.8380 0.2233 0.4980
vn 0.7637 0.4022 0.5049
vn 0.8046 0.3144 0.5038
vn 0.0274 -0.0355 -0.9990
vn 0.1360 0.0255 -0.9904
vn 0.0042 -0.0494 0.9988
vn 0.1935 0.0506 0.9798
vn 0.0081 0.2112 0.9774
vn -0.1757 0.0922 0.9801
vn -0.8029 -0.5892 0.0902
vn -0.6978 -0.7034 0.1354
vn -0.4171 0.1005 0.9033
vn -0.3642 0.0024 0.9313
vn -0.9208 -0.3896 0.0182
vn 0.8517 -0.5240 -0.0000
vn 0.4806 0.8769 -0.0000
vn -0.2403 -0.1714 0.9555
vn -0.2606 -0.2433 0.9343
vn 0.8624 0.1343 0.4880
vn 0.3769 -0.0820 -0.9226
vn 0.3308 -0.0691 -0.9412
vn 0.3924 -0.0864 -0.9157
vn -0.8268 -0.5552 0.0904
vn -0.8081 -0.5679 0.1565
vn -0.7584 -0.5992 0.2564
vn -0.8161 -0.5645 0.1237
vn 0.9185 0.3653 -0.1517
vn 0.8720 0.4591 -0.1701
vn 0.8580 0.4913 -0.1499
vn 0.9165 0.3719 -0.1471
vn 0.9962 -0.0275 -0.0823
vn 0.9440 0.3089 -0.1159
vn 0.9194 -0.3470 -0.1853
vn 0.9550 -0.2926 -0.0490
vn 0.8762 0.4659 -0.1231
vn 0.8696 0.4847 -0.0943
vn -0.8671 -0.4170 0.2726
vn -0.5122 0.8589 -0.0043
vn -0.3690 0.9293 -0.0144
vn -0.6490 0.7607 0.0065
vn -0.6652 0.7396 -0.1030
vn -0.2241 -0.9376 -0.2658
vn -0.3507 -0.9312 -0.0994
vn -0.3376 -0.9339 -0.1178
vn 0.4325 -0.0976 -0.8964
vn 0.3121 -0.0593 0.9482
vn 0.2698 -0.9627 0.0205
vn -0.0851 -0.0979 -0.9915
vn -0.1119 -0.1286 -0.9854
vn -0.1140 -0.1878 -0.9756
vn -0.0785 -0.2199 -0.9724
vn -0.3843 0.1235 0.9149
vn -0.6455 0.7351 -0.2071
vn -0.4467 -0.8935 0.0462
vn -0.6149 0.7886 0.0029
vn -0.5066 0.8622 -0.0052
vn -0.4035 0.9149 -0.0123
vn 0.6301 -0.7638 0.1403
vn 0.9998 0.0162 -0.0072
vn 0.9680 -0.2418 0.0664
vn -0.2693 -0.0861 0.9592
vn 0.3720 -0.9280 -0.0207
vn 0.9674 0.2531 0.0119
vn -0.9212 -0.3793 0.0872
vn 0.3769 0.0358 -0.9255
vn -0.3337 -0.1544 0.9299
vn -0.4599 -0.1918 0.8670
vn -0.3543 -0.1606 0.9212
vn -0.2186 -0.1193 0.9685
vn -0.4183 -0.5408 -0.7298
vn -0.2285 -0.7510 -0.6195
vn -0.5289 -0.3628 -0.7672
vn 0.8380 0.5183 0.1708
vn 0.9101 0.3696 0.1872
vn 0.7621 0.6289 0.1540
vn 0.2053 -0.0354 0.9781
vn 0.3234 -0.2069 0.9233
vn 0.0936 0.1166 0.9888
vn 0.4674 0.1959 -0.8621
vn 0.5546 0.0145 -0.8320
vn 0.3923 0.3221 -0.8616
vn 0.6131 -0.7331 -0.2944
vn 0.8612 0.5032 0.0721
vn 0.3956 -0.9171 -0.0498
vn 0.4705 0.1005 -0.8766
vn 0.7802 -0.5703 0.2570
vn -0.5377 -0.6529 0.5335
vn -0.7421 0.5792 0.3374
vn 0.5032 -0.8126 0.2942
vn -0.4936 -0.6400 -0.5889
vn -0.3417 -0.5444 -0.7661
vn -0.3556 -0.5540 -0.7528
vn -0.8922 0.4448 -0.0791
vn 0.9083 -0.3358 -0.2495
vn -0.4101 0.7862 -0.4622
vn 0.8471 -0.5219 -0.1004
vn 0.2942 0.0351 0.9551
vn -0.0000 -0.9498 -0.3128
vn 0.3406 -0.8875 -0.3105
vn 0.3331 -0.9248 -0.1836
vn -0.0000 -0.9790 -0.2039
vn 0.3726 0.0583 -0.9262
vn 0.3450 0.3846 -0.8562
vn 0.5190 0.3436 -0.7826
vn 0.5612 0.0356 -0.8269
vn 0.9747 -0.0418 0.2194
vn 0.9431 0.2443 0.2253
vn 0.9640 -0.0313 0.2640
vn 0.9598 -0.0603 0.2742
vn 0.8460 -0.4515 -0.2836
vn 0.8819 -0.3825 -0.2757
vn 0.9165 -0.3982 -0.0380
vn 0.8782 -0.4772 -0.0321
vn 0.3785 -0.9246 -0.0438
vn 0.4845 -0.8747 -0.0144
vn 0.5470 -0.8362 0.0395
vn 0.3721 -0.9282 -0.0036
vn -0.0000 0.0763 -0.9971
vn -0.0000 0.4073 -0.9133
vn 0.7689 -0.4535 0.4508
vn 0.7954 -0.3845 0.4684
vn 0.4745 -0.3507 0.8074
vn 0.4646 -0.4810 0.7435
vn 0.8948 -0.4011 0.1964
vn 0.9533 -0.2060 0.2207
vn 0.8175 -0.1877 0.5444
vn 0.4196 -0.3397 -0.8417
vn 0.3991 -0.1573 -0.9033
vn 0.5699 -0.1821 -0.8013
vn 0.7446 -0.3816 -0.5477
vn -0.0000 -0.9968 -0.0802
vn 0.2673 -0.9632 -0.0277
vn 0.4377 -0.1073 0.8927
vn 0.2802 0.5061 0.8157
vn 0.4106 0.5101 0.7558
vn 0.2723 0.5055 0.8187
vn 0.3194 0.9197 0.2283
vn 0.2093 0.9509 0.2280
vn 0.2079 0.9293 0.3054
vn 0.3199 0.9029 0.2870
vn 0.9390 0.2865 -0.1904
vn 0.9299 0.2776 -0.2413
vn 0.8199 0.5336 -0.2074
vn 0.8392 0.5186 -0.1639
vn 0.9629 0.2693 0.0184
vn 0.8638 0.5032 0.0236
vn 0.8470 0.4867 0.2137
vn 0.5747 -0.0849 0.8139
vn 0.5709 -0.1256 0.8114
vn 0.3758 -0.1289 0.9177
vn 0.3937 -0.0438 0.9182
vn 0.4202 -0.4002 -0.8144
vn 0.7265 -0.4350 -0.5320
vn 0.9519 -0.1872 -0.2424
vn 0.9823 -0.1870 -0.0078
vn 0.3206 0.9305 -0.1771
vn 0.2112 0.9617 -0.1748
vn 0.2058 0.9784 0.0205
vn 0.3223 0.9463 0.0241
vn 0.4315 -0.8465 -0.3118
vn 0.4312 -0.8848 -0.1767
vn 0.9781 -0.0072 -0.2079
vn 0.9998 -0.0166 0.0072
vn 0.2932 -0.3865 -0.8745
vn -0.0000 -0.3239 -0.9461
vn -0.0000 0.4991 0.8665
vn -0.0000 0.9850 -0.1727
vn -0.0000 0.9998 0.0210
vn -0.0000 0.6219 -0.7831
vn 0.2804 0.6141 -0.7377
vn -0.0000 -0.3585 0.9335
vn 0.3168 -0.4903 0.8119
vn -0.0000 0.9726 0.2326
vn -0.0000 0.9478 0.3187
vn -0.0000 -0.1286 -0.9917
vn -0.0000 -0.0441 0.9990
vn 0.8679 -0.4603 0.1870
vn -0.0000 -0.1274 0.9919
vn -0.0000 -0.0139 0.9999
vn 0.4389 0.5981 -0.6705
vn 0.8353 0.4844 0.2598
vn 0.9394 -0.1773 -0.2934
vn 0.9649 -0.0048 -0.2626
vn 0.2127 0.9476 -0.2382
vn -0.0000 0.9693 -0.2457
vn 0.3402 -0.8756 -0.3429
vn 0.4596 -0.8196 -0.3421
vn 0.3227 0.9185 -0.2284
vn 0.2599 -0.9037 -0.3402
vn 0.6012 0.1081 -0.7917
vn 0.9528 -0.1107 0.2826
vn -0.0000 -0.2290 0.9734
vn -0.9528 -0.1107 0.2826
vn -0.6012 0.1081 -0.7917
vn -0.9597 0.2427 -0.1414
vn -0.8964 0.4315 -0.1015
vn -0.9575 0.2524 -0.1395
vn 0.2361 0.0512 -0.9704
vn 0.2229 0.1900 -0.9562
vn 0.4220 0.1410 -0.8956
vn 0.4454 0.0196 -0.8951
vn 0.9950 0.0352 -0.0931
vn 0.9849 0.1656 -0.0508
vn 0.9950 0.0376 -0.0923
vn 0.2587 -0.4967 0.8285
vn 0.3328 -0.4793 0.8121
vn 0.3842 -0.4652 0.7975
vn 0.5007 -0.8637 -0.0587
vn 0.6148 -0.7885 0.0170
vn 0.4837 -0.8725 -0.0692
vn 0.0148 0.9713 -0.2372
vn -0.1893 0.9673 -0.1691
vn 0.0466 0.9679 -0.2469
vn 0.5450 -0.3674 0.7537
vn 0.6928 -0.1389 0.7076
vn 0.6940 -0.1348 0.7072
vn 0.5748 -0.3391 0.7448
vn 0.6882 0.1254 0.7146
vn 0.6991 0.0867 0.7097
vn 0.9374 -0.3481 -0.0105
vn 0.9724 -0.2227 -0.0702
vn 0.9746 -0.2106 -0.0757
vn 0.1900 -0.3759 -0.9070
vn 0.2449 -0.2282 -0.9423
vn 0.4509 -0.1995 -0.8700
vn 0.4232 -0.3615 -0.8308
vn -0.9877 -0.1520 -0.0354
vn -0.9934 -0.0452 -0.1053
vn -0.9933 -0.0420 -0.1073
vn -0.3820 -0.1382 -0.9138
vn -0.3503 0.0779 -0.9334
vn -0.1597 0.0871 -0.9833
vn -0.1764 -0.1988 -0.9640
vn -0.3491 -0.2617 -0.8998
vn -0.1653 -0.3189 -0.9333
vn -0.6489 -0.0105 0.7608
vn -0.3982 -0.2819 0.8729
vn -0.4782 -0.2185 0.8506
vn -0.6624 0.0275 0.7486
vn -0.2490 -0.3846 0.8889
vn 0.5181 0.3782 0.7672
vn 0.5683 0.3263 0.7554
vn -0.3496 0.5252 0.7758
vn -0.6311 0.2660 0.7287
vn -0.6420 0.2400 0.7282
vn -0.4092 0.4933 0.7676
vn 0.6032 0.7876 -0.1260
vn 0.4207 0.8798 -0.2213
vn 0.4191 0.8804 -0.2221
vn -0.3111 -0.9498 -0.0334
vn 0.3636 -0.9211 -0.1389
vn 0.2576 0.5445 0.7982
vn -0.0250 0.6032 0.7972
vn -0.0292 0.6033 0.7970
vn 0.2919 0.5299 0.7963
vn -0.2658 0.2061 -0.9417
vn -0.0916 0.2189 -0.9714
vn 0.6479 0.1140 0.7531
vn 0.6565 0.1843 0.7315
vn 0.4416 0.1001 0.8916
vn -0.6897 0.2003 0.6959
vn -0.6896 -0.0125 0.7241
vn -0.4825 0.0209 0.8757
vn -0.4884 0.1829 0.8532
vn 0.5857 -0.2364 0.7753
vn 0.6121 -0.1165 0.7821
vn 0.4233 -0.0554 0.9043
vn 0.2387 0.5256 0.8166
vn 0.0488 0.5570 0.8291
vn 0.0228 0.4060 0.9136
vn 0.2212 0.3764 0.8997
vn -0.0362 -0.4402 0.8972
vn 0.1015 -0.4736 0.8749
vn 0.1146 -0.2720 0.9554
vn 0.0090 -0.2707 0.9626
vn -0.2473 -0.4027 0.8813
vn -0.1979 -0.2381 0.9509
vn -0.5129 -0.2855 0.8096
vn -0.4654 -0.1720 0.8682
vn -0.2877 0.5752 0.7657
vn -0.5573 0.4747 0.6812
vn -0.4599 0.3703 0.8070
vn -0.2349 0.4209 0.8762
vn 0.0763 -0.0031 0.9971
vn 0.0916 0.1340 0.9867
vn -0.1242 0.0107 0.9922
vn -0.1270 0.1492 0.9806
vn 0.3724 0.0661 -0.9257
vn 0.3390 0.3051 -0.8900
vn 0.5369 0.2422 -0.8081
vn 0.5674 0.0457 -0.8222
vn -0.0000 0.0818 -0.9966
vn -0.0000 0.3511 -0.9363
vn 0.4101 -0.3475 -0.8432
vn 0.3964 -0.1583 -0.9043
vn 0.5748 -0.1809 -0.7981
vn 0.7434 -0.3822 -0.5490
vn 0.3375 0.1309 0.9322
vn 0.4883 0.0904 0.8680
vn 0.4222 0.2373 0.8749
vn 0.2617 0.1781 0.9486
vn 0.3369 0.8420 0.4214
vn 0.2244 0.8819 0.4147
vn 0.2352 0.7932 0.5617
vn 0.3402 0.7614 0.5519
vn 0.8562 0.4674 -0.2200
vn 0.7197 0.4733 -0.5080
vn 0.4940 0.7215 -0.4852
vn 0.5492 0.7976 -0.2493
vn 0.8779 0.3672 0.3074
vn 0.8921 0.4500 0.0403
vn 0.8001 0.5991 0.0318
vn 0.7843 0.5281 0.3255
vn 0.4089 -0.4158 -0.8124
vn 0.6509 -0.5880 -0.4802
vn 0.2217 0.9393 -0.2619
vn 0.2115 0.9743 0.0777
vn 0.3352 0.9384 0.0842
vn 0.9755 -0.0091 -0.2199
vn 0.9648 0.1543 -0.2128
vn 0.9889 0.1446 0.0329
vn 0.9997 -0.0258 -0.0006
vn 0.2655 -0.4075 -0.8737
vn -0.0000 -0.3347 -0.9423
vn -0.0000 0.1270 0.9919
vn -0.0000 0.1476 0.9890
vn -0.0000 0.9642 -0.2652
vn -0.0000 0.9965 0.0839
vn 0.3345 0.5226 -0.7842
vn -0.0000 0.5284 -0.8490
vn -0.0000 0.5494 -0.8355
vn 0.2425 0.7508 -0.6144
vn -0.0000 0.9045 0.4265
vn -0.0000 0.8211 0.5708
vn -0.0000 -0.1322 -0.9912
vn 0.9533 -0.1554 -0.2589
vn 0.9973 -0.0532 -0.0515
vn 0.8930 0.2835 0.3495
vn 0.7744 0.4789 0.4135
vn 0.9667 0.0744 0.2448
vn 0.9789 -0.0368 0.2011
vn 0.9352 -0.1801 -0.3048
vn 0.9609 -0.0004 -0.2769
vn -0.0000 0.9075 -0.4200
vn 0.9539 0.1675 -0.2492
vn 0.3313 -0.8730 -0.3579
vn 0.6728 -0.6506 -0.3522
vn 0.3582 -0.8628 -0.3567
vn 0.8589 -0.3924 -0.3290
vn -0.0000 -0.9288 -0.3705
vn 0.9568 0.0736 0.2812
vn -0.0000 0.1065 0.9943
vn 0.3162 0.0645 0.9465
vn 0.5180 0.0120 0.8553
vn -0.2436 -0.9287 -0.2794
vn -0.2751 -0.9235 -0.2673
vn -0.2249 -0.9318 -0.2850
vn -0.2481 -0.9287 -0.2755
vn -0.1087 0.1896 -0.9758
vn -0.3436 0.2165 -0.9138
vn -0.5832 0.2315 -0.7787
vn -0.3574 0.2404 -0.9025
vn -0.7771 0.2320 0.5851
vn -0.7977 0.2340 0.5559
vn -0.7881 0.1997 0.5822
vn -0.7165 0.1958 0.6695
vn 0.0024 -0.8166 -0.5773
vn 0.0028 -0.8165 -0.5773
vn 0.1728 0.1981 -0.9648
vn 0.2049 0.2554 -0.9449
vn 0.0837 0.2848 -0.9549
vn 0.0408 0.2271 -0.9730
vn -0.6219 -0.7746 0.1150
vn -0.6389 -0.7660 0.0710
vn -0.5007 -0.8065 0.3143
vn -0.4760 -0.8115 0.3390
vn 0.0129 -0.0121 -0.9998
vn 0.0026 0.0408 -0.9992
vn -0.7088 -0.6696 -0.2219
vn -0.7191 -0.6949 0.0049
vn -0.7190 -0.6950 0.0080
vn -0.9833 0.1349 -0.1222
vn -0.9876 0.0692 -0.1412
vn -0.9966 0.0673 0.0470
vn -0.9910 0.1283 0.0385
vn -0.7405 -0.1518 0.6547
vn -0.7108 0.0940 0.6971
vn -0.7942 0.2578 0.5502
vn -0.7748 0.2670 0.5730
vn -0.8263 0.5615 -0.0437
vn -0.8268 0.5609 0.0431
vn -0.8268 0.5609 0.0433
vn -0.0559 -0.8257 -0.5614
vn -0.0326 -0.8230 -0.5671
vn -0.3635 -0.8357 -0.4117
vn -0.3292 -0.8387 -0.4337
vn -0.0658 0.0594 -0.9961
vn -0.0884 -0.0017 -0.9961
vn -0.2290 0.0051 -0.9734
vn -0.2347 0.0841 -0.9684
vn -0.9919 0.0417 -0.1198
vn -0.9983 0.0437 0.0387
vn -0.9982 0.0437 0.0411
vn -0.3851 -0.8731 -0.2991
vn -0.3578 -0.8938 -0.2703
vn -0.3600 -0.8923 -0.2725
vn -0.9626 0.1836 0.1993
vn -0.9811 0.0698 0.1804
vn -0.8150 0.0610 0.5762
vn -0.7981 0.1333 0.5876
vn -0.9678 0.2076 -0.1423
vn -0.9869 0.0740 -0.1431
vn -0.9966 0.0767 0.0311
vn -0.9812 0.1906 0.0296
vn -0.7316 -0.4032 0.5497
vn -0.7952 -0.3118 0.5201
vn -0.7637 -0.3139 0.5641
vn -0.7911 0.2888 -0.5393
vn -0.0016 1.0000 -0.0000
vn -0.0636 -0.9980 -0.0000
vn -0.6062 -0.7789 -0.1605
vn -0.6431 -0.7615 -0.0808
vn -0.6892 -0.7245 -0.0149
vn -0.6895 -0.7243 -0.0098
vn -0.4543 -0.8668 0.2058
vn -0.4253 -0.8769 0.2239
vn -0.4611 -0.8557 0.2349
vn -0.4376 -0.8594 0.2645
vn 0.7071 0.7071 -0.0000
vn 0.0397 0.9992 -0.0000
vn 0.9997 0.0229 -0.0000
vn -0.9686 0.1861 0.1647
vn -0.9811 0.1904 0.0339
vn -0.9715 0.1291 0.1987
vn 0.0141 0.1632 -0.9865
vn -0.7832 0.2039 -0.5873
vn -0.7514 0.1764 -0.6358
vn -0.5951 0.2198 -0.7730
vn -0.1731 -0.6270 -0.7595
vn -0.1058 -0.4378 -0.8928
vn -0.2767 -0.6210 -0.7334
vn -0.2051 -0.0032 0.9787
vn -0.2172 0.0313 0.9756
vn -0.2902 -0.9216 -0.2578
vn -0.7570 -0.3235 -0.5677
vn -0.5835 -0.4684 -0.6634
vn -0.6308 -0.4344 -0.6430
vn -0.1212 -0.8302 0.5442
vn -0.1402 -0.8273 0.5441
vn -0.0502 -0.2124 -0.9759
vn -0.1377 -0.4836 -0.8644
vn 0.0885 -0.2364 -0.9676
vn -0.6822 0.2246 0.6958
vn -0.8550 0.1699 0.4900
vn -0.7609 0.1653 0.6275
vn -0.3089 0.1959 0.9307
vn -0.2992 0.2406 0.9234
vn -0.2234 -0.6049 -0.7643
vn -0.6643 0.2288 0.7116
vn -0.3104 0.2814 0.9080
vn -0.2966 -0.8233 0.4839
vn -0.3255 -0.8239 0.4639
vn -0.5192 0.0587 0.8526
vn -0.5377 0.0482 0.8417
vn -0.2789 -0.9206 0.2734
vn -0.3258 -0.9075 0.2650
vn -0.3247 -0.9079 0.2652
vn -0.2725 -0.6305 0.7268
vn -0.4203 -0.3451 0.8392
vn -0.4072 -0.5781 0.7071
vn -0.4059 -0.1175 0.9063
vn -0.5839 0.2286 0.7790
vn -0.2493 0.1927 0.9491
vn -0.2761 0.1943 0.9413
vn -0.6222 0.2290 0.7486
vn 0.0110 0.1644 -0.9863
vn 0.0123 0.1639 -0.9864
vn -0.9735 0.1886 0.1295
vn -0.9811 0.1917 0.0269
vn -0.9811 0.1911 0.0302
vn -0.9715 0.1875 0.1451
vn -0.8461 0.2323 0.4797
vn -0.8005 0.2368 0.5505
vn -0.8001 0.2355 0.5517
vn -0.8165 0.2326 0.5283
vn -0.0880 0.1857 -0.9786
vn -0.2775 0.2090 -0.9377
vn -0.3072 0.2125 -0.9276
vn -0.0974 0.1875 -0.9774
vn 0.3416 0.9353 -0.0925
vn 0.3685 0.9265 -0.0760
vn 0.3128 0.9408 -0.1302
vn 0.3467 0.9325 -0.1008
vn 0.3318 0.9425 0.0394
vn 0.3978 0.9150 -0.0679
vn 0.2740 0.9534 0.1262
vn 0.2793 0.9529 0.1182
vn 0.2788 0.9572 -0.0781
vn 0.2517 0.9658 -0.0622
vn 0.2594 0.9599 0.1059
vn 0.2521 0.9617 0.1079
vn 0.2154 0.9732 0.0811
vn 0.2154 0.9728 0.0858
vn 0.3571 0.9340 -0.0114
vn 0.3931 0.9174 0.0614
vn 0.4807 0.8768 0.0118
vn 0.4808 0.8768 0.0068
vn 0.0279 0.5897 -0.8071
vn -0.3714 0.4669 0.8025
vn -0.0760 0.5447 0.8352
vn -0.1685 0.5261 0.8336
vn 0.5499 0.4637 0.6947
vn 0.6066 0.4747 0.6378
vn 0.6085 0.4750 0.6357
vn 0.7327 0.1953 0.6519
vn 0.8358 0.3574 -0.4167
vn 0.8711 0.3423 -0.3521
vn 0.9308 0.3028 -0.2048
vn -0.5048 0.0417 0.8622
vn -0.2030 0.0998 0.9741
vn -0.9904 -0.0830 0.1104
vn -0.9958 -0.0898 0.0164
vn -0.0645 -0.0147 -0.9978
vn -0.2303 -0.0325 -0.9726
vn -0.9731 -0.0770 0.2172
vn -0.7957 -0.0264 0.6052
vn 0.0005 -0.0008 -1.0000
vn -0.5392 0.0699 0.8393
vn -0.2224 0.0359 0.9743
vn -0.9826 0.1419 0.1195
vn -0.9893 0.1437 0.0239
vn -0.8868 0.1331 0.4426
vn -0.8071 0.1157 0.5789
vn -0.0691 0.1167 -0.9908
vn -0.2438 0.1308 -0.9610
vn 0.0075 0.1023 -0.9947
vn -0.0990 0.1871 -0.9773
vn -0.2651 0.2076 -0.9416
vn -0.8584 0.2319 0.4576
vn -0.7992 0.2375 0.5521
vn -0.9742 0.1891 0.1230
vn -0.9811 0.1919 0.0264
vn 0.0158 0.1642 -0.9863
vn -0.2421 0.1925 0.9510
vn -0.5692 0.2285 0.7898
vn -0.9776 0.1922 -0.0857
vn -0.9766 0.1915 -0.0979
vn -0.9785 0.1929 -0.0726
vn -0.9783 0.1927 -0.0764
vn -0.9873 0.1443 -0.0662
vn 0.5131 0.4344 -0.7402
vn -0.6997 -0.3152 0.6412
vn -0.7180 0.2907 0.6324
vn -0.6755 0.1586 0.7201
vn -0.3859 -0.8631 0.3257
vn 0.7385 0.3841 -0.5542
vn -0.4769 0.2494 0.8428
vn -0.8528 0.2298 -0.4689
vn -0.8525 0.2298 -0.4694
vn -0.8270 0.2304 -0.5129
vn -0.8270 0.2304 -0.5128
vn -0.8809 0.2284 -0.4146
vn -0.8723 0.2290 -0.4320
vn -0.8727 0.2289 -0.4312
vn -0.9013 0.1762 -0.3959
vn -0.8979 0.2072 -0.3885
vn -0.9150 0.0779 -0.3958
vn -0.9103 -0.1038 -0.4007
vn 0.7443 0.2185 -0.6311
vn -0.9789 0.0447 0.1996
vn -0.9726 0.0633 0.2237
vn -0.8210 0.5560 0.1297
vn -0.6913 -0.6834 0.2349
vn 0.6619 0.4828 0.5733
vn -0.4215 -0.0604 -0.9048
vn -0.3495 0.2615 -0.8997
vn -0.0000 0.7810 0.6246
vn 0.2333 0.9694 -0.0770
vn -0.3511 0.8801 -0.3196
vn -0.3945 0.6833 0.6144
vn 0.1742 0.7574 -0.6293
vn 0.4138 0.8525 0.3193
vn 0.0847 0.4783 -0.8741
vn -0.2205 0.6654 0.7132
vn 0.1092 0.7476 0.6551
vn -0.5389 0.8254 -0.1682
vn -0.2496 0.9308 -0.2671
vn 0.0987 0.9129 0.3960
vn 0.2879 0.9097 0.2994
vn -0.1361 0.9384 0.3177
vn -0.0500 0.9169 0.3960
vn 0.4198 0.8098 -0.4099
vn -0.9630 -0.0741 0.2592
vn 0.6445 0.2101 -0.7352
vn 0.6425 0.1572 -0.7500
vn 0.6374 0.0915 -0.7651
vn -0.5817 0.2235 -0.7821
vn -0.5887 0.0045 -0.8084
vn -0.5881 0.1322 -0.7979
vn 0.9837 -0.0494 0.1730
vn -0.1454 -0.9838 -0.1047
vn -0.2336 -0.9653 -0.1165
vn 0.2152 -0.9695 -0.1171
vn 0.1191 -0.9875 -0.1028
vn -0.5751 -0.1401 -0.8060
vn -0.5742 -0.1498 -0.8049
vn 0.3750 -0.9166 -0.1390
vn -0.4058 -0.9036 -0.1372
vn 0.6032 -0.0362 -0.7968
vn 0.6018 -0.0335 -0.7980
vn 0.9704 0.0964 0.2216
vn 0.9496 0.0597 0.3076
vn -0.9478 0.0845 0.3076
vn -0.9676 0.1245 0.2196
vn 0.5708 0.1413 -0.8088
vn 0.5703 0.1451 -0.8085
vn -0.5658 0.1512 -0.8106
vn -0.5662 0.1485 -0.8108
vn -0.4985 -0.2288 -0.8362
vn 0.9779 0.1273 0.1661
vn 0.9899 0.0357 0.1373
vn 0.9490 0.0641 0.3087
vn 0.9432 0.1224 0.3088
vn -0.9367 0.1680 0.3073
vn -0.9450 0.1116 0.3076
vn -0.9871 0.0840 0.1364
vn -0.9712 0.1742 0.1627
vn 0.5500 -0.0004 -0.8352
vn 0.5169 -0.2388 -0.8221
vn 0.5514 0.0216 -0.8339
vn -0.9959 0.0889 -0.0154
vn -0.9992 0.0331 -0.0208
vn -0.9642 0.2650 0.0027
vn -0.9645 0.2639 0.0024
vn 0.9979 0.0649 -0.0063
vn 0.9998 0.0177 -0.0107
vn 0.9848 -0.1705 -0.0333
vn 0.9946 -0.1000 -0.0268
vn 0.9945 0.1044 -0.0040
vn 0.9996 -0.0200 -0.0192
vn -0.9894 0.1452 -0.0100
vn -0.9648 0.2629 0.0021
vn -0.9995 0.0223 -0.0222
vn -0.9969 -0.0717 -0.0312
vn 0.9748 0.2227 0.0104
vn 0.9717 0.2358 0.0140
vn 0.9680 0.2504 0.0179
vn -0.9872 -0.1550 -0.0389
vn -0.5388 0.2864 -0.7923
vn -0.5104 0.1905 -0.8386
vn -0.5280 0.2324 -0.8168
vn -0.4324 0.3549 -0.8289
vn -0.4231 0.3473 -0.8369
vn -0.8440 0.4927 0.2119
vn -0.8265 0.5088 0.2409
vn -0.7621 0.6147 0.2034
vn -0.7623 0.6239 0.1721
vn -0.1771 -0.0901 0.9801
vn -0.1231 -0.0859 0.9887
vn -0.0468 0.0702 0.9964
vn -0.0848 0.1079 0.9905
vn 0.5801 -0.7084 0.4021
vn 0.5817 -0.7069 0.4024
vn 0.7304 -0.5307 0.4299
vn 0.3602 -0.5548 -0.7500
vn 0.3467 -0.5053 -0.7902
vn 0.4975 -0.3267 -0.8036
vn 0.5035 -0.3335 -0.7971
vn 0.3647 -0.8662 0.3416
vn -0.9024 0.3614 0.2346
vn -0.8916 0.3515 0.2854
vn 0.1868 -0.7122 -0.6766
vn 0.1506 -0.6759 -0.7214
vn -0.5927 0.0514 -0.8038
vn -0.6233 0.0826 -0.7776
vn -0.2793 -0.2507 0.9269
vn -0.2246 -0.3024 0.9264
vn 0.6119 0.7631 0.2083
vn 0.6383 0.7397 0.2132
vn 0.7657 0.5730 0.2922
vn 0.7682 0.5722 0.2870
vn 0.5551 0.8200 -0.1396
vn 0.6005 0.7807 -0.1731
vn 0.4464 0.8864 -0.1222
vn 0.4508 0.8830 -0.1310
vn 0.8880 0.4383 -0.1392
vn 0.8905 0.4418 -0.1085
vn 0.8905 0.4417 -0.1091
vn 0.5525 0.8335 0.0058
vn 0.5538 0.8325 0.0131
vn 0.4929 0.8459 0.2037
vn 0.5014 0.8400 0.2075
vn 0.5715 0.7295 -0.3757
vn 0.6355 0.6963 -0.3336
vn 0.7394 0.6277 -0.2437
vn 0.7395 0.6275 -0.2436
vn 0.2743 -0.5070 -0.8171
vn 0.2577 -0.4930 -0.8310
vn 0.3805 -0.5917 -0.7107
vn -0.1696 -0.0714 0.9829
vn -0.1616 -0.0780 0.9838
vn -0.0304 -0.1836 0.9825
vn -0.5716 0.2082 -0.7937
vn -0.5696 0.2061 -0.7956
vn -0.6545 0.3078 -0.6905
vn 0.5970 -0.7051 0.3826
vn 0.5998 -0.7075 0.3738
vn 0.6409 -0.7382 0.2106
vn -0.8417 0.4842 0.2390
vn -0.8422 0.4846 0.2364
vn -0.7988 0.4519 0.3971
vn -0.6202 -0.7268 -0.2950
vn -0.4971 -0.8181 0.2893
vn -0.6636 -0.7477 0.0231
vn -0.5442 -0.8389 -0.0115
vn -0.5246 -0.8512 -0.0168
vn -0.3974 -0.9157 -0.0592
vn -0.7748 -0.5748 0.2632
vn 0.5128 0.8508 -0.1144
vn 0.5085 0.8326 -0.2197
vn 0.3442 0.9112 -0.2262
vn 0.3390 0.9337 -0.1155
vn -0.0320 -0.0483 -0.9983
vn -0.0588 -0.0979 -0.9935
vn -0.2230 0.0096 -0.9748
vn -0.1732 0.0347 -0.9843
vn 0.8108 -0.5238 0.2611
vn 0.8545 -0.4737 0.2132
vn 0.8338 -0.5324 0.1459
vn 0.8182 -0.5494 0.1695
vn 0.2545 0.2296 0.9394
vn 0.2667 0.2521 0.9302
vn 0.1196 0.3919 0.9122
vn 0.0843 0.3229 0.9427
vn 0.7266 -0.6461 0.2337
vn 0.7274 -0.6665 0.1635
vn 0.8194 -0.5622 0.1116
vn 0.7575 -0.5766 0.3061
vn -0.8488 0.5218 -0.0859
vn -0.8492 0.5251 -0.0553
vn -0.8553 0.5144 -0.0627
vn -0.8584 0.5092 -0.0619
vn -0.0766 -0.1317 -0.9883
vn -0.2325 -0.0373 -0.9719
vn -0.9011 0.4222 -0.0985
vn -0.9084 0.4176 -0.0214
vn 0.7943 -0.5860 0.1603
vn 0.7823 -0.6013 0.1626
vn -0.8380 0.2233 0.4980
vn -0.8046 0.3144 0.5038
vn -0.7637 0.4022 0.5049
vn -0.0274 -0.0355 -0.9990
vn -0.1360 0.0255 -0.9904
vn -0.0042 -0.0494 0.9988
vn 0.1757 0.0922 0.9801
vn -0.0081 0.2112 0.9774
vn -0.1935 0.0506 0.9798
vn 0.6978 -0.7034 0.1354
vn 0.8029 -0.5892 0.0902
vn 0.3642 0.0024 0.9313
vn 0.4171 0.1005 0.9033
vn 0.9208 -0.3896 0.0182
vn 0.2606 -0.2433 0.9343
vn 0.2403 -0.1714 0.9555
vn -0.8624 0.1343 0.4880
vn -0.3769 -0.0820 -0.9226
vn -0.3924 -0.0864 -0.9157
vn -0.3308 -0.0691 -0.9412
vn 0.8268 -0.5552 0.0904
vn 0.8161 -0.5645 0.1237
vn 0.7584 -0.5992 0.2564
vn 0.8081 -0.5679 0.1565
vn -0.9185 0.3653 -0.1517
vn -0.9165 0.3719 -0.1471
vn -0.8580 0.4913 -0.1499
vn -0.8720 0.4591 -0.1701
vn -0.9440 0.3089 -0.1159
vn -0.9962 -0.0275 -0.0823
vn -0.9194 -0.3470 -0.1853
vn -0.9550 -0.2926 -0.0490
vn -0.8696 0.4847 -0.0943
vn -0.8762 0.4659 -0.1231
vn 0.8671 -0.4170 0.2726
vn 0.5122 0.8589 -0.0043
vn 0.3690 0.9293 -0.0144
vn 0.6490 0.7607 0.0065
vn 0.6652 0.7396 -0.1030
vn 0.2242 -0.9376 -0.2658
vn 0.3376 -0.9339 -0.1178
vn 0.3507 -0.9312 -0.0994
vn -0.4325 -0.0976 -0.8964
vn -0.3121 -0.0593 0.9482
vn -0.2698 -0.9627 0.0205
vn 0.0851 -0.0979 -0.9915
vn 0.1119 -0.1286 -0.9854
vn 0.1140 -0.1878 -0.9756
vn 0.0785 -0.2199 -0.9724
vn 0.3843 0.1235 0.9149
vn 0.6455 0.7351 -0.2071
vn 0.4467 -0.8935 0.0461
vn 0.6149 0.7886 0.0029
vn 0.5066 0.8622 -0.0052
vn 0.4035 0.9149 -0.0123
vn -0.6301 -0.7638 0.1403
vn -0.9998 0.0162 -0.0072
vn -0.9680 -0.2418 0.0664
vn 0.2693 -0.0861 0.9592
vn -0.3720 -0.9280 -0.0207
vn -0.9674 0.2531 0.0119
vn 0.9212 -0.3793 0.0872
vn -0.3769 0.0358 -0.9255
vn 0.3337 -0.1544 0.9299
vn 0.3543 -0.1606 0.9212
vn 0.4599 -0.1918 0.8670
vn 0.2186 -0.1193 0.9685
vn 0.4183 -0.5408 -0.7298
vn 0.2285 -0.7510 -0.6195
vn 0.5289 -0.3628 -0.7672
vn -0.8380 0.5183 0.1708
vn -0.9101 0.3696 0.1872
vn -0.7621 0.6289 0.1540
vn -0.2053 -0.0354 0.9781
vn -0.3234 -0.2069 0.9233
vn -0.0936 0.1166 0.9888
vn -0.4674 0.1959 -0.8621
vn -0.5546 0.0145 -0.8320
vn -0.3923 0.3221 -0.8616
vn -0.6131 -0.7331 -0.2944
vn -0.8612 0.5032 0.0721
vn -0.3956 -0.9171 -0.0498
vn -0.4705 0.1005 -0.8766
vn -0.7802 -0.5703 0.2570
vn 0.5377 -0.6529 0.5335
vn 0.7421 0.5792 0.3374
vn -0.5032 -0.8126 0.2942
vn 0.4936 -0.6400 -0.5889
vn 0.3556 -0.5540 -0.7528
vn 0.3417 -0.5444 -0.7661
vn 0.8922 0.4448 -0.0791
vn -0.9083 -0.3358 -0.2495
vn 0.4101 0.7862 -0.4622
vn -0.8471 -0.5219 -0.1004
vn -0.2942 0.0351 0.9551
vn -0.3331 -0.9248 -0.1836
vn -0.3406 -0.8875 -0.3105
vn -0.3726 0.0583 -0.9262
vn -0.5612 0.0356 -0.8269
vn -0.5190 0.3436 -0.7826
vn -0.3450 0.3846 -0.8562
vn -0.9747 -0.0418 0.2194
vn -0.9598 -0.0603 0.2742
vn -0.9640 -0.0313 0.2640
vn -0.9431 0.2443 0.2253
vn -0.8460 -0.4515 -0.2836
vn -0.8782 -0.4772 -0.0321
vn -0.9165 -0.3982 -0.0380
vn -0.8819 -0.3825 -0.2757
vn -0.3785 -0.9246 -0.0438
vn -0.3721 -0.9282 -0.0036
vn -0.5470 -0.8362 0.0395
vn -0.4845 -0.8747 -0.0144
vn -0.7689 -0.4535 0.4508
vn -0.4646 -0.4810 0.7435
vn -0.4745 -0.3507 0.8074
vn -0.7954 -0.3845 0.4684
vn -0.8948 -0.4011 0.1964
vn -0.8175 -0.1877 0.5444
vn -0.9533 -0.2060 0.2207
vn -0.4196 -0.3397 -0.8417
vn -0.7446 -0.3816 -0.5477
vn -0.5699 -0.1821 -0.8013
vn -0.3991 -0.1573 -0.9033
vn -0.2673 -0.9632 -0.0277
vn -0.4377 -0.1073 0.8927
vn -0.2802 0.5061 0.8157
vn -0.2723 0.5055 0.8187
vn -0.4106 0.5101 0.7558
vn -0.3194 0.9197 0.2283
vn -0.3199 0.9029 0.2870
vn -0.2079 0.9293 0.3054
vn -0.2093 0.9509 0.2280
vn -0.9390 0.2865 -0.1904
vn -0.8392 0.5186 -0.1639
vn -0.8199 0.5336 -0.2074
vn -0.9299 0.2776 -0.2413
vn -0.8470 0.4867 0.2137
vn -0.8638 0.5032 0.0236
vn -0.9629 0.2693 0.0184
vn -0.5747 -0.0849 0.8139
vn -0.3937 -0.0438 0.9182
vn -0.3758 -0.1289 0.9177
vn -0.5709 -0.1256 0.8114
vn -0.4202 -0.4002 -0.8144
vn -0.7265 -0.4350 -0.5320
vn -0.9823 -0.1870 -0.0078
vn -0.9519 -0.1872 -0.2424
vn -0.3206 0.9305 -0.1771
vn -0.3223 0.9463 0.0241
vn -0.2058 0.9784 0.0205
vn -0.2112 0.9617 -0.1748
vn -0.4312 -0.8848 -0.1767
vn -0.4315 -0.8465 -0.3118
vn -0.9781 -0.0072 -0.2079
vn -0.9998 -0.0166 0.0072
vn -0.2932 -0.3865 -0.8745
vn -0.2804 0.6141 -0.7377
vn -0.3168 -0.4903 0.8119
vn -0.8679 -0.4603 0.1870
vn -0.4389 0.5981 -0.6705
vn -0.8353 0.4844 0.2598
vn -0.9394 -0.1773 -0.2934
vn -0.9649 -0.0048 -0.2626
vn -0.2127 0.9476 -0.2382
vn -0.3402 -0.8756 -0.3429
vn -0.4596 -0.8196 -0.3421
vn -0.3227 0.9185 -0.2284
vn -0.2599 -0.9037 -0.3402
vn 0.9597 0.2427 -0.1414
vn 0.9575 0.2524 -0.1395
vn 0.8964 0.4315 -0.1015
vn -0.2362 0.0512 -0.9704
vn -0.4454 0.0196 -0.8951
vn -0.4220 0.1410 -0.8956
vn -0.2229 0.1900 -0.9562
vn -0.9950 0.0352 -0.0931
vn -0.9950 0.0376 -0.0923
vn -0.9849 0.1656 -0.0508
vn -0.2587 -0.4967 0.8285
vn -0.3842 -0.4652 0.7975
vn -0.3328 -0.4793 0.8121
vn -0.5007 -0.8637 -0.0587
vn -0.4837 -0.8725 -0.0692
vn -0.6148 -0.7885 0.0170
vn -0.0148 0.9713 -0.2372
vn -0.0466 0.9679 -0.2469
vn 0.1893 0.9673 -0.1691
vn -0.5450 -0.3674 0.7537
vn -0.5748 -0.3391 0.7448
vn -0.6940 -0.1348 0.7072
vn -0.6928 -0.1389 0.7076
vn -0.6991 0.0867 0.7097
vn -0.6882 0.1254 0.7146
vn -0.9374 -0.3481 -0.0105
vn -0.9746 -0.2106 -0.0757
vn -0.9724 -0.2227 -0.0702
vn -0.1900 -0.3759 -0.9070
vn -0.4232 -0.3615 -0.8308
vn -0.4509 -0.1995 -0.8700
vn -0.2449 -0.2282 -0.9423
vn 0.9877 -0.1520 -0.0354
vn 0.9933 -0.0420 -0.1073
vn 0.9934 -0.0452 -0.1053
vn 0.3820 -0.1382 -0.9138
vn 0.1764 -0.1988 -0.9640
vn 0.1597 0.0871 -0.9833
vn 0.3503 0.0779 -0.9334
vn 0.3491 -0.2617 -0.8998
vn 0.1653 -0.3189 -0.9333
vn 0.6489 -0.0105 0.7608
vn 0.6624 0.0275 0.7486
vn 0.4782 -0.2185 0.8506
vn 0.3982 -0.2819 0.8729
vn 0.2490 -0.3846 0.8889
vn -0.5683 0.3263 0.7554
vn -0.5181 0.3782 0.7672
vn 0.3496 0.5252 0.7758
vn 0.4092 0.4933 0.7676
vn 0.6420 0.2400 0.7282
vn 0.6311 0.2660 0.7287
vn -0.6032 0.7876 -0.1260
vn -0.4191 0.8804 -0.2221
vn -0.4207 0.8798 -0.2213
vn 0.3111 -0.9498 -0.0334
vn -0.3636 -0.9211 -0.1389
vn -0.2576 0.5445 0.7982
vn -0.2919 0.5299 0.7963
vn 0.0292 0.6033 0.7970
vn 0.0250 0.6032 0.7972
vn 0.0916 0.2189 -0.9714
vn 0.2658 0.2061 -0.9417
vn -0.6479 0.1140 0.7531
vn -0.4416 0.1001 0.8916
vn -0.6565 0.1843 0.7315
vn 0.6897 0.2003 0.6959
vn 0.4884 0.1829 0.8532
vn 0.4825 0.0209 0.8757
vn 0.6896 -0.0125 0.7241
vn -0.5857 -0.2364 0.7753
vn -0.4233 -0.0554 0.9043
vn -0.6121 -0.1165 0.7821
vn -0.2387 0.5256 0.8166
vn -0.2212 0.3764 0.8997
vn -0.0228 0.4060 0.9136
vn -0.0488 0.5570 0.8291
vn 0.0362 -0.4402 0.8972
vn -0.0090 -0.2707 0.9626
vn -0.1146 -0.2720 0.9554
vn -0.1015 -0.4736 0.8749
vn 0.2473 -0.4027 0.8813
vn 0.1979 -0.2381 0.9509
vn 0.4654 -0.1720 0.8682
vn 0.5129 -0.2855 0.8096
vn 0.2877 0.5752 0.7657
vn 0.2349 0.4209 0.8762
vn 0.4599 0.3703 0.8070
vn 0.5573 0.4747 0.6812
vn -0.0763 -0.0031 0.9971
vn -0.0916 0.1340 0.9867
vn 0.1270 0.1492 0.9806
vn 0.1242 0.0107 0.9922
vn -0.3724 0.0661 -0.9257
vn -0.5674 0.0457 -0.8222
vn -0.5369 0.2422 -0.8081
vn -0.3390 0.3051 -0.8900
vn -0.4101 -0.3475 -0.8432
vn -0.7434 -0.3822 -0.5490
vn -0.5748 -0.1809 -0.7981
vn -0.3964 -0.1583 -0.9043
vn -0.3375 0.1309 0.9322
vn -0.2617 0.1781 0.9486
vn -0.4222 0.2373 0.8749
vn -0.4883 0.0904 0.8680
vn -0.3369 0.8420 0.4214
vn -0.3402 0.7614 0.5519
vn -0.2352 0.7932 0.5617
vn -0.2244 0.8819 0.4147
vn -0.8562 0.4674 -0.2200
vn -0.5492 0.7976 -0.2493
vn -0.4940 0.7215 -0.4852
vn -0.7197 0.4733 -0.5080
vn -0.8779 0.3672 0.3074
vn -0.7843 0.5281 0.3255
vn -0.8001 0.5991 0.0318
vn -0.8921 0.4500 0.0403
vn -0.4089 -0.4158 -0.8124
vn -0.6509 -0.5880 -0.4802
vn -0.3352 0.9384 0.0842
vn -0.2115 0.9743 0.0777
vn -0.2217 0.9393 -0.2619
vn -0.9755 -0.0091 -0.2199
vn -0.9997 -0.0258 -0.0006
vn -0.9889 0.1446 0.0329
vn -0.9648 0.1543 -0.2128
vn -0.2655 -0.4075 -0.8737
vn -0.3345 0.5226 -0.7842
vn -0.2425 0.7508 -0.6144
vn -0.9533 -0.1554 -0.2589
vn -0.9973 -0.0532 -0.0515
vn -0.8930 0.2835 0.3495
vn -0.7744 0.4789 0.4135
vn -0.9789 -0.0368 0.2011
vn -0.9667 0.0744 0.2448
vn -0.9352 -0.1801 -0.3048
vn -0.9609 -0.0004 -0.2769
vn -0.9539 0.1675 -0.2492
vn -0.3313 -0.8730 -0.3579
vn -0.3582 -0.8628 -0.3567
vn -0.6728 -0.6506 -0.3522
vn -0.8589 -0.3924 -0.3290
vn -0.9568 0.0736 0.2812
vn -0.3162 0.0645 0.9465
vn -0.5180 0.0120 0.8553
vt 0.625000 0.469697
vt 0.625000 0.437500
vt 0.625000 0.437500
vt 0.625000 0.469697
vt 0.562500 0.469697
vt 0.625000 0.500000
vt 0.562500 0.500000
vt 0.562500 0.686228
vt 0.625000 0.686228
vt 0.625000 0.750000
vt 0.562500 0.750000
vt 0.375000 0.375000
vt 0.375000 0.437500
vt 0.375000 0.437500
vt 0.375000 0.375000
vt 0.375000 0.686228
vt 0.375000 0.750000
vt 0.375000 0.686228
vt 0.375000 0.686228
vt 0.375000 0.469697
vt 0.375000 0.500000
vt 0.375000 0.469697
vt 0.625000 0.686228
vt 0.625000 0.625000
vt 0.625000 0.686228
vt 0.625000 0.781250
vt 0.625000 0.686228
vt 0.375000 0.469697
vt 0.375000 0.469697
vt 0.375000 0.469697
vt 0.625000 0.562500
vt 0.375000 0.686228
vt 0.375000 0.750000
vt 0.375000 0.686228
vt 0.375000 0.562500
vt 0.375000 0.625000
vt 0.625000 0.375000
vt 0.375000 0.625000
vt 0.562500 0.562500
vt 0.562500 0.625000
vt 0.562500 0.375000
vt 0.562500 0.437500
vt 0.625000 0.437500
vt 0.375000 0.812500
vt 0.375000 0.875000
vt 0.375000 0.875000
vt 0.375000 0.875000
vt 0.375000 0.875000
vt 0.625000 0.469697
vt 0.562500 0.812500
vt 0.625000 0.812500
vt 0.625000 0.875000
vt 0.562500 0.875000
vt 0.562500 0.781250
vt 0.375000 0.781250
vt 0.437500 0.781250
vt 0.500000 0.781250
vt 0.500000 0.812500
vt 0.437500 0.812500
vt 0.500000 0.875000
vt 0.437500 0.875000
vt 0.437500 0.375000
vt 0.500000 0.375000
vt 0.500000 0.437500
vt 0.437500 0.437500
vt 0.437500 0.562500
vt 0.500000 0.562500
vt 0.500000 0.625000
vt 0.437500 0.625000
vt 0.437500 0.686228
vt 0.500000 0.686228
vt 0.500000 0.750000
vt 0.437500 0.750000
vt 0.437500 0.469697
vt 0.500000 0.469697
vt 0.500000 0.500000
vt 0.437500 0.500000
vt 1.000000 0.000000
vt 1.000000 1.000000
vt 0.800000 1.000000
vt 0.800000 0.000000
vt 0.600000 1.000000
vt 0.600000 0.000000
vt 0.400000 1.000000
vt 0.400000 0.000000
vt 0.200000 1.000000
vt 0.200000 0.000000
vt 0.000000 1.000000
vt 0.000000 0.000000
vt 0.400000 0.000000
vt 1.022060 0.000000
vt 0.800261 0.000000
vt 0.383948 0.000000
vt 0.197578 0.000000
vt 0.616021 0.000000
vt -0.024246 0.000000
vt 0.610449 0.000000
vt 0.389920 0.000000
vt 0.600000 0.000000
vt 0.000000 0.000000
vt 0.400000 0.000000
vt 0.600000 0.000000
vt 0.600000 0.000000
vt 0.900000 0.000000
vt 0.900000 1.000000
vt 0.700000 0.000000
vt 0.700000 1.000000
vt 0.502738 0.000000
vt 0.502738 1.000000
vt 0.100000 0.000000
vt 0.100000 1.000000
vt 0.500000 0.125000
vt 0.625000 0.125000
vt 0.625000 0.250000
vt 0.500000 0.250000
vt 0.625000 1.000000
vt 0.500000 1.000000
vt 0.250000 0.687500
vt 0.375000 0.687500
vt 0.250000 0.750000
vt 0.750000 0.687500
vt 0.875000 0.687500
vt 0.875000 0.750000
vt 0.750000 0.750000
vt 0.625000 0.687500
vt 0.125000 0.687500
vt 0.125000 0.750000
vt 0.125000 0.500000
vt 0.250000 0.500000
vt 0.250000 0.625000
vt 0.125000 0.625000
vt 0.750000 0.500000
vt 0.750000 0.625000
vt 0.875000 0.500000
vt 0.875000 0.625000
vt 0.375000 0.687500
vt 0.500000 0.062500
vt 0.625000 0.062500
vt 0.375000 0.062500
vt 0.375000 0.125000
vt 0.375000 0.250000
vt 0.375000 1.000000
vt 0.500000 0.687500
vt 0.375000 0.000000
vt 0.500000 0.000000
vt 0.625000 0.000000
vt 0.625000 0.687500
vt 0.250000 0.562500
vt 0.312500 0.562500
vt 0.312500 0.625000
vt 0.562500 0.437500
vt 0.625000 0.437500
vt 0.562500 0.500000
vt 0.562500 0.687500
vt 0.625000 0.687500
vt 0.562500 0.750000
vt 0.437500 0.562500
vt 0.437500 0.625000
vt 0.312500 0.687500
vt 0.375000 0.687500
vt 0.312500 0.750000
vt 0.562500 0.375000
vt 0.437500 0.750000
vt 0.375000 0.812500
vt 0.437500 0.687500
vt 0.500000 0.687500
vt 0.437500 0.437500
vt 0.625000 0.812500
vt 0.625000 0.687500
vt 0.687500 0.687500
vt 0.687500 0.750000
vt 0.687500 0.562500
vt 0.687500 0.625000
vt 0.562500 0.562500
vt 0.750000 0.562500
vt 0.562500 0.875000
vt 0.687500 0.500000
vt 0.312500 0.500000
vt 0.541667 0.000000
vt 0.541667 0.250000
vt 0.541667 0.416667
vt 0.625000 0.416667
vt 0.541667 0.500000
vt 0.541667 0.750000
vt 0.208333 0.750000
vt 0.291667 0.750000
vt 0.291667 0.500000
vt 0.791667 0.500000
vt 0.791667 0.750000
vt 0.458333 0.750000
vt 0.458333 0.500000
vt 0.375000 0.416667
vt 0.458333 0.416667
vt 0.458333 0.000000
vt 0.458333 0.250000
vt 0.541667 0.333333
vt 0.458333 0.333333
vt 0.375000 0.333333
vt 0.708333 0.500000
vt 0.708333 0.750000
vt 0.208333 0.500000
vt 0.625000 0.333333
vt 0.541667 0.916667
vt 0.625000 0.916667
vt 0.541667 1.000000
vt 0.375000 0.916667
vt 0.458333 0.916667
vt 0.458333 1.000000
vt 0.541667 0.833333
vt 0.458333 0.833333
vt 0.375000 0.833333
vt 0.625000 0.833333
vt 0.625000 0.750000
vt 0.625000 0.500000
vt 0.625000 0.687500
vt 0.625000 0.625000
vt 0.625000 0.437500
s 1
usemtl noir
f 165/1/1 54/2/2 46/3/3 161/4/4
f 176/5/5 162/1/6 8/6/7 106/7/8
f 128/8/9 113/9/10 6/10/11 107/11/12
f 115/16/16 5/17/16 12/17/16 117/18/16
f 162/1/17 47/3/18 54/2/19 165/1/20
f 96/15/25 97/14/26 53/14/27 39/15/28
f 166/20/16 7/21/16 11/21/16 167/22/16
f 121/23/29 29/24/30 2/24/31 114/25/29
f 113/9/32 24/24/33 29/24/34 121/23/35
f 133/26/36 4/10/37 19/10/38 136/26/39
f 116/27/40 9/24/41 20/24/42 120/27/40
f 174/29/47 92/21/48 18/21/49 169/30/50
f 114/25/51 2/24/52 9/24/53 116/27/51
f 152/31/54 42/6/55 45/6/56 145/31/54
f 126/32/57 93/17/58 17/33/59 119/34/60
f 158/35/61 94/36/62 30/36/63 150/35/64
f 134/26/65 44/10/66 4/10/67 133/26/36
f 147/31/68 3/6/68 14/6/68 153/31/68
f 47/3/18 32/37/69 27/37/70 54/2/19
f 31/15/71 50/14/72 51/14/73 35/15/71
f 137/26/78 41/10/79 44/10/80 134/26/81
f 146/35/16 23/36/16 26/36/16 148/35/16
f 160/39/82 151/31/83 24/24/33 108/40/84
f 110/41/85 32/37/69 47/3/18 111/42/86
f 151/31/87 8/6/7 42/6/88 152/31/89
f 46/3/90 43/37/91 10/37/92 48/43/93
f 98/44/94 95/45/95 40/46/96 59/44/97
f 54/2/2 27/37/98 43/37/98 46/3/3
f 145/31/99 45/6/100 3/6/101 147/31/99
f 48/43/93 10/37/92 21/37/105 49/3/106
f 163/49/107 48/43/93 49/3/106 164/49/108
f 55/44/16 33/45/16 36/45/16 56/44/16
f 135/26/109 6/10/11 41/10/110 137/26/111
f 112/50/112 61/51/113 34/52/114 109/53/115
f 161/4/116 46/3/90 48/43/93 163/49/107
f 144/54/117 135/26/109 61/51/113 112/50/112
f 34/52/114 61/51/113 63/51/118 25/52/119
f 129/55/16 55/44/16 56/44/16 130/55/16
f 142/55/122 98/44/94 59/44/97 132/55/123
f 25/52/124 63/51/125 60/51/126 1/52/124
f 1/52/127 60/51/128 58/51/129 13/52/130
f 13/52/130 58/51/129 62/51/131 22/52/132
f 143/56/133 138/57/134 70/58/135 105/59/136
f 105/59/136 70/58/135 67/60/137 102/61/138
f 103/62/139 68/63/140 69/64/141 104/65/142
f 159/66/143 154/67/144 66/68/145 101/69/146
f 127/70/147 122/71/148 65/72/149 100/73/150
f 175/74/151 170/75/152 64/76/153 99/77/154
f 136/26/155 19/10/156 72/10/157 139/26/158
f 153/31/159 14/6/160 71/6/161 155/31/162
f 22/52/163 62/51/164 77/51/165 75/52/163
f 164/49/166 49/3/167 76/3/168 171/49/169
f 49/3/167 21/37/170 74/37/170 76/3/168
f 120/27/171 20/24/172 73/24/173 123/27/174
f 75/52/175 77/51/176 84/51/176 82/52/175
f 171/49/177 76/3/178 83/3/179 172/4/177
f 155/31/180 71/6/181 78/6/182 156/31/180
f 123/27/183 73/24/183 80/24/183 124/23/183
f 76/3/178 74/37/184 81/37/184 83/3/179
f 139/26/185 72/10/186 79/10/186 140/26/187
f 132/55/123 59/44/97 91/44/188 141/55/189
f 59/44/97 40/46/96 89/47/190 91/44/188
f 150/35/64 30/36/63 87/36/191 157/35/192
f 169/30/50 18/21/49 86/21/193 173/28/194
f 119/34/60 17/33/59 85/17/195 125/19/196
f 39/15/28 53/14/27 90/13/197 88/12/198
f 130/55/199 56/44/200 98/44/94 142/55/122
f 56/44/200 36/45/201 95/45/95 98/44/94
f 148/35/202 26/36/203 94/36/62 158/35/61
f 117/18/204 12/17/205 93/17/58 126/32/57
f 167/22/206 11/21/207 92/21/48 174/29/47
f 35/15/208 51/14/209 97/14/26 96/15/25
f 166/20/210 175/74/151 99/77/154 7/21/211
f 115/16/212 127/70/147 100/73/150 5/17/213
f 146/35/214 159/66/143 101/69/146 23/36/215
f 31/15/216 103/62/139 104/65/142 50/14/217
f 55/44/218 105/59/136 102/61/138 33/45/219
f 129/55/220 143/56/133 105/59/136 55/44/218
f 138/57/134 144/54/117 112/50/112 70/58/135
f 70/58/135 112/50/112 109/53/115 67/60/137
f 68/63/140 110/41/85 111/42/86 69/64/141
f 154/67/144 160/39/82 108/40/84 66/68/145
f 122/71/148 128/8/9 107/11/12 65/72/149
f 170/75/152 176/5/5 106/7/8 64/76/153
f 66/68/145 108/40/84 128/8/221 122/71/222
f 23/36/215 101/69/146 127/70/223 115/16/224
f 26/36/203 117/18/225 126/32/57 94/36/62
f 30/36/63 119/34/60 125/19/196 87/36/191
f 72/10/226 123/27/226 124/23/226 79/10/226
f 19/10/156 120/27/171 123/27/174 72/10/157
f 101/69/146 66/68/145 122/71/222 127/70/223
f 94/36/62 126/32/57 119/34/60 30/36/63
f 44/10/66 114/25/227 116/27/227 4/10/67
f 4/10/37 116/27/228 120/27/228 19/10/38
f 6/10/11 113/9/10 121/23/229 41/10/110
f 41/10/79 121/23/230 114/25/230 44/10/80
f 23/36/16 115/16/16 117/18/16 26/36/16
f 108/40/84 24/24/33 113/9/32 128/8/221
f 65/72/149 107/11/12 144/54/117 138/57/134
f 5/17/213 100/73/150 143/56/133 129/55/220
f 12/17/205 130/55/199 142/55/122 93/17/58
f 17/33/59 132/55/123 141/55/189 85/17/195
f 77/51/231 139/26/185 140/26/187 84/51/231
f 62/51/164 136/26/155 139/26/158 77/51/165
f 100/73/150 65/72/149 138/57/134 143/56/133
f 93/17/58 142/55/122 132/55/123 17/33/59
f 5/17/16 129/55/16 130/55/16 12/17/16
f 107/11/12 6/10/11 135/26/109 144/54/117
f 61/51/113 135/26/109 137/26/232 63/51/118
f 63/51/125 137/26/78 134/26/81 60/51/126
f 60/51/128 134/26/65 133/26/36 58/51/129
f 58/51/129 133/26/36 136/26/39 62/51/131
f 64/76/233 106/7/234 160/39/235 154/67/236
f 7/21/237 99/77/238 159/66/239 146/35/237
f 11/21/240 148/35/240 158/35/61 92/21/241
f 18/21/242 150/35/64 157/35/243 86/21/243
f 73/24/244 155/31/244 156/31/244 80/24/244
f 20/24/172 153/31/159 155/31/162 73/24/173
f 99/77/238 64/76/233 154/67/236 159/66/239
f 2/24/52 145/31/245 147/31/245 9/24/53
f 24/24/33 151/31/83 152/31/246 29/24/34
f 106/7/234 8/6/7 151/31/87 160/39/235
f 7/21/16 146/35/16 148/35/16 11/21/16
f 9/24/41 147/31/247 153/31/247 20/24/42
f 92/21/241 158/35/61 150/35/64 18/21/242
f 29/24/30 152/31/248 145/31/248 2/24/31
f 69/64/141 111/42/86 176/5/5 170/75/152
f 50/14/217 104/65/142 175/74/151 166/20/210
f 51/14/209 167/22/206 174/29/47 97/14/26
f 53/14/27 169/30/50 173/28/194 90/13/197
f 71/6/181 171/49/249 172/4/249 78/6/182
f 14/6/160 164/49/166 171/49/169 71/6/161
f 104/65/142 69/64/141 170/75/152 175/74/151
f 45/6/100 161/4/116 163/49/107 3/6/101
f 3/6/250 163/49/250 164/49/250 14/6/250
f 97/14/26 174/29/47 169/30/50 53/14/27
f 50/14/72 166/20/16 167/22/16 51/14/73
f 8/6/7 162/1/6 165/1/251 42/6/88
f 111/42/86 47/3/18 162/1/17 176/5/5
f 42/6/55 165/1/1 161/4/4 45/6/56
f 351/104/338 352/105/339 248/80/340 247/81/341
f 345/106/342 346/107/343 250/82/344 249/83/345
f 348/108/346 349/109/347 252/84/348 251/85/349
f 251/85/350 252/84/351 254/86/351 253/87/352
f 342/110/353 343/111/354 246/88/355 245/89/356
f 251/85/350 253/87/352 259/87/357 258/85/357
f 345/106/342 249/83/345 257/83/358 347/106/359
f 342/110/353 245/89/356 255/89/360 344/110/361
f 351/104/338 247/81/341 256/81/362 353/104/363
f 348/108/346 251/85/349 258/85/364 350/108/365
f 253/87/509 342/110/353 344/110/361 259/87/510
f 253/87/509 254/86/511 343/111/354 342/110/353
f 247/81/512 345/106/342 347/106/359 256/81/513
f 247/81/512 248/80/514 346/107/343 345/106/342
f 249/83/515 348/108/346 350/108/365 257/83/516
f 249/83/515 250/82/517 349/109/347 348/108/346
f 245/78/518 351/104/338 353/104/363 255/78/519
f 245/78/518 246/79/520 352/105/339 351/104/338
f 696/1/794 692/4/795 591/3/796 599/2/797
f 707/5/798 639/7/799 570/6/800 693/1/801
f 659/8/802 640/11/803 568/10/804 644/9/805
f 646/16/16 648/18/16 573/17/16 567/17/16
f 693/1/808 696/1/809 599/2/810 592/3/811
f 96/15/25 39/15/28 598/14/816 632/14/817
f 697/20/16 698/22/16 572/21/16 569/21/16
f 652/23/818 645/25/818 564/24/819 585/24/820
f 644/9/821 652/23/822 585/24/823 582/24/824
f 664/26/825 667/26/826 579/10/827 566/10/828
f 647/27/829 651/27/829 580/24/830 571/24/831
f 705/29/836 700/30/837 578/21/838 629/21/839
f 645/25/840 647/27/840 571/24/841 564/24/842
f 683/31/843 676/31/843 590/6/844 588/6/845
f 657/32/846 650/34/847 577/33/848 630/17/849
f 689/35/850 681/35/851 586/36/852 631/36/853
f 665/26/854 664/26/825 566/10/855 589/10/856
f 678/31/857 684/31/857 574/6/857 565/6/857
f 592/3/811 599/2/810 27/37/70 32/37/69
f 31/15/71 35/15/71 596/14/858 595/14/859
f 668/26/864 665/26/865 589/10/866 587/10/867
f 677/35/868 679/35/868 583/36/869 581/36/870
f 691/39/871 641/40/872 582/24/824 682/31/873
f 110/41/85 642/42/874 592/3/811 32/37/69
f 682/31/875 683/31/876 588/6/877 570/6/800
f 591/3/878 593/43/879 10/37/92 43/37/880
f 633/44/881 604/44/882 40/46/96 95/45/95
f 599/2/797 591/3/796 43/37/883 27/37/883
f 676/31/884 678/31/884 565/6/885 590/6/886
f 593/43/879 594/3/889 21/37/105 10/37/92
f 694/49/890 695/49/891 594/3/889 593/43/879
f 600/44/16 601/44/16 36/45/16 33/45/16
f 666/26/892 668/26/893 587/10/894 568/10/804
f 643/50/895 109/53/115 34/52/114 606/51/896
f 692/4/897 694/49/890 593/43/879 591/3/878
f 675/54/898 643/50/895 606/51/896 666/26/892
f 34/52/114 25/52/119 608/51/899 606/51/896
f 660/55/16 661/55/16 601/44/16 600/44/16
f 673/55/902 663/55/903 604/44/882 633/44/881
f 25/52/904 1/52/904 605/51/905 608/51/906
f 1/52/907 13/52/130 603/51/908 605/51/909
f 13/52/130 22/52/132 607/51/910 603/51/908
f 674/56/911 638/59/912 613/58/913 669/57/914
f 638/59/912 102/61/138 67/60/137 613/58/913
f 103/62/139 637/65/915 612/64/916 68/63/140
f 690/66/917 636/69/918 611/68/919 685/67/920
f 658/70/921 635/73/922 610/72/923 653/71/924
f 706/74/925 634/77/926 609/76/927 701/75/928
f 667/26/929 670/26/930 615/10/931 579/10/932
f 684/31/933 686/31/934 614/6/935 574/6/936
f 22/52/163 75/52/163 618/51/937 607/51/938
f 695/49/939 702/49/940 617/3/941 594/3/942
f 594/3/942 617/3/941 74/37/170 21/37/170
f 651/27/943 654/27/944 616/24/945 580/24/946
f 75/52/175 82/52/175 623/51/947 618/51/947
f 702/49/948 703/4/948 622/3/949 617/3/950
f 686/31/951 687/31/951 619/6/952 614/6/953
f 654/27/954 655/23/954 621/24/954 616/24/954
f 617/3/950 622/3/949 81/37/184 74/37/184
f 670/26/955 671/26/956 620/10/957 615/10/957
f 663/55/903 672/55/958 628/44/959 604/44/882
f 604/44/882 628/44/959 89/47/190 40/46/96
f 681/35/851 688/35/960 626/36/961 586/36/852
f 700/30/837 704/28/962 625/21/963 578/21/838
f 650/34/847 656/19/964 624/17/965 577/33/848
f 39/15/28 88/12/198 627/13/966 598/14/816
f 661/55/967 673/55/902 633/44/881 601/44/968
f 601/44/968 633/44/881 95/45/95 36/45/201
f 679/35/969 689/35/850 631/36/853 583/36/970
f 648/18/971 657/32/846 630/17/849 573/17/972
f 698/22/973 705/29/836 629/21/839 572/21/974
f 35/15/208 96/15/25 632/14/817 596/14/975
f 697/20/976 569/21/977 634/77/926 706/74/925
f 646/16/978 567/17/979 635/73/922 658/70/921
f 677/35/980 581/36/981 636/69/918 690/66/917
f 31/15/216 595/14/982 637/65/915 103/62/139
f 600/44/983 33/45/219 102/61/138 638/59/912
f 660/55/984 600/44/983 638/59/912 674/56/911
f 669/57/914 613/58/913 643/50/895 675/54/898
f 613/58/913 67/60/137 109/53/115 643/50/895
f 68/63/140 612/64/916 642/42/874 110/41/85
f 685/67/920 611/68/919 641/40/872 691/39/871
f 653/71/924 610/72/923 640/11/803 659/8/802
f 701/75/928 609/76/927 639/7/799 707/5/798
f 611/68/919 653/71/985 659/8/986 641/40/872
f 581/36/981 646/16/987 658/70/988 636/69/918
f 583/36/970 631/36/853 657/32/846 648/18/989
f 586/36/852 626/36/961 656/19/964 650/34/847
f 615/10/990 620/10/990 655/23/990 654/27/990
f 579/10/932 615/10/931 654/27/944 651/27/943
f 636/69/918 658/70/988 653/71/985 611/68/919
f 631/36/853 586/36/852 650/34/847 657/32/846
f 589/10/856 566/10/855 647/27/991 645/25/991
f 566/10/828 579/10/827 651/27/992 647/27/992
f 568/10/804 587/10/894 652/23/993 644/9/805
f 587/10/867 589/10/866 645/25/994 652/23/994
f 581/36/870 583/36/869 648/18/16 646/16/16
f 641/40/872 659/8/986 644/9/821 582/24/824
f 610/72/923 669/57/914 675/54/898 640/11/803
f 567/17/979 660/55/984 674/56/911 635/73/922
f 573/17/972 630/17/849 673/55/902 661/55/967
f 577/33/848 624/17/965 672/55/958 663/55/903
f 618/51/995 623/51/995 671/26/956 670/26/955
f 607/51/938 618/51/937 670/26/930 667/26/929
f 635/73/922 674/56/911 669/57/914 610/72/923
f 630/17/849 577/33/848 663/55/903 673/55/902
f 567/17/16 573/17/16 661/55/16 660/55/16
f 640/11/803 675/54/898 666/26/892 568/10/804
f 606/51/896 608/51/899 668/26/996 666/26/892
f 608/51/906 605/51/905 665/26/865 668/26/864
f 605/51/909 603/51/908 664/26/825 665/26/854
f 603/51/908 607/51/910 667/26/826 664/26/825
f 609/76/997 685/67/998 691/39/999 639/7/1000
f 569/21/1001 677/35/1001 690/66/1002 634/77/1003
f 572/21/1004 629/21/1005 689/35/850 679/35/1004
f 578/21/1006 625/21/1007 688/35/1007 681/35/851
f 616/24/1008 621/24/1008 687/31/1008 686/31/1008
f 580/24/946 616/24/945 686/31/934 684/31/933
f 634/77/1003 690/66/1002 685/67/998 609/76/997
f 564/24/842 571/24/841 678/31/1009 676/31/1009
f 582/24/824 585/24/823 683/31/1010 682/31/873
f 639/7/1000 691/39/999 682/31/875 570/6/800
f 569/21/16 572/21/16 679/35/868 677/35/868
f 571/24/831 580/24/830 684/31/1011 678/31/1011
f 629/21/1005 578/21/1006 681/35/851 689/35/850
f 585/24/820 564/24/819 676/31/1012 683/31/1012
f 612/64/916 701/75/928 707/5/798 642/42/874
f 595/14/982 697/20/976 706/74/925 637/65/915
f 596/14/975 632/14/817 705/29/836 698/22/973
f 598/14/816 627/13/966 704/28/962 700/30/837
f 614/6/953 619/6/952 703/4/1013 702/49/1013
f 574/6/936 614/6/935 702/49/940 695/49/939
f 637/65/915 706/74/925 701/75/928 612/64/916
f 590/6/886 565/6/885 694/49/890 692/4/897
f 565/6/1014 574/6/1014 695/49/1014 694/49/1014
f 632/14/817 598/14/816 700/30/837 705/29/836
f 595/14/859 596/14/858 698/22/16 697/20/16
f 570/6/800 588/6/877 696/1/1015 693/1/801
f 642/42/874 707/5/798 693/1/808 592/3/811
f 588/6/845 590/6/844 692/4/795 696/1/794
f 882/104/1089 778/81/1090 779/80/1091 883/105/1092
f 876/106/1093 780/83/1094 781/82/1095 877/107/1096
f 879/108/1097 782/85/1098 783/84/1099 880/109/1100
f 782/85/1101 784/87/1102 785/86/1103 783/84/1103
f 873/110/1104 776/89/1105 777/88/1106 874/111/1107
f 782/85/1101 789/85/1108 790/87/1108 784/87/1102
f 876/106/1093 878/106/1109 788/83/1110 780/83/1094
f 873/110/1104 875/110/1111 786/89/1112 776/89/1105
f 882/104/1089 884/104/1113 787/81/1114 778/81/1090
f 879/108/1097 881/108/1115 789/85/1116 782/85/1098
f 784/87/1255 790/87/1256 875/110/1111 873/110/1104
f 784/87/1255 873/110/1104 874/111/1107 785/86/1257
f 778/81/1258 787/81/1259 878/106/1109 876/106/1093
f 778/81/1258 876/106/1093 877/107/1096 779/80/1260
f 780/83/1261 788/83/1262 881/108/1115 879/108/1097
f 780/83/1261 879/108/1097 880/109/1100 781/82/1263
f 776/78/1264 786/78/1265 884/104/1113 882/104/1089
f 776/78/1264 882/104/1089 883/105/1092 777/79/1266
usemtl rouge
f 88/12/13 90/13/14 52/14/15 37/15/13
f 125/19/21 85/17/22 16/17/23 118/18/24
f 173/28/43 86/21/44 15/21/45 168/20/46
f 157/35/74 87/36/75 28/38/76 149/35/77
f 91/44/102 89/47/103 38/48/103 57/44/104
f 141/55/120 91/44/102 57/44/104 131/55/121
f 87/36/75 125/19/21 118/18/24 28/38/76
f 85/17/22 141/55/120 131/55/121 16/17/23
f 86/21/44 157/35/74 149/35/77 15/21/45
f 90/13/14 173/28/43 168/20/46 52/14/15
f 210/85/292 211/87/292 216/87/293 215/85/294
f 208/81/295 209/83/295 214/83/296 213/81/297
f 211/87/291 207/89/290 212/89/298 216/87/299
f 209/83/300 210/85/300 215/85/300 214/83/300
f 207/78/287 208/81/286 213/81/301 212/78/302
f 228/83/303 227/90/303 223/85/303 222/83/303
f 237/91/304 236/92/304 218/81/304 217/78/304
f 234/93/305 238/94/306 221/87/307 220/85/308
f 236/92/309 235/95/310 219/83/311 218/81/312
f 238/94/313 237/96/314 217/89/315 221/87/315
f 240/97/316 239/98/316 225/85/316 224/83/316
f 244/99/317 228/83/318 222/83/319 240/97/320
f 232/100/321 230/100/321 224/100/321 225/100/321
f 242/85/322 232/90/323 225/85/324 239/98/325
f 234/93/305 220/85/308 233/85/326 241/101/327
f 241/101/327 233/85/326 232/90/323 242/85/322
f 220/100/321 219/100/321 231/100/321 233/100/321
f 233/100/321 231/100/321 230/100/321 232/100/321
f 235/95/310 214/83/296 229/102/328 243/103/329
f 243/103/329 229/102/328 228/83/318 244/99/317
f 214/83/303 215/85/303 226/85/303 229/102/303
f 229/102/303 226/85/303 227/90/303 228/83/303
f 231/83/330 243/103/329 244/99/317 230/83/331
f 219/83/311 235/95/310 243/103/329 231/83/330
f 226/85/332 241/101/327 242/85/322 227/90/333
f 215/85/294 234/93/305 241/101/327 226/85/332
f 227/90/333 242/85/322 239/98/325 223/85/334
f 230/83/331 244/99/317 240/97/320 224/83/335
f 222/83/336 223/85/336 239/98/336 240/97/336
f 216/87/299 212/89/298 237/96/314 238/94/313
f 213/81/297 214/83/296 235/95/310 236/92/309
f 215/85/294 216/87/293 238/94/306 234/93/305
f 212/78/302 213/81/301 236/92/337 237/91/337
f 374/100/366 263/100/367 268/100/368 375/100/369
f 358/100/370 261/100/371 266/100/372 359/100/373
f 362/100/374 264/100/375 269/100/376 363/100/374
f 354/100/377 262/100/378 267/100/379 355/100/380
f 370/100/381 260/100/382 265/100/383 371/100/384
f 371/100/385 265/100/386 270/100/386 372/100/387
f 375/100/388 268/100/389 273/100/389 376/100/390
f 359/100/391 266/100/392 271/100/392 360/100/393
f 363/100/394 269/100/395 274/100/395 364/100/396
f 355/100/397 267/100/398 272/100/398 356/100/399
f 364/100/400 274/100/400 279/100/400 365/100/400
f 356/100/401 272/100/401 277/100/401 357/100/401
f 372/100/402 270/100/403 275/100/404 373/100/402
f 376/100/405 273/100/405 278/100/405 377/100/405
f 360/100/406 271/100/406 276/100/406 361/100/406
f 271/100/521 356/100/521 357/100/521 276/100/521
f 266/100/522 355/100/397 356/100/399 271/100/522
f 261/100/371 354/100/377 355/100/380 266/100/372
f 270/100/403 360/100/523 361/100/523 275/100/404
f 265/100/524 359/100/391 360/100/393 270/100/524
f 260/100/382 358/100/370 359/100/373 265/100/383
f 273/100/525 364/100/525 365/100/525 278/100/525
f 268/100/526 363/100/394 364/100/396 273/100/526
f 263/100/367 362/100/527 363/100/527 268/100/368
f 274/100/528 368/100/528 369/100/528 279/100/528
f 269/100/529 367/100/530 368/100/531 274/100/529
f 264/100/375 366/100/532 367/100/532 269/100/376
f 368/100/533 372/100/533 373/100/533 369/100/533
f 367/100/530 371/100/385 372/100/387 368/100/531
f 366/100/534 370/100/381 371/100/384 367/100/534
f 272/100/535 376/100/535 377/100/535 277/100/535
f 267/100/536 375/100/388 376/100/390 272/100/536
f 262/100/378 374/100/366 375/100/369 267/100/379
f 88/12/13 37/15/13 597/14/806 627/13/807
f 656/19/812 649/18/813 576/17/814 624/17/815
f 704/28/832 699/20/833 575/21/834 625/21/835
f 688/35/860 680/35/861 584/38/862 626/36/863
f 628/44/887 602/44/888 38/48/103 89/47/103
f 672/55/900 662/55/901 602/44/888 628/44/887
f 626/36/863 584/38/862 649/18/813 656/19/812
f 624/17/815 576/17/814 662/55/901 672/55/900
f 625/21/835 575/21/834 680/35/861 688/35/860
f 627/13/807 597/14/806 699/20/833 704/28/832
f 741/85/295 746/85/1050 747/87/1051 742/87/295
f 739/81/292 744/81/1052 745/83/1053 740/83/292
f 742/87/1048 747/87/1054 743/89/1055 738/89/1049
f 740/83/300 745/83/300 746/85/300 741/85/300
f 738/78/1044 743/78/1056 744/81/1057 739/81/1045
f 759/83/303 753/83/303 754/85/303 758/90/303
f 768/91/1058 748/78/1058 749/81/1058 767/92/1058
f 765/93/1059 751/85/1060 752/87/1061 769/94/1062
f 767/92/1063 749/81/1064 750/83/1065 766/95/1066
f 769/94/1067 752/87/1068 748/89/1068 768/96/1069
f 771/97/316 755/83/316 756/85/316 770/98/316
f 775/99/1070 771/97/1071 753/83/1072 759/83/1073
f 763/100/321 756/100/321 755/100/321 761/100/321
f 773/85/1074 770/98/1075 756/85/1076 763/90/1077
f 765/93/1059 772/101/1078 764/85/1079 751/85/1060
f 772/101/1078 773/85/1074 763/90/1077 764/85/1079
f 751/100/321 764/100/321 762/100/321 750/100/321
f 764/100/321 763/100/321 761/100/321 762/100/321
f 766/95/1066 774/103/1080 760/102/1081 745/83/1053
f 774/103/1080 775/99/1070 759/83/1073 760/102/1081
f 745/83/303 760/102/303 757/85/303 746/85/303
f 760/102/303 759/83/303 758/90/303 757/85/303
f 762/83/1082 761/83/1083 775/99/1070 774/103/1080
f 750/83/1065 762/83/1082 774/103/1080 766/95/1066
f 757/85/1084 758/90/1085 773/85/1074 772/101/1078
f 746/85/1050 757/85/1084 772/101/1078 765/93/1059
f 758/90/1085 754/85/1086 770/98/1075 773/85/1074
f 761/83/1083 755/83/1087 771/97/1071 775/99/1070
f 753/83/336 771/97/336 770/98/336 754/85/336
f 747/87/1054 769/94/1067 768/96/1069 743/89/1055
f 744/81/1052 767/92/1063 766/95/1066 745/83/1053
f 746/85/1050 765/93/1059 769/94/1062 747/87/1051
f 743/78/1056 768/91/1088 767/92/1088 744/81/1057
f 905/100/1117 906/100/1118 799/100/1119 794/100/1120
f 889/100/1121 890/100/1122 797/100/1123 792/100/1124
f 893/100/1125 894/100/1125 800/100/1126 795/100/1127
f 885/100/1128 886/100/1129 798/100/1130 793/100/1131
f 901/100/1132 902/100/1133 796/100/1134 791/100/1135
f 902/100/1136 903/100/1137 801/100/1138 796/100/1138
f 906/100/1139 907/100/1140 804/100/1141 799/100/1141
f 890/100/1142 891/100/1143 802/100/1144 797/100/1144
f 894/100/1145 895/100/1146 805/100/1147 800/100/1147
f 886/100/1148 887/100/1149 803/100/1150 798/100/1150
f 895/100/1151 896/100/1151 810/100/1151 805/100/1151
f 887/100/1152 888/100/1152 808/100/1152 803/100/1152
f 903/100/1153 904/100/1153 806/100/1154 801/100/1155
f 907/100/1156 908/100/1156 809/100/1156 804/100/1156
f 891/100/1157 892/100/1157 807/100/1157 802/100/1157
f 802/100/1267 807/100/1267 888/100/1267 887/100/1267
f 797/100/1268 802/100/1268 887/100/1149 886/100/1148
f 792/100/1124 797/100/1123 886/100/1129 885/100/1128
f 801/100/1155 806/100/1154 892/100/1269 891/100/1269
f 796/100/1270 801/100/1270 891/100/1143 890/100/1142
f 791/100/1135 796/100/1134 890/100/1122 889/100/1121
f 804/100/1271 809/100/1271 896/100/1271 895/100/1271
f 799/100/1272 804/100/1272 895/100/1146 894/100/1145
f 794/100/1120 799/100/1119 894/100/1273 893/100/1273
f 805/100/1274 810/100/1274 900/100/1274 899/100/1274
f 800/100/1275 805/100/1275 899/100/1276 898/100/1277
f 795/100/1127 800/100/1126 898/100/1278 897/100/1278
f 899/100/1279 900/100/1279 904/100/1279 903/100/1279
f 898/100/1277 899/100/1276 903/100/1137 902/100/1136
f 897/100/1280 898/100/1280 902/100/1133 901/100/1132
f 803/100/1281 808/100/1281 908/100/1281 907/100/1281
f 798/100/1282 803/100/1282 907/100/1140 906/100/1139
f 793/100/1131 798/100/1130 906/100/1118 905/100/1117
usemtl jean
f 177/78/252 178/79/252 180/80/252 179/81/252
f 179/81/253 180/80/253 182/82/253 181/83/253
f 181/83/254 182/82/254 184/84/254 183/85/254
f 183/85/255 184/84/255 186/86/255 185/87/255
f 185/87/256 186/86/256 178/88/256 177/89/256
f 183/85/16 185/87/16 191/87/257 190/85/258
f 179/81/16 181/83/16 189/83/259 188/81/260
f 185/87/16 177/89/16 187/89/261 191/87/257
f 177/78/16 179/81/16 188/81/260 187/78/261
f 181/83/16 183/85/16 190/85/258 189/83/259
f 191/87/257 187/89/261 192/89/262 196/87/263
f 189/83/259 190/85/258 195/85/264 194/83/265
f 187/78/261 188/81/260 193/81/266 192/78/262
f 190/85/258 191/87/257 196/87/263 195/85/264
f 188/81/260 189/83/259 194/83/265 193/81/266
f 708/78/256 710/81/256 711/80/256 709/79/256
f 710/81/255 712/83/255 713/82/255 711/80/255
f 712/83/254 714/85/254 715/84/254 713/82/254
f 714/85/253 716/87/253 717/86/253 715/84/253
f 716/87/252 708/89/252 709/88/252 717/86/252
f 714/85/16 721/85/1016 722/87/1017 716/87/16
f 710/81/16 719/81/1018 720/83/1019 712/83/16
f 716/87/16 722/87/1017 718/89/1020 708/89/16
f 708/78/16 718/78/1020 719/81/1018 710/81/16
f 712/83/16 720/83/1019 721/85/1016 714/85/16
f 722/87/1017 727/87/1021 723/89/1022 718/89/1020
f 720/83/1019 725/83/1023 726/85/1024 721/85/1016
f 718/78/1020 723/78/1022 724/81/1025 719/81/1018
f 721/85/1016 726/85/1024 727/87/1021 722/87/1017
f 719/81/1018 724/81/1025 725/83/1023 720/83/1019
usemtl Matériau
f 192/78/262 193/81/266 198/81/267 197/78/267
f 195/85/264 196/87/263 201/87/268 200/85/269
f 193/81/266 194/83/265 199/83/270 198/81/271
f 196/87/272 192/89/272 197/89/272 201/87/272
f 194/83/265 195/85/264 200/85/269 199/83/270
f 198/81/273 199/83/273 204/83/273 203/81/273
f 201/87/274 197/89/274 202/89/275 206/87/276
f 199/83/277 200/85/277 205/85/277 204/83/277
f 197/78/278 198/81/278 203/81/279 202/78/280
f 200/85/281 201/87/281 206/87/281 205/85/281
f 204/83/282 205/85/283 210/85/284 209/83/285
f 202/78/280 203/81/279 208/81/286 207/78/287
f 205/85/283 206/87/288 211/87/288 210/85/284
f 203/81/289 204/83/282 209/83/285 208/81/289
f 206/87/276 202/89/275 207/89/290 211/87/291
f 723/78/1022 728/78/1026 729/81/1026 724/81/1025
f 726/85/1024 731/85/1027 732/87/1028 727/87/1021
f 724/81/1025 729/81/1029 730/83/1030 725/83/1023
f 727/87/1031 732/87/1031 728/89/1031 723/89/1031
f 725/83/1023 730/83/1030 731/85/1027 726/85/1024
f 729/81/1032 734/81/1032 735/83/1032 730/83/1032
f 732/87/1033 737/87/1034 733/89/1035 728/89/1033
f 730/83/277 735/83/277 736/85/277 731/85/277
f 728/78/1036 733/78/1037 734/81/1038 729/81/1036
f 731/85/1039 736/85/1039 737/87/1039 732/87/1039
f 735/83/1040 740/83/1041 741/85/1042 736/85/1043
f 733/78/1037 738/78/1044 739/81/1045 734/81/1038
f 736/85/1043 741/85/1042 742/87/1046 737/87/1046
f 734/81/1047 739/81/1047 740/83/1041 735/83/1040
f 737/87/1034 742/87/1048 738/89/1049 733/89/1035
usemtl skin
f 322/112/407 303/113/408 283/114/409 311/115/410
f 316/63/411 291/37/412 287/6/413 312/76/414
f 304/36/415 286/21/416 288/21/417 306/36/418
f 315/60/419 293/52/420 281/116/421 310/117/422
f 327/118/423 329/119/424 284/17/425 292/120/426
f 326/121/427 328/122/428 281/123/429 293/124/430
f 312/76/414 287/6/413 289/6/431 314/76/432
f 320/72/433 319/72/434 334/72/435 333/72/433
f 324/125/436 326/121/427 293/124/430 285/10/437
f 323/126/438 327/118/423 292/120/426 280/127/439
f 285/10/440 293/124/441 297/124/441 294/10/442
f 311/115/443 283/114/444 291/37/412 316/63/411
f 317/72/445 294/10/446 297/52/447 318/60/448
f 292/120/426 284/17/425 295/17/449 296/120/450
f 315/60/419 292/45/451 296/45/452 318/60/448
f 295/17/449 284/17/425 299/17/453 301/17/453
f 319/72/434 298/10/454 335/10/455 334/72/435
f 317/72/445 295/17/456 301/17/457 320/72/457
f 285/10/440 294/10/442 300/10/458 298/10/458
f 313/72/459 285/10/460 298/10/460 319/72/461
f 282/128/462 290/129/463 309/130/464 302/131/465
f 287/6/466 291/132/467 308/133/468 305/24/469
f 287/6/466 305/24/469 307/24/470 289/6/471
f 314/76/472 289/6/472 307/24/470 321/68/473
f 291/132/467 283/134/474 303/135/475 308/133/468
f 290/129/463 286/21/416 304/36/415 309/130/464
f 329/119/424 304/36/415 306/36/418 330/136/476
f 331/137/477 328/138/478 303/113/408 322/112/407
f 323/139/479 331/137/477 322/112/407 302/140/480
f 288/21/481 314/76/481 321/68/482 306/36/483
f 284/17/484 313/72/459 319/72/461 299/17/484
f 294/10/446 317/72/445 320/72/485 300/10/485
f 299/17/486 319/72/486 320/72/486 301/17/486
f 293/52/420 315/60/419 318/60/448 297/52/447
f 295/17/456 317/72/445 318/60/448 296/45/452
f 282/141/487 311/115/443 316/63/411 290/15/488
f 300/10/16 320/72/433 333/72/433 336/10/16
f 286/21/489 312/76/414 314/76/432 288/21/490
f 298/10/454 300/10/16 336/10/16 335/10/455
f 292/45/451 315/60/419 310/117/422 280/142/491
f 290/15/488 316/63/411 312/76/414 286/21/489
f 302/140/480 322/112/407 311/115/410 282/141/492
f 306/36/483 321/68/482 332/143/493 330/136/493
f 280/144/494 310/145/495 331/137/477 323/139/479
f 310/145/495 281/146/496 328/138/478 331/137/477
f 334/72/497 335/10/497 336/10/497 333/72/497
f 302/131/465 309/130/464 327/118/423 323/126/438
f 305/24/469 308/133/468 326/121/427 324/125/436
f 305/24/469 324/125/436 325/147/498 307/24/470
f 321/68/473 307/24/470 325/147/498 332/143/499
f 308/133/468 303/135/475 328/122/428 326/121/427
f 309/130/464 304/36/415 329/119/424 327/118/423
f 324/125/500 329/119/500 330/136/500 332/143/500 325/147/500
f 341/119/501 337/125/501 338/10/501 339/72/501 340/17/501
f 324/125/436 285/10/437 338/10/502 337/125/502
f 284/17/425 329/119/424 341/119/503 340/17/503
f 329/119/504 324/125/504 337/125/504 341/119/504
f 313/72/505 284/17/506 340/17/506 339/72/507
f 285/10/508 313/72/505 339/72/507 338/10/508
f 440/148/537 435/149/538 380/150/539 411/130/540
f 417/151/541 400/152/542 385/6/543 418/153/544
f 433/154/545 425/155/546 383/10/547 419/156/548
f 434/35/549 442/157/550 414/158/551 396/36/552
f 424/159/553 429/160/554 382/17/555 399/161/556
f 423/162/557 403/37/558 400/152/542 417/151/541
f 382/17/559 378/163/560 413/59/561 399/164/562
f 432/165/563 427/166/564 389/72/565 378/163/560
f 412/167/566 395/64/567 388/76/568 379/77/569
f 431/118/570 424/159/553 399/161/556 404/120/571
f 378/163/560 389/72/565 386/58/572 413/59/561
f 387/168/573 383/10/574 392/10/574 381/51/575
f 428/169/576 426/170/577 381/171/578 392/10/579
f 437/31/580 385/6/581 393/6/582 439/31/583
f 425/155/546 397/24/584 401/24/585 428/169/586
f 419/156/587 383/10/588 387/168/589 420/50/590
f 390/14/591 412/167/566 379/77/569 384/21/592
f 442/157/550 438/67/593 398/68/594 414/158/551
f 439/31/595 436/172/596 391/173/597 401/24/598
f 435/149/538 434/35/599 396/36/600 380/150/539
f 443/174/601 437/31/580 397/24/584 421/40/602
f 402/15/603 415/62/604 412/167/566 390/14/591
f 405/52/605 387/168/573 381/51/575 409/52/605
f 436/172/596 441/175/606 410/133/607 391/173/597
f 400/152/542 403/37/558 408/37/608 394/3/609
f 399/164/562 413/59/561 416/61/610 404/45/611
f 426/170/577 430/121/612 409/124/613 381/171/578
f 415/62/604 407/63/614 395/64/567 412/167/566
f 413/59/561 386/58/572 406/60/615 416/61/610
f 429/160/616 432/165/563 378/163/560 382/17/559
f 420/50/590 387/168/589 405/52/617 422/176/618
f 385/6/543 400/152/542 394/3/609 393/6/619
f 386/58/572 420/50/590 422/176/618 406/60/615
f 438/67/593 443/174/601 421/40/602 398/68/594
f 389/72/565 419/156/587 420/50/590 386/58/572
f 407/63/614 423/162/557 417/151/541 395/64/567
f 427/166/564 433/154/545 419/156/548 389/72/565
f 395/64/567 417/151/541 418/153/544 388/76/568
f 398/68/594 421/40/602 433/154/545 427/166/564
f 396/36/552 414/158/551 432/165/563 429/160/616
f 391/173/597 410/133/607 430/121/612 426/170/577
f 383/10/620 425/155/546 428/169/586 392/10/620
f 401/24/598 391/173/597 426/170/577 428/169/576
f 411/130/540 380/150/539 424/159/553 431/118/570
f 414/158/551 398/68/594 427/166/564 432/165/563
f 380/150/539 396/36/600 429/160/554 424/159/553
f 421/40/602 397/24/584 425/155/546 433/154/545
f 388/76/621 418/153/622 443/174/601 438/67/593
f 394/177/623 408/132/624 441/175/606 436/172/596
f 418/153/622 385/6/581 437/31/580 443/174/601
f 390/178/625 384/21/626 434/35/599 435/149/538
f 393/6/627 394/177/623 436/172/596 439/31/595
f 379/77/569 388/76/621 438/67/593 442/157/550
f 397/24/584 437/31/580 439/31/583 401/24/585
f 384/21/592 379/77/569 442/157/550 434/35/549
f 402/129/628 390/178/625 435/149/538 440/148/537
f 444/78/629 445/79/629 447/80/629 446/81/629
f 446/81/630 447/80/630 449/82/630 448/83/630
f 448/83/631 449/82/631 451/84/631 450/85/631
f 450/85/632 451/84/632 453/86/632 452/87/632
f 452/87/633 453/86/633 445/88/633 444/89/633
f 463/179/634 455/146/635 457/114/635 464/180/636
f 485/181/637 473/182/638 461/6/639 466/183/640
f 466/183/641 461/6/642 459/10/642 468/184/643
f 474/185/644 475/186/645 490/186/646 496/185/644
f 470/187/647 460/21/648 458/17/648 475/186/649
f 472/188/650 457/134/651 455/123/651 477/189/652
f 458/17/653 469/190/654 488/190/655 489/17/656
f 469/190/654 468/184/657 495/184/658 488/190/655
f 460/21/659 467/191/660 469/190/661 458/17/659
f 467/191/660 466/183/641 468/184/643 469/190/661
f 470/192/662 483/193/663 467/191/664 460/21/665
f 483/193/663 485/181/637 466/183/640 467/191/664
f 454/144/666 462/194/667 465/195/668 456/141/666
f 462/194/667 463/179/634 464/180/636 465/195/668
f 465/195/669 464/180/670 484/196/671 482/197/672
f 482/197/672 484/196/671 485/181/637 483/193/663
f 456/141/673 465/195/669 482/197/672 471/198/674
f 471/198/674 482/197/672 483/193/663 470/192/662
f 462/194/675 454/144/676 492/144/677 493/194/678
f 454/127/676 474/185/679 496/185/679 492/127/677
f 468/184/657 459/10/680 494/10/681 495/184/658
f 455/146/682 463/179/683 486/179/684 487/146/685
f 461/6/686 473/199/687 476/200/688 459/10/686
f 473/199/687 472/188/650 477/189/652 476/200/688
f 456/128/689 471/201/689 474/185/689 454/127/689
f 471/201/690 470/187/647 475/186/649 474/185/690
f 476/200/691 477/189/692 491/189/693 497/200/694
f 477/189/692 455/123/682 487/123/685 491/189/693
f 464/180/670 457/114/695 472/202/696 484/196/671
f 484/196/671 472/202/696 473/182/638 485/181/637
f 493/194/697 492/144/698 500/144/698 501/194/699
f 488/190/700 495/184/701 503/184/702 479/190/703
f 487/146/704 486/179/705 481/179/706 480/146/704
f 492/127/707 496/185/708 506/185/709 500/127/710
f 491/189/711 487/123/712 480/123/713 499/189/714
f 497/200/715 491/189/711 499/189/714 507/200/716
f 495/184/701 494/10/717 502/10/718 503/184/702
f 490/186/719 489/17/720 478/17/721 498/186/722
f 494/10/717 497/200/715 507/200/716 502/10/718
f 463/179/683 462/194/675 493/194/678 486/179/684
f 475/186/645 458/17/653 489/17/656 490/186/646
f 459/10/680 476/200/691 497/200/694 494/10/681
f 505/203/723 499/204/714 480/116/713 481/205/706
f 506/206/709 504/207/724 501/208/699 500/142/710
f 504/207/724 505/203/723 481/205/706 501/208/699
f 479/190/703 503/184/702 509/209/725 508/210/726
f 508/210/726 509/209/725 505/203/723 504/207/724
f 478/17/721 479/190/703 508/210/726 498/211/722
f 498/211/722 508/210/726 504/207/724 506/206/709
f 503/184/702 502/10/718 507/212/716 509/209/725
f 509/209/725 507/212/716 499/204/714 505/203/723
f 496/185/708 490/186/719 498/186/722 506/185/709
f 489/17/720 488/190/700 479/190/703 478/17/721
f 486/179/705 493/194/697 501/194/699 481/179/706
f 853/112/1158 842/115/1159 814/114/1160 834/113/1161
f 847/63/1162 843/76/1163 818/6/1164 822/37/1165
f 835/36/1166 837/36/1167 819/21/1168 817/21/1169
f 846/60/1170 841/117/1171 812/116/1172 824/52/1173
f 858/118/1174 823/120/1175 815/17/1176 860/119/1177
f 857/121/1178 824/124/1179 812/123/1180 859/122/1181
f 843/76/1163 845/76/1182 820/6/1183 818/6/1164
f 851/72/16 864/72/16 865/72/16 850/72/16
f 855/125/1184 816/10/1185 824/124/1179 857/121/1178
f 854/126/1186 811/127/1187 823/120/1175 858/118/1174
f 816/10/1188 825/10/1189 828/124/1190 824/124/1190
f 842/115/1191 847/63/1162 822/37/1165 814/114/1192
f 848/72/1193 849/60/1194 828/52/1195 825/10/1196
f 823/120/1175 827/120/1197 826/17/1198 815/17/1176
f 846/60/1170 849/60/1194 827/45/1199 823/45/1200
f 826/17/1198 832/17/1201 830/17/1201 815/17/1176
f 850/72/16 865/72/16 866/10/16 829/10/16
f 848/72/1193 851/72/1202 832/17/1202 826/17/1203
f 816/10/1188 829/10/1204 831/10/1204 825/10/1189
f 844/72/1205 850/72/1206 829/10/1207 816/10/1207
f 813/128/1208 833/131/1209 840/130/1210 821/129/1211
f 818/6/1212 836/24/1213 839/133/1214 822/132/1215
f 818/6/1212 820/6/1216 838/24/1217 836/24/1213
f 845/76/1218 852/68/1219 838/24/1217 820/6/1218
f 822/132/1215 839/133/1214 834/135/1220 814/134/1221
f 821/129/1211 840/130/1210 835/36/1166 817/21/1169
f 860/119/1177 861/136/1222 837/36/1167 835/36/1166
f 862/137/1223 853/112/1158 834/113/1161 859/138/1224
f 854/139/1225 833/140/1226 853/112/1158 862/137/1223
f 819/21/1227 837/36/1228 852/68/1229 845/76/1227
f 815/17/1230 830/17/1230 850/72/1206 844/72/1205
f 825/10/1196 831/10/1231 851/72/1231 848/72/1193
f 830/17/1232 832/17/1232 851/72/1232 850/72/1232
f 824/52/1173 828/52/1195 849/60/1194 846/60/1170
f 826/17/1203 827/45/1199 849/60/1194 848/72/1193
f 813/141/1233 821/15/1234 847/63/1162 842/115/1191
f 831/10/16 867/10/16 864/72/16 851/72/16
f 817/21/1235 819/21/1236 845/76/1182 843/76/1163
f 829/10/16 866/10/16 867/10/16 831/10/16
f 823/45/1200 811/142/1237 841/117/1171 846/60/1170
f 821/15/1234 817/21/1235 843/76/1163 847/63/1162
f 833/140/1226 813/141/1238 842/115/1159 853/112/1158
f 837/36/1228 861/136/1239 863/143/1239 852/68/1229
f 811/144/1240 854/139/1225 862/137/1223 841/145/1241
f 841/145/1241 862/137/1223 859/138/1224 812/146/1242
f 865/72/1243 864/72/1243 867/10/1243 866/10/1243
f 833/131/1209 854/126/1186 858/118/1174 840/130/1210
f 836/24/1213 855/125/1184 857/121/1178 839/133/1214
f 836/24/1213 838/24/1217 856/147/1244 855/125/1184
f 852/68/1219 863/143/1245 856/147/1244 838/24/1217
f 839/133/1214 857/121/1178 859/122/1181 834/135/1220
f 840/130/1210 858/118/1174 860/119/1177 835/36/1166
f 855/125/1246 856/147/1246 863/143/1246 861/136/1246 860/119/1246
f 872/119/1247 871/17/1247 870/72/1247 869/10/1247 868/125/1247
f 855/125/1184 868/125/1248 869/10/1248 816/10/1185
f 815/17/1176 871/17/1249 872/119/1249 860/119/1177
f 860/119/1250 872/119/1250 868/125/1250 855/125/1250
f 844/72/1251 870/72/1252 871/17/1253 815/17/1253
f 816/10/1254 869/10/1254 870/72/1252 844/72/1251
f 440/148/537 411/130/540 911/150/1283 950/149/1284
f 936/151/1285 937/153/1286 916/6/1287 931/152/1288
f 948/154/1289 938/156/1290 914/10/1291 942/155/1292
f 949/35/1293 927/36/1294 935/158/1295 955/157/1296
f 941/159/1297 930/161/1298 913/17/1299 946/160/1300
f 423/162/557 936/151/1285 931/152/1288 403/37/558
f 913/17/1301 930/164/1302 934/59/1303 909/163/1304
f 947/165/1305 909/163/1304 920/72/1306 944/166/1307
f 933/167/1308 910/77/1309 919/76/1310 926/64/1311
f 431/118/570 404/120/1312 930/161/1298 941/159/1297
f 909/163/1304 934/59/1303 917/58/1313 920/72/1306
f 918/168/1314 912/51/1315 923/10/1316 914/10/1316
f 945/169/1317 923/10/1318 912/171/1319 943/170/1320
f 952/31/1321 954/31/1322 924/6/1323 916/6/1324
f 942/155/1292 945/169/1325 932/24/1326 928/24/1327
f 938/156/1328 939/50/1329 918/168/1330 914/10/1331
f 921/14/1332 915/21/1333 910/77/1309 933/167/1308
f 955/157/1296 935/158/1295 929/68/1334 953/67/1335
f 954/31/1336 932/24/1337 922/173/1338 951/172/1339
f 950/149/1284 911/150/1283 927/36/1340 949/35/1341
f 956/174/1342 940/40/1343 928/24/1327 952/31/1321
f 402/15/1344 921/14/1332 933/167/1308 415/62/604
f 405/52/605 409/52/605 912/51/1315 918/168/1314
f 951/172/1339 922/173/1338 410/133/607 441/175/606
f 931/152/1288 925/3/1345 408/37/608 403/37/558
f 930/164/1302 404/45/1346 416/61/610 934/59/1303
f 943/170/1320 912/171/1319 409/124/613 430/121/612
f 415/62/604 933/167/1308 926/64/1311 407/63/614
f 934/59/1303 416/61/610 406/60/615 917/58/1313
f 946/160/1347 913/17/1301 909/163/1304 947/165/1305
f 939/50/1329 422/176/618 405/52/617 918/168/1330
f 916/6/1287 924/6/1348 925/3/1345 931/152/1288
f 917/58/1313 406/60/615 422/176/618 939/50/1329
f 953/67/1335 929/68/1334 940/40/1343 956/174/1342
f 920/72/1306 917/58/1313 939/50/1329 938/156/1328
f 407/63/614 926/64/1311 936/151/1285 423/162/557
f 944/166/1307 920/72/1306 938/156/1290 948/154/1289
f 926/64/1311 919/76/1310 937/153/1286 936/151/1285
f 929/68/1334 944/166/1307 948/154/1289 940/40/1343
f 927/36/1294 946/160/1347 947/165/1305 935/158/1295
f 922/173/1338 943/170/1320 430/121/612 410/133/607
f 914/10/1349 923/10/1349 945/169/1325 942/155/1292
f 932/24/1337 945/169/1317 943/170/1320 922/173/1338
f 411/130/540 431/118/570 941/159/1297 911/150/1283
f 935/158/1295 947/165/1305 944/166/1307 929/68/1334
f 911/150/1283 941/159/1297 946/160/1300 927/36/1340
f 940/40/1343 948/154/1289 942/155/1292 928/24/1327
f 919/76/1350 953/67/1335 956/174/1342 937/153/1351
f 925/177/1352 951/172/1339 441/175/606 408/132/624
f 937/153/1351 956/174/1342 952/31/1321 916/6/1324
f 921/178/1353 950/149/1284 949/35/1341 915/21/1354
f 924/6/1355 954/31/1336 951/172/1339 925/177/1352
f 910/77/1309 955/157/1296 953/67/1335 919/76/1350
f 928/24/1327 932/24/1326 954/31/1322 952/31/1321
f 915/21/1333 949/35/1293 955/157/1296 910/77/1309
f 402/129/1356 440/148/537 950/149/1284 921/178/1353
f 444/78/633 957/81/633 958/80/633 445/79/633
f 957/81/632 959/83/632 960/82/632 958/80/632
f 959/83/631 961/85/631 962/84/631 960/82/631
f 961/85/630 963/87/630 964/86/630 962/84/630
f 963/87/629 444/89/629 445/88/629 964/86/629
f 974/179/1357 975/180/1358 968/114/1359 966/146/1359
f 996/181/1360 977/183/1361 972/6/1362 984/182/1363
f 977/183/1364 979/184/1365 970/10/1366 972/6/1366
f 985/185/1367 1007/185/1367 1001/186/1368 986/186/1369
f 981/187/1370 986/186/1371 969/17/1372 971/21/1372
f 983/188/1373 988/189/1374 966/123/1375 968/134/1375
f 969/17/1376 1000/17/1377 999/190/1378 980/190/1379
f 980/190/1379 999/190/1378 1006/184/1380 979/184/1381
f 971/21/1382 969/17/1382 980/190/1383 978/191/1384
f 978/191/1384 980/190/1383 979/184/1365 977/183/1364
f 981/192/1385 971/21/1386 978/191/1387 994/193/1388
f 994/193/1388 978/191/1387 977/183/1361 996/181/1360
f 965/144/1389 967/141/1389 976/195/1390 973/194/1391
f 973/194/1391 976/195/1390 975/180/1358 974/179/1357
f 976/195/1392 993/197/1393 995/196/1394 975/180/1395
f 993/197/1393 994/193/1388 996/181/1360 995/196/1394
f 967/141/1396 982/198/1397 993/197/1393 976/195/1392
f 982/198/1397 981/192/1385 994/193/1388 993/197/1393
f 973/194/1398 1004/194/1399 1003/144/1400 965/144/1401
f 965/127/1401 1003/127/1400 1007/185/1402 985/185/1402
f 979/184/1381 1006/184/1380 1005/10/1403 970/10/1404
f 966/146/1405 998/146/1406 997/179/1407 974/179/1408
f 972/6/1409 970/10/1409 987/200/1410 984/199/1411
f 984/199/1411 987/200/1410 988/189/1374 983/188/1373
f 967/128/1412 965/127/1412 985/185/1412 982/201/1412
f 982/201/1413 985/185/1413 986/186/1371 981/187/1370
f 987/200/1414 1008/200/1415 1002/189/1416 988/189/1417
f 988/189/1417 1002/189/1416 998/123/1406 966/123/1405
f 975/180/1395 995/196/1394 983/202/1418 968/114/1419
f 995/196/1394 996/181/1360 984/182/1363 983/202/1418
f 1004/194/1420 1012/194/1421 1011/144/1422 1003/144/1422
f 999/190/1423 990/190/1424 1014/184/1425 1006/184/1426
f 998/146/1427 991/146/1427 992/179/1428 997/179/1429
f 1003/127/1430 1011/127/1431 1017/185/1432 1007/185/1433
f 1002/189/1434 1010/189/1435 991/123/1436 998/123/1437
f 1008/200/1438 1018/200/1439 1010/189/1435 1002/189/1434
f 1006/184/1426 1014/184/1425 1013/10/1440 1005/10/1441
f 1001/186/1442 1009/186/1443 989/17/1444 1000/17/1445
f 1005/10/1441 1013/10/1440 1018/200/1439 1008/200/1438
f 974/179/1408 997/179/1407 1004/194/1399 973/194/1398
f 986/186/1369 1001/186/1368 1000/17/1377 969/17/1376
f 970/10/1404 1005/10/1403 1008/200/1415 987/200/1414
f 1016/203/1446 992/205/1428 991/116/1436 1010/204/1435
f 1017/206/1432 1011/142/1431 1012/208/1421 1015/207/1447
f 1015/207/1447 1012/208/1421 992/205/1428 1016/203/1446
f 990/190/1424 1019/210/1448 1020/209/1449 1014/184/1425
f 1019/210/1448 1015/207/1447 1016/203/1446 1020/209/1449
f 989/17/1444 1009/211/1443 1019/210/1448 990/190/1424
f 1009/211/1443 1017/206/1432 1015/207/1447 1019/210/1448
f 1014/184/1425 1020/209/1449 1018/212/1439 1013/10/1440
f 1020/209/1449 1016/203/1446 1010/204/1435 1018/212/1439
f 1007/185/1433 1017/185/1432 1009/186/1443 1001/186/1442
f 1000/17/1445 989/17/1444 990/190/1424 999/190/1423
f 997/179/1429 992/179/1428 1012/194/1421 1004/194/1420
usemtl hair
f 536/151/727 525/152/728 514/6/729 537/153/730
f 539/162/731 528/37/732 525/152/728 536/151/727
f 534/167/733 522/64/734 516/76/735 510/77/736
f 555/51/737 556/213/738 519/10/739 511/51/740
f 542/169/741 541/170/742 511/171/743 519/10/744
f 563/31/745 557/214/746 520/6/747 550/31/748
f 562/215/749 558/216/750 526/24/751 542/169/752
f 517/14/753 534/167/733 510/77/736 513/21/754
f 550/31/748 547/172/755 518/173/756 526/24/757
f 554/174/758 548/31/759 523/24/760 538/40/761
f 527/15/762 535/62/763 534/167/733 517/14/753
f 561/52/764 555/51/737 511/51/740 532/52/765
f 547/172/755 552/175/766 533/133/767 518/173/756
f 559/217/768 560/37/769 531/37/770 521/3/771
f 541/170/742 543/121/772 532/124/773 511/171/743
f 535/62/763 530/63/774 522/64/734 534/167/733
f 557/214/746 559/217/768 521/3/771 520/6/747
f 549/67/775 554/174/758 538/40/761 524/68/776
f 530/63/774 539/162/731 536/151/727 522/64/734
f 522/64/734 536/151/727 537/153/730 516/76/735
f 518/173/756 533/133/767 543/121/772 541/170/742
f 556/213/777 562/215/749 542/169/752 519/10/778
f 526/24/757 518/173/756 541/170/742 542/169/741
f 538/40/761 523/24/760 540/155/779 544/154/780
f 516/76/781 537/153/782 554/174/758 549/67/775
f 521/177/771 531/132/783 552/175/766 547/172/755
f 537/153/782 514/6/784 548/31/759 554/174/758
f 517/178/785 513/21/754 545/35/786 546/149/787
f 520/6/747 521/177/771 547/172/755 550/31/748
f 510/77/736 516/76/781 549/67/775 553/157/788
f 558/216/750 563/31/745 550/31/748 526/24/751
f 513/21/754 510/77/736 553/157/788 545/35/786
f 527/129/789 517/178/785 546/149/787 551/148/789
f 512/10/790 544/154/780 540/155/779
f 524/68/776 538/40/761 544/154/780
f 523/24/760 548/31/759 563/31/745 558/216/750
f 512/10/790 540/155/779 562/215/749 556/213/777
f 514/6/729 525/152/728 559/217/768 557/214/746
f 525/152/728 528/37/732 560/37/769 559/217/768
f 529/52/791 515/168/792 555/51/737 561/52/764
f 540/155/779 523/24/760 558/216/750 562/215/749
f 548/31/759 514/6/784 557/214/746 563/31/745
f 515/168/792 512/10/793 556/213/738 555/51/737
f 1039/151/1450 1040/153/1451 1025/6/1452 1036/152/1453
f 539/162/731 1039/151/1450 1036/152/1453 528/37/732
f 1038/167/1454 1021/77/1455 1027/76/1456 1033/64/1457
f 1054/51/1458 1022/51/1459 1030/10/1460 1055/213/1461
f 1044/169/1462 1030/10/1463 1022/171/1464 1043/170/1465
f 1060/31/1466 1051/31/1467 1031/6/1468 1056/214/1469
f 1059/215/1470 1044/169/1471 1037/24/1472 1057/216/1473
f 1028/14/1474 1024/21/1475 1021/77/1455 1038/167/1454
f 1051/31/1467 1037/24/1476 1029/173/1477 1048/172/1478
f 1053/174/1479 1041/40/1480 1034/24/1481 1049/31/1482
f 527/15/1483 1028/14/1474 1038/167/1454 535/62/763
f 561/52/764 532/52/765 1022/51/1459 1054/51/1458
f 1048/172/1478 1029/173/1477 533/133/767 552/175/766
f 1058/217/1484 1032/3/1485 531/37/770 560/37/769
f 1043/170/1465 1022/171/1464 532/124/773 543/121/772
f 535/62/763 1038/167/1454 1033/64/1457 530/63/774
f 1056/214/1469 1031/6/1468 1032/3/1485 1058/217/1484
f 1050/67/1486 1035/68/1487 1041/40/1480 1053/174/1479
f 530/63/774 1033/64/1457 1039/151/1450 539/162/731
f 1033/64/1457 1027/76/1456 1040/153/1451 1039/151/1450
f 1029/173/1477 1043/170/1465 543/121/772 533/133/767
f 1055/213/1488 1030/10/1489 1044/169/1471 1059/215/1470
f 1037/24/1476 1044/169/1462 1043/170/1465 1029/173/1477
f 1041/40/1480 1045/154/1490 1042/155/1491 1034/24/1481
f 1027/76/1492 1050/67/1486 1053/174/1479 1040/153/1493
f 1032/177/1485 1048/172/1478 552/175/766 531/132/783
f 1040/153/1493 1053/174/1479 1049/31/1482 1025/6/1494
f 1028/178/1495 1047/149/1496 1046/35/1497 1024/21/1475
f 1031/6/1468 1051/31/1467 1048/172/1478 1032/177/1485
f 1021/77/1455 1052/157/1498 1050/67/1486 1027/76/1492
f 1057/216/1473 1037/24/1472 1051/31/1467 1060/31/1466
f 1024/21/1475 1046/35/1497 1052/157/1498 1021/77/1455
f 527/129/789 551/148/789 1047/149/1496 1028/178/1495
f 1023/10/1499 1042/155/1491 1045/154/1490
f 1035/68/1487 1045/154/1490 1041/40/1480
f 1034/24/1481 1057/216/1473 1060/31/1466 1049/31/1482
f 1023/10/1499 1055/213/1488 1059/215/1470 1042/155/1491
f 1025/6/1452 1056/214/1469 1058/217/1484 1036/152/1453
f 1036/152/1453 1058/217/1484 560/37/769 528/37/732
f 529/52/791 561/52/764 1054/51/1458 1026/168/1500
f 1042/155/1491 1059/215/1470 1057/216/1473 1034/24/1481
f 1049/31/1482 1060/31/1466 1056/214/1469 1025/6/1494
f 1026/168/1500 1054/51/1458 1055/213/1461 1023/10/1501
